student_id,job_id,total_required_skills,skills_matched,skills_missing,match_percentage,mandatory_required,mandatory_matched,mandatory_match_percentage,average_skill_gap,max_skill_gap,student_experience,required_experience,experience_gap,projects,certifications,selected
SYN00000,1,4,3,1,75.0,2,1,50.0,1.23,1.91,3.03,1.0,0.0,3,4,0
SYN00001,2,10,4,6,40.0,7,1,14.29,1.23,1.77,3.39,2.0,0.0,0,0,0
SYN00002,4,9,0,9,0.0,4,2,50.0,1.59,2.62,1.1,1.0,0.0,0,3,0
SYN00003,5,7,1,6,14.29,4,2,50.0,0.74,1.2,3.47,3.0,0.0,6,2,0
SYN00004,6,7,7,0,100.0,4,2,50.0,0.03,0.71,0.46,0.0,0.0,6,3,1
SYN00005,4,10,5,5,50.0,4,4,100.0,0.02,2.51,0.0,1.0,1.0,0,3,1
SYN00006,3,4,2,2,50.0,2,2,100.0,2.14,2.76,1.88,0.5,0.0,2,4,0
SYN00007,8,9,9,0,100.0,5,5,100.0,2.3,3.87,0.83,0.0,0.0,3,3,1
SYN00008,6,5,5,0,100.0,3,1,33.33,1.94,3.32,2.88,2.0,0.0,0,2,0
SYN00009,1,4,2,2,50.0,3,3,100.0,0.89,0.94,0.0,2.0,2.0,3,2,0
SYN00010,5,8,4,4,50.0,5,5,100.0,1.7,3.26,2.54,2.0,0.0,7,4,1
SYN00011,2,11,6,5,54.55,8,5,62.5,0.2,1.65,3.21,2.0,0.0,4,3,1
SYN00012,8,9,6,3,66.67,5,4,80.0,0.26,1.45,1.98,2.0,0.02,7,3,1
SYN00013,2,10,10,0,100.0,4,4,100.0,0.42,2.93,0.4,1.0,0.6,3,3,1
SYN00014,5,9,6,3,66.67,4,3,75.0,1.33,3.42,0.0,1.0,1.0,6,1,1
SYN00015,1,10,8,2,80.0,6,4,66.67,0.72,2.3,0.28,2.0,1.72,7,4,1
SYN00016,9,8,7,1,87.5,4,2,50.0,1.51,3.18,2.19,2.0,0.0,4,3,1
SYN00017,1,5,2,3,40.0,4,0,0.0,0.47,0.58,0.22,0.5,0.28,6,0,0
SYN00018,6,10,8,2,80.0,7,5,71.43,1.49,5.0,0.7,1.0,0.3,1,3,1
SYN00019,5,7,4,3,57.14,4,2,50.0,1.21,1.88,2.33,0.5,0.0,7,4,1
SYN00020,1,8,0,8,0.0,5,2,40.0,2.23,5.0,0.49,2.0,1.51,7,3,0
SYN00021,9,6,0,6,0.0,3,2,66.67,0.47,5.0,0.09,0.5,0.41,4,4,0
SYN00022,4,5,2,3,40.0,3,1,33.33,1.13,1.18,4.03,2.0,0.0,0,3,0
SYN00023,8,11,8,3,72.73,5,4,80.0,2.31,2.38,1.63,2.0,0.37,2,4,1
SYN00024,5,10,6,4,60.0,5,4,80.0,1.85,3.01,5.08,5.0,0.0,2,2,1
SYN00025,2,9,6,3,66.67,5,3,60.0,0.09,1.37,0.79,1.0,0.21,7,1,1
SYN00026,3,7,7,0,100.0,3,2,66.67,1.77,3.76,3.85,3.0,0.0,0,2,1
SYN00027,2,10,3,7,30.0,7,2,28.57,2.22,4.4,0.0,2.0,2.0,0,4,0
SYN00028,4,8,5,3,62.5,3,3,100.0,0.41,1.56,0.0,0.0,0.0,6,3,1
SYN00029,6,7,5,2,71.43,3,2,66.67,0.76,1.12,1.07,1.0,0.0,7,0,0
SYN00030,5,7,3,4,42.86,5,4,80.0,0.46,0.52,0.0,1.0,1.0,2,1,1
SYN00031,3,5,3,2,60.0,4,3,75.0,1.32,1.54,0.41,0.0,0.0,0,0,0
SYN00032,4,4,1,3,25.0,2,1,50.0,2.64,4.23,1.94,1.0,0.0,7,4,0
SYN00033,5,8,8,0,100.0,5,1,20.0,0.54,3.1,0.54,0.0,0.0,6,1,1
SYN00034,3,11,5,6,45.45,8,7,87.5,0.77,1.51,4.14,2.0,0.0,5,0,1
SYN00035,7,4,4,0,100.0,2,2,100.0,0.15,0.5,0.48,1.0,0.52,6,4,0
SYN00036,3,10,6,4,60.0,6,3,50.0,0.64,0.67,1.1,0.5,0.0,7,4,1
SYN00037,9,10,9,1,90.0,4,3,75.0,0.36,0.9,2.57,2.0,0.0,5,4,1
SYN00038,3,6,4,2,66.67,3,3,100.0,0.6,2.34,2.72,3.0,0.28,0,1,0
SYN00039,2,9,5,4,55.56,7,7,100.0,1.32,1.36,4.36,3.0,0.0,6,2,1
SYN00040,9,5,2,3,40.0,4,2,50.0,1.6,2.66,3.35,3.0,0.0,0,2,1
SYN00041,1,10,6,4,60.0,8,2,25.0,0.11,0.25,1.56,3.0,1.44,0,3,1
SYN00042,1,9,6,3,66.67,6,2,33.33,2.0,2.56,1.9,1.0,0.0,3,4,1
SYN00043,3,6,2,4,33.33,4,2,50.0,0.12,0.48,0.4,1.0,0.6,2,2,1
SYN00044,2,4,2,2,50.0,3,3,100.0,0.97,1.18,0.61,1.0,0.39,4,2,1
SYN00045,5,11,5,6,45.45,7,3,42.86,1.67,2.09,2.7,3.0,0.3,2,0,0
SYN00046,8,7,7,0,100.0,4,2,50.0,0.85,1.62,0.88,0.0,0.0,6,0,1
SYN00047,1,11,6,5,54.55,6,3,50.0,1.89,1.98,2.29,1.0,0.0,7,3,1
SYN00048,5,9,9,0,100.0,5,3,60.0,0.34,0.56,0.31,0.5,0.19,7,2,1
SYN00049,3,10,6,4,60.0,5,3,60.0,1.86,2.14,2.74,3.0,0.26,3,0,0
SYN00050,7,10,7,3,70.0,6,2,33.33,0.61,0.65,0.0,1.0,1.0,4,0,0
SYN00051,3,5,1,4,20.0,2,2,100.0,0.94,1.25,2.15,3.0,0.85,0,3,0
SYN00052,3,6,3,3,50.0,4,2,50.0,1.85,2.21,1.86,3.0,1.14,7,4,0
SYN00053,1,7,5,2,71.43,3,3,100.0,0.37,0.77,0.87,0.5,0.0,2,1,1
SYN00054,1,7,7,0,100.0,4,1,25.0,1.3,1.3,1.87,2.0,0.13,1,2,1
SYN00055,9,4,3,1,75.0,2,2,100.0,0.3,1.11,0.0,1.0,1.0,6,1,1
SYN00056,4,8,8,0,100.0,4,4,100.0,0.84,1.75,1.18,1.0,0.0,7,4,1
SYN00057,8,5,4,1,80.0,4,2,50.0,0.49,1.48,0.92,1.0,0.08,7,3,1
SYN00058,9,9,9,0,100.0,5,3,60.0,0.37,0.74,0.0,2.0,2.0,0,1,1
SYN00059,6,9,5,4,55.56,5,2,40.0,2.62,3.44,2.33,1.0,0.0,7,2,1
SYN00060,5,11,11,0,100.0,5,2,40.0,0.51,1.24,3.21,2.0,0.0,3,2,1
SYN00061,8,9,4,5,44.44,7,5,71.43,0.35,0.51,1.71,2.0,0.29,1,4,0
SYN00062,7,6,2,4,33.33,4,3,75.0,0.11,0.54,1.42,1.0,0.0,1,2,1
SYN00063,3,11,3,8,27.27,6,1,16.67,2.11,2.76,0.0,0.0,0.0,5,3,0
SYN00064,9,7,7,0,100.0,3,3,100.0,1.08,1.57,0.0,0.0,0.0,6,2,1
SYN00065,8,6,5,1,83.33,4,2,50.0,1.07,1.66,3.6,1.0,0.0,3,1,1
SYN00066,1,11,6,5,54.55,9,6,66.67,0.04,0.63,5.9,5.0,0.0,4,3,0
SYN00067,7,6,5,1,83.33,3,1,33.33,0.12,0.56,2.13,1.0,0.0,5,3,1
SYN00068,1,4,3,1,75.0,2,1,50.0,1.92,3.36,1.66,2.0,0.34,3,4,1
SYN00069,3,7,7,0,100.0,3,2,66.67,0.3,1.3,4.35,3.0,0.0,6,0,1
SYN00070,6,10,2,8,20.0,4,3,75.0,0.16,0.22,0.0,1.0,1.0,2,4,0
SYN00071,7,5,3,2,60.0,3,2,66.67,0.11,0.59,0.71,1.0,0.29,2,3,0
SYN00072,2,7,3,4,42.86,6,5,83.33,0.68,1.31,3.89,3.0,0.0,3,1,1
SYN00073,5,5,1,4,20.0,4,3,75.0,0.29,3.58,1.25,2.0,0.75,4,1,1
SYN00074,1,9,8,1,88.89,6,5,83.33,1.0,1.78,1.09,0.0,0.0,2,3,1
SYN00075,5,7,4,3,57.14,3,2,66.67,1.61,2.24,2.36,2.0,0.0,2,1,1
SYN00076,3,6,5,1,83.33,5,4,80.0,2.42,4.3,3.25,3.0,0.0,2,1,1
SYN00077,9,5,5,0,100.0,3,2,66.67,0.6,1.33,1.14,2.0,0.86,3,2,1
SYN00078,8,8,4,4,50.0,4,4,100.0,0.31,2.2,2.49,2.0,0.0,5,3,1
SYN00079,4,9,4,5,44.44,6,4,66.67,0.79,1.73,4.32,2.0,0.0,2,4,1
SYN00080,4,11,7,4,63.64,5,3,60.0,0.72,1.32,2.21,2.0,0.0,5,4,1
SYN00081,9,7,6,1,85.71,5,3,60.0,2.68,5.0,1.17,0.5,0.0,2,1,1
SYN00082,8,5,2,3,40.0,4,2,50.0,1.59,2.71,3.84,3.0,0.0,1,0,0
SYN00083,8,10,4,6,40.0,7,5,71.43,0.22,1.31,0.0,0.0,0.0,2,4,1
SYN00084,5,9,8,1,88.89,6,4,66.67,1.85,1.92,1.84,2.0,0.16,6,4,1
SYN00085,4,9,6,3,66.67,5,2,40.0,0.28,0.36,0.8,1.0,0.2,2,2,1
SYN00086,6,4,0,4,0.0,2,2,100.0,1.25,5.0,0.0,2.0,2.0,5,3,1
SYN00087,7,6,2,4,33.33,4,4,100.0,0.95,1.49,2.95,2.0,0.0,4,1,0
SYN00088,1,10,10,0,100.0,6,6,100.0,1.0,1.14,0.88,2.0,1.12,5,3,1
SYN00089,2,10,7,3,70.0,8,4,50.0,0.17,0.37,1.32,0.5,0.0,4,3,0
SYN00090,4,7,3,4,42.86,3,3,100.0,0.55,0.64,1.09,2.0,0.91,7,1,0
SYN00091,5,10,6,4,60.0,5,1,20.0,0.76,3.24,2.95,0.5,0.0,7,3,1
SYN00092,2,10,6,4,60.0,5,4,80.0,1.32,1.88,0.0,0.0,0.0,2,1,0
SYN00093,1,7,5,2,71.43,5,1,20.0,2.08,2.21,3.31,1.0,0.0,3,2,0
SYN00094,5,11,3,8,27.27,8,3,37.5,0.05,0.35,4.79,5.0,0.21,2,0,0
SYN00095,2,6,2,4,33.33,5,4,80.0,0.19,0.64,4.94,5.0,0.06,5,0,0
SYN00096,2,5,3,2,60.0,3,1,33.33,0.51,1.75,2.88,1.0,0.0,3,3,1
SYN00097,4,9,5,4,55.56,5,2,40.0,0.18,1.19,0.9,2.0,1.1,7,4,1
SYN00098,9,9,7,2,77.78,4,2,50.0,1.59,3.59,0.56,0.5,0.0,5,2,1
SYN00099,1,5,1,4,20.0,3,3,100.0,2.18,2.31,1.15,0.5,0.0,3,4,0
SYN00100,5,10,7,3,70.0,5,2,40.0,1.79,3.45,2.48,2.0,0.0,2,4,0
SYN00101,9,5,4,1,80.0,3,2,66.67,0.19,0.92,2.05,2.0,0.0,6,3,1
SYN00102,1,10,7,3,70.0,6,3,50.0,0.84,1.2,1.89,2.0,0.11,6,4,1
SYN00103,8,4,3,1,75.0,2,2,100.0,0.97,1.23,1.02,0.0,0.0,7,3,1
SYN00104,8,10,6,4,60.0,6,5,83.33,0.57,0.61,1.21,1.0,0.0,4,4,0
SYN00105,1,10,4,6,40.0,7,1,14.29,0.31,0.86,1.16,0.0,0.0,6,1,1
SYN00106,4,10,6,4,60.0,5,5,100.0,0.97,1.24,2.47,2.0,0.0,7,1,1
SYN00107,1,9,8,1,88.89,5,2,40.0,0.36,0.89,1.78,1.0,0.0,0,2,1
SYN00108,4,7,4,3,57.14,5,4,80.0,0.09,0.13,2.36,1.0,0.0,1,2,1
SYN00109,9,9,3,6,33.33,6,2,33.33,0.7,1.67,0.63,1.0,0.37,1,3,0
SYN00110,8,6,3,3,50.0,4,3,75.0,1.85,2.09,1.33,0.0,0.0,1,2,0
SYN00111,1,10,7,3,70.0,5,5,100.0,0.03,0.23,0.81,1.0,0.19,2,0,1
SYN00112,8,8,4,4,50.0,5,3,60.0,1.63,2.18,0.32,2.0,1.68,0,1,0
SYN00113,9,7,5,2,71.43,5,3,60.0,0.7,4.34,0.6,1.0,0.4,5,3,1
SYN00114,6,8,6,2,75.0,4,2,50.0,0.73,0.83,0.13,1.0,0.87,4,0,1
SYN00115,6,8,7,1,87.5,5,1,20.0,1.8,2.52,5.45,5.0,0.0,5,0,0
SYN00116,6,4,4,0,100.0,3,3,100.0,0.01,0.28,0.0,0.0,0.0,6,4,1
SYN00117,5,5,4,1,80.0,2,1,50.0,0.06,0.08,1.15,1.0,0.0,1,4,1
SYN00118,3,5,2,3,40.0,3,1,33.33,0.29,0.82,3.22,2.0,0.0,2,2,0
SYN00119,1,4,1,3,25.0,3,1,33.33,1.33,1.75,2.78,1.0,0.0,3,0,1
SYN00120,1,7,4,3,57.14,3,2,66.67,0.55,1.03,5.35,5.0,0.0,2,1,1
SYN00121,4,9,4,5,44.44,6,5,83.33,1.9,5.0,1.3,0.0,0.0,3,3,0
SYN00122,7,9,3,6,33.33,5,2,40.0,0.95,1.28,2.79,3.0,0.21,3,3,0
SYN00123,8,7,3,4,42.86,5,5,100.0,1.36,1.51,0.0,1.0,1.0,5,1,0
SYN00124,3,10,5,5,50.0,8,5,62.5,4.99,5.0,0.0,0.5,0.5,1,0,0
SYN00125,3,8,3,5,37.5,6,2,33.33,0.51,0.58,0.77,1.0,0.23,2,4,1
SYN00126,1,4,2,2,50.0,2,1,50.0,1.25,3.93,1.95,1.0,0.0,2,3,1
SYN00127,9,10,9,1,90.0,7,7,100.0,1.12,3.22,0.27,0.5,0.23,1,3,1
SYN00128,2,8,5,3,62.5,6,2,33.33,1.6,2.18,1.92,0.5,0.0,6,4,1
SYN00129,5,9,9,0,100.0,6,3,50.0,2.64,3.45,3.2,1.0,0.0,4,2,0
SYN00130,1,8,5,3,62.5,5,5,100.0,0.67,1.12,0.0,1.0,1.0,6,0,1
SYN00131,8,8,4,4,50.0,3,2,66.67,1.02,1.67,2.55,0.0,0.0,0,0,1
SYN00132,8,4,2,2,50.0,3,1,33.33,2.84,3.73,0.0,0.0,0.0,5,4,0
SYN00133,8,8,5,3,62.5,3,3,100.0,1.1,2.71,3.22,1.0,0.0,5,3,1
SYN00134,2,10,7,3,70.0,5,5,100.0,0.26,0.88,1.96,2.0,0.04,6,3,1
SYN00135,5,6,6,0,100.0,5,4,80.0,1.44,1.65,4.72,5.0,0.28,3,1,1
SYN00136,9,8,3,5,37.5,6,3,50.0,0.39,0.5,0.0,0.0,0.0,5,0,0
SYN00137,8,4,3,1,75.0,3,2,66.67,0.73,1.05,4.04,5.0,0.96,4,3,1
SYN00138,2,6,4,2,66.67,4,3,75.0,0.4,2.97,3.8,2.0,0.0,6,3,1
SYN00139,8,7,1,6,14.29,3,1,33.33,3.34,4.7,2.17,3.0,0.83,6,3,0
SYN00140,5,11,9,2,81.82,7,7,100.0,2.46,5.0,0.32,1.0,0.68,6,2,1
SYN00141,9,5,5,0,100.0,2,2,100.0,0.1,1.41,0.0,1.0,1.0,1,3,1
SYN00142,4,6,2,4,33.33,4,2,50.0,1.79,5.0,1.12,2.0,0.88,5,1,0
SYN00143,1,7,4,3,57.14,4,3,75.0,1.34,2.36,0.16,1.0,0.84,1,1,0
SYN00144,5,11,2,9,18.18,6,6,100.0,0.15,0.98,2.08,3.0,0.92,3,0,1
SYN00145,8,10,3,7,30.0,4,4,100.0,0.2,5.0,2.79,3.0,0.21,7,0,0
SYN00146,8,4,3,1,75.0,2,2,100.0,0.47,1.48,0.0,1.0,1.0,1,2,1
SYN00147,6,5,2,3,40.0,4,1,25.0,1.24,2.94,2.91,1.0,0.0,5,2,0
SYN00148,8,10,3,7,30.0,7,4,57.14,1.21,1.33,0.82,1.0,0.18,2,2,0
SYN00149,7,4,3,1,75.0,2,2,100.0,0.08,0.83,2.45,2.0,0.0,2,2,1
SYN00150,6,10,5,5,50.0,5,3,60.0,0.69,0.96,3.03,2.0,0.0,0,1,1
SYN00151,9,6,3,3,50.0,3,3,100.0,0.43,0.82,4.43,2.0,0.0,5,3,1
SYN00152,3,11,9,2,81.82,5,5,100.0,0.06,0.65,1.09,0.0,0.0,6,2,1
SYN00153,1,6,2,4,33.33,5,2,40.0,1.5,2.08,4.7,5.0,0.3,3,2,0
SYN00154,9,7,3,4,42.86,5,3,60.0,0.06,1.54,0.0,1.0,1.0,1,2,0
SYN00155,7,9,6,3,66.67,4,2,50.0,1.8,3.76,0.91,0.5,0.0,4,2,1
SYN00156,7,5,4,1,80.0,4,2,50.0,1.34,1.81,1.77,0.5,0.0,7,2,1
SYN00157,4,8,7,1,87.5,4,2,50.0,1.07,1.31,0.17,0.0,0.0,6,2,1
SYN00158,5,8,3,5,37.5,4,4,100.0,0.64,2.74,1.08,1.0,0.0,6,1,0
SYN00159,6,10,8,2,80.0,6,2,33.33,2.75,3.52,0.26,0.0,0.0,0,2,0
SYN00160,6,11,4,7,36.36,4,0,0.0,0.51,4.62,0.0,0.5,0.5,7,3,0
SYN00161,3,9,9,0,100.0,5,1,20.0,0.2,2.15,0.18,0.0,0.0,4,4,1
SYN00162,4,7,2,5,28.57,5,2,40.0,0.29,0.77,1.38,0.5,0.0,5,0,0
SYN00163,3,7,7,0,100.0,5,2,40.0,0.01,2.54,4.95,5.0,0.05,2,0,0
SYN00164,5,7,3,4,42.86,4,3,75.0,2.12,4.16,2.35,1.0,0.0,7,0,1
SYN00165,6,10,10,0,100.0,7,2,28.57,0.75,1.0,1.39,0.0,0.0,4,0,1
SYN00166,3,6,4,2,66.67,3,1,33.33,3.74,3.82,0.4,1.0,0.6,1,4,0
SYN00167,4,5,2,3,40.0,3,1,33.33,1.03,1.71,2.53,2.0,0.0,2,1,0
SYN00168,4,6,3,3,50.0,3,1,33.33,1.55,3.43,1.05,1.0,0.0,1,1,0
SYN00169,3,4,3,1,75.0,3,1,33.33,0.99,1.58,0.0,1.0,1.0,7,1,0
SYN00170,8,4,3,1,75.0,2,1,50.0,1.99,2.57,1.78,2.0,0.22,6,4,1
SYN00171,1,4,2,2,50.0,3,3,100.0,0.29,0.53,0.0,0.0,0.0,4,3,1
SYN00172,6,10,6,4,60.0,8,3,37.5,0.16,0.19,0.66,0.5,0.0,6,0,1
SYN00173,2,9,7,2,77.78,5,3,60.0,0.09,0.43,5.82,5.0,0.0,6,4,1
SYN00174,5,9,6,3,66.67,6,3,50.0,1.41,5.0,0.74,1.0,0.26,2,4,0
SYN00175,6,7,2,5,28.57,3,3,100.0,0.06,0.31,0.0,0.0,0.0,2,3,1
SYN00176,5,9,4,5,44.44,6,4,66.67,1.22,1.56,0.78,0.5,0.0,7,2,1
SYN00177,4,5,3,2,60.0,3,3,100.0,2.7,4.17,4.93,2.0,0.0,2,4,1
SYN00178,6,11,10,1,90.91,5,2,40.0,5.0,5.0,0.0,0.0,0.0,0,0,0
SYN00179,1,8,8,0,100.0,5,3,60.0,1.26,1.57,1.28,1.0,0.0,6,0,1
SYN00180,9,11,9,2,81.82,6,3,50.0,0.03,1.48,0.35,1.0,0.65,1,3,1
SYN00181,4,5,3,2,60.0,3,1,33.33,0.04,1.22,0.0,0.5,0.5,1,0,0
SYN00182,1,7,6,1,85.71,4,3,75.0,1.66,1.94,0.87,1.0,0.13,5,0,1
SYN00183,4,9,4,5,44.44,4,4,100.0,5.0,5.0,0.0,0.0,0.0,7,0,0
SYN00184,4,7,4,3,57.14,3,1,33.33,0.61,1.03,1.72,1.0,0.0,0,2,0
SYN00185,3,7,3,4,42.86,4,2,50.0,1.03,2.52,0.0,0.0,0.0,5,3,0
SYN00186,6,5,1,4,20.0,3,1,33.33,0.36,0.54,2.41,5.0,2.59,2,2,0
SYN00187,2,7,5,2,71.43,3,1,33.33,1.1,1.59,3.54,2.0,0.0,7,2,1
SYN00188,4,5,3,2,60.0,3,1,33.33,0.05,3.72,1.36,0.0,0.0,7,0,0
SYN00189,1,6,5,1,83.33,4,2,50.0,0.72,2.33,0.0,0.5,0.5,0,1,0
SYN00190,3,9,7,2,77.78,6,3,50.0,2.97,3.31,2.06,2.0,0.0,0,4,1
SYN00191,6,9,6,3,66.67,7,4,57.14,0.5,0.82,3.46,2.0,0.0,3,1,1
SYN00192,3,8,6,2,75.0,5,1,20.0,0.26,1.74,2.24,1.0,0.0,0,1,0
SYN00193,7,6,4,2,66.67,4,2,50.0,2.28,2.99,1.63,0.0,0.0,2,4,0
SYN00194,5,11,8,3,72.73,7,6,85.71,0.67,0.69,1.45,1.0,0.0,1,0,1
SYN00195,3,4,2,2,50.0,2,1,50.0,2.02,2.34,1.92,1.0,0.0,7,0,0
SYN00196,3,6,4,2,66.67,3,2,66.67,1.1,1.43,1.69,0.0,0.0,5,4,1
SYN00197,3,4,3,1,75.0,2,1,50.0,0.35,0.63,0.59,1.0,0.41,1,1,1
SYN00198,5,6,3,3,50.0,4,2,50.0,4.38,5.0,2.53,2.0,0.0,4,1,0
SYN00199,9,11,7,4,63.64,5,4,80.0,0.2,1.83,0.0,1.0,1.0,5,2,1
SYN00200,3,6,3,3,50.0,4,1,25.0,1.57,1.65,0.0,0.0,0.0,6,0,1
SYN00201,9,11,5,6,45.45,7,6,85.71,1.44,2.44,0.6,0.0,0.0,5,2,0
SYN00202,6,7,2,5,28.57,4,3,75.0,2.15,4.59,1.78,1.0,0.0,4,0,0
SYN00203,6,9,8,1,88.89,7,5,71.43,0.33,0.68,0.54,1.0,0.46,6,3,1
SYN00204,3,7,6,1,85.71,5,5,100.0,0.26,1.23,1.27,2.0,0.73,2,4,1
SYN00205,4,6,4,2,66.67,2,1,50.0,1.54,5.0,0.57,1.0,0.43,7,3,1
SYN00206,7,10,10,0,100.0,7,3,42.86,0.18,2.12,1.23,1.0,0.0,1,0,1
SYN00207,9,11,6,5,54.55,7,7,100.0,0.8,0.88,0.0,1.0,1.0,6,4,1
SYN00208,5,6,6,0,100.0,3,3,100.0,0.13,0.49,5.56,5.0,0.0,7,3,1
SYN00209,1,10,5,5,50.0,7,3,42.86,1.31,4.69,3.04,3.0,0.0,2,4,1
SYN00210,6,6,4,2,66.67,4,2,50.0,0.44,2.2,1.3,1.0,0.0,5,4,1
SYN00211,3,9,5,4,55.56,5,5,100.0,2.82,2.93,1.85,2.0,0.15,6,1,1
SYN00212,7,10,7,3,70.0,8,5,62.5,1.03,1.27,0.0,0.0,0.0,2,4,1
SYN00213,5,7,6,1,85.71,5,4,80.0,0.88,2.03,0.0,0.0,0.0,4,4,1
SYN00214,2,9,5,4,55.56,6,5,83.33,0.27,0.6,2.83,1.0,0.0,6,2,1
SYN00215,3,6,6,0,100.0,3,1,33.33,1.25,3.63,1.23,2.0,0.77,5,3,0
SYN00216,9,4,3,1,75.0,2,2,100.0,0.69,1.2,3.97,3.0,0.0,6,2,1
SYN00217,9,4,3,1,75.0,2,1,50.0,0.42,3.13,0.7,2.0,1.3,2,4,1
SYN00218,4,7,3,4,42.86,5,2,40.0,1.18,1.37,1.98,2.0,0.02,4,0,0
SYN00219,5,11,8,3,72.73,7,3,42.86,3.87,5.0,0.0,0.0,0.0,6,2,0
SYN00220,4,5,3,2,60.0,4,2,50.0,0.38,1.37,2.66,3.0,0.34,1,0,1
SYN00221,9,7,3,4,42.86,4,4,100.0,1.78,2.32,0.0,0.0,0.0,3,0,1
SYN00222,8,9,4,5,44.44,6,6,100.0,0.41,0.79,4.73,3.0,0.0,4,4,1
SYN00223,3,5,5,0,100.0,4,3,75.0,0.83,3.12,2.31,0.0,0.0,6,3,1
SYN00224,3,9,5,4,55.56,6,5,83.33,0.2,2.68,0.29,0.0,0.0,6,2,1
SYN00225,2,6,1,5,16.67,4,3,75.0,0.81,1.91,0.5,1.0,0.5,3,4,1
SYN00226,7,10,4,6,40.0,8,6,75.0,0.94,2.17,0.0,0.0,0.0,7,0,1
SYN00227,9,8,5,3,62.5,3,2,66.67,0.59,2.6,0.0,0.0,0.0,4,4,1
SYN00228,5,8,6,2,75.0,5,4,80.0,0.76,1.58,3.74,2.0,0.0,4,2,0
SYN00229,5,5,4,1,80.0,4,1,25.0,1.27,1.68,0.24,2.0,1.76,0,0,0
SYN00230,4,7,5,2,71.43,4,2,50.0,0.53,1.17,0.47,1.0,0.53,1,1,0
SYN00231,8,10,4,6,40.0,5,2,40.0,0.35,0.51,1.19,1.0,0.0,0,2,1
SYN00232,1,4,3,1,75.0,3,3,100.0,2.49,5.0,0.0,1.0,1.0,0,4,1
SYN00233,3,10,4,6,40.0,5,5,100.0,0.38,1.73,0.0,0.5,0.5,7,4,1
SYN00234,6,7,3,4,42.86,4,0,0.0,0.61,1.17,0.0,1.0,1.0,2,0,0
SYN00235,1,9,3,6,33.33,4,4,100.0,1.12,2.15,1.2,2.0,0.8,5,2,0
SYN00236,4,9,3,6,33.33,5,3,60.0,0.23,0.44,3.31,3.0,0.0,4,2,0
SYN00237,6,7,6,1,85.71,4,4,100.0,3.17,3.25,2.23,1.0,0.0,1,2,1
SYN00238,4,6,5,1,83.33,4,3,75.0,2.89,3.69,1.2,2.0,0.8,6,2,0
SYN00239,3,9,8,1,88.89,7,7,100.0,3.28,4.02,0.45,1.0,0.55,4,4,1
SYN00240,7,5,3,2,60.0,3,2,66.67,0.85,0.94,1.86,2.0,0.14,6,1,1
SYN00241,9,8,6,2,75.0,5,1,20.0,0.53,0.68,1.03,2.0,0.97,6,2,0
SYN00242,2,4,1,3,25.0,3,2,66.67,3.98,4.26,1.5,1.0,0.0,6,1,0
SYN00243,3,9,7,2,77.78,7,6,85.71,1.3,3.08,0.54,0.0,0.0,4,0,0
SYN00244,2,9,6,3,66.67,4,2,50.0,0.35,0.55,0.0,3.0,3.0,1,1,0
SYN00245,3,4,3,1,75.0,2,2,100.0,1.52,2.2,2.77,2.0,0.0,3,0,1
SYN00246,9,10,7,3,70.0,7,4,57.14,0.2,1.68,2.15,2.0,0.0,5,3,1
SYN00247,7,7,2,5,28.57,5,2,40.0,0.09,1.55,1.31,1.0,0.0,6,2,0
SYN00248,8,10,2,8,20.0,6,2,33.33,3.76,4.21,1.92,0.5,0.0,4,2,0
SYN00249,4,4,2,2,50.0,2,1,50.0,0.02,0.49,0.0,1.0,1.0,0,2,0
SYN00250,2,5,4,1,80.0,3,2,66.67,0.13,0.24,0.0,1.0,1.0,7,2,1
SYN00251,2,7,5,2,71.43,5,1,20.0,0.16,5.0,0.92,1.0,0.08,5,4,1
SYN00252,9,5,1,4,20.0,3,1,33.33,0.12,0.97,0.0,0.0,0.0,4,2,0
SYN00253,3,6,2,4,33.33,4,0,0.0,3.34,5.0,1.75,2.0,0.25,3,3,1
SYN00254,1,9,4,5,44.44,6,3,50.0,1.03,1.15,2.02,1.0,0.0,3,4,1
SYN00255,6,5,3,2,60.0,3,3,100.0,2.32,5.0,2.48,2.0,0.0,5,0,1
SYN00256,3,9,2,7,22.22,6,2,33.33,1.7,1.76,0.09,0.0,0.0,5,4,1
SYN00257,2,4,1,3,25.0,3,3,100.0,0.64,0.8,0.72,1.0,0.28,2,4,1
SYN00258,4,5,2,3,40.0,3,3,100.0,2.68,3.08,0.0,0.0,0.0,3,3,0
SYN00259,7,8,5,3,62.5,5,5,100.0,0.25,0.26,1.42,2.0,0.58,1,0,1
SYN00260,4,10,3,7,30.0,7,5,71.43,2.6,2.73,1.27,1.0,0.0,2,0,0
SYN00261,9,5,3,2,60.0,3,3,100.0,0.47,1.08,0.0,1.0,1.0,7,0,1
SYN00262,4,6,5,1,83.33,4,1,25.0,0.17,0.46,6.76,5.0,0.0,2,3,1
SYN00263,2,11,3,8,27.27,5,1,20.0,1.37,2.35,0.11,1.0,0.89,6,2,0
SYN00264,9,11,6,5,54.55,7,5,71.43,5.0,5.0,1.67,1.0,0.0,3,1,0
SYN00265,3,8,7,1,87.5,5,4,80.0,0.67,0.76,2.1,2.0,0.0,7,2,1
SYN00266,4,7,3,4,42.86,4,4,100.0,0.14,0.58,0.0,1.0,1.0,4,2,1
SYN00267,4,6,3,3,50.0,3,1,33.33,0.13,1.17,3.55,2.0,0.0,6,1,0
SYN00268,5,8,7,1,87.5,4,3,75.0,0.6,1.61,6.3,5.0,0.0,3,3,1
SYN00269,6,8,4,4,50.0,6,4,66.67,2.41,4.15,0.12,2.0,1.88,0,2,0
SYN00270,6,6,5,1,83.33,4,2,50.0,1.33,1.42,0.41,0.5,0.09,2,2,0
SYN00271,6,4,3,1,75.0,2,1,50.0,1.5,3.01,0.75,0.5,0.0,5,4,1
SYN00272,3,5,3,2,60.0,3,1,33.33,2.48,3.59,0.51,3.0,2.49,1,4,0
SYN00273,9,11,8,3,72.73,8,6,75.0,0.92,2.6,0.0,0.0,0.0,3,3,1
SYN00274,5,7,5,2,71.43,4,3,75.0,1.62,2.59,0.0,1.0,1.0,0,4,1
SYN00275,9,7,6,1,85.71,6,3,50.0,0.49,1.02,1.42,3.0,1.58,2,1,0
SYN00276,1,7,3,4,42.86,3,3,100.0,0.24,0.42,0.75,2.0,1.25,0,1,0
SYN00277,3,10,6,4,60.0,4,4,100.0,2.73,4.9,0.0,0.0,0.0,1,4,0
SYN00278,8,4,2,2,50.0,3,3,100.0,0.47,0.75,1.85,2.0,0.15,3,4,1
SYN00279,2,4,3,1,75.0,2,1,50.0,4.3,5.0,0.0,1.0,1.0,1,0,0
SYN00280,6,6,2,4,33.33,4,3,75.0,0.52,1.11,4.34,3.0,0.0,0,0,0
SYN00281,3,7,6,1,85.71,5,2,40.0,0.51,3.22,1.22,1.0,0.0,1,0,1
SYN00282,8,9,6,3,66.67,4,3,75.0,1.41,4.68,1.95,1.0,0.0,5,3,1
SYN00283,6,7,2,5,28.57,4,2,50.0,1.18,1.32,0.0,0.0,0.0,0,1,0
SYN00284,5,7,6,1,85.71,5,5,100.0,0.06,0.25,0.0,0.5,0.5,0,4,1
SYN00285,3,11,11,0,100.0,8,7,87.5,0.56,1.74,1.16,1.0,0.0,5,1,1
SYN00286,9,5,4,1,80.0,3,3,100.0,2.07,2.53,2.54,2.0,0.0,3,0,1
SYN00287,8,8,8,0,100.0,4,4,100.0,0.17,0.34,0.22,1.0,0.78,7,0,1
SYN00288,5,8,5,3,62.5,5,3,60.0,1.01,1.42,2.4,3.0,0.6,3,4,1
SYN00289,5,7,1,6,14.29,4,2,50.0,0.79,1.11,0.0,0.0,0.0,3,1,0
SYN00290,7,10,1,9,10.0,7,7,100.0,0.11,1.26,0.64,1.0,0.36,0,4,1
SYN00291,1,6,4,2,66.67,4,2,50.0,1.44,2.69,3.6,1.0,0.0,0,2,1
SYN00292,8,11,5,6,45.45,6,2,33.33,1.55,3.77,2.38,2.0,0.0,6,0,0
SYN00293,8,6,2,4,33.33,4,4,100.0,0.36,0.85,1.05,1.0,0.0,1,1,0
SYN00294,7,8,5,3,62.5,5,3,60.0,0.97,1.72,0.0,1.0,1.0,0,0,1
SYN00295,4,8,6,2,75.0,4,4,100.0,0.02,1.32,0.0,0.0,0.0,5,0,1
SYN00296,5,10,2,8,20.0,6,4,66.67,1.16,2.13,1.74,2.0,0.26,7,4,0
SYN00297,9,7,3,4,42.86,5,3,60.0,1.12,1.5,4.36,3.0,0.0,2,3,0
SYN00298,7,6,6,0,100.0,4,4,100.0,0.09,1.86,1.76,2.0,0.24,3,0,1
SYN00299,7,4,1,3,25.0,2,0,0.0,0.78,1.55,1.81,2.0,0.19,5,2,0
SYN00300,5,6,5,1,83.33,4,2,50.0,0.26,1.34,1.11,2.0,0.89,0,1,0
SYN00301,6,10,5,5,50.0,5,2,40.0,1.67,1.81,0.0,2.0,2.0,1,3,0
SYN00302,4,4,3,1,75.0,2,0,0.0,0.93,2.93,2.52,2.0,0.0,6,0,0
SYN00303,2,11,10,1,90.91,7,6,85.71,1.1,1.14,0.0,0.0,0.0,6,1,1
SYN00304,8,8,6,2,75.0,4,2,50.0,0.07,0.89,1.54,1.0,0.0,1,3,1
SYN00305,5,5,4,1,80.0,3,3,100.0,0.31,1.16,3.19,3.0,0.0,5,3,1
SYN00306,5,6,2,4,33.33,5,4,80.0,1.96,2.74,1.84,3.0,1.16,7,4,0
SYN00307,6,8,7,1,87.5,4,3,75.0,0.44,2.11,2.27,2.0,0.0,1,4,1
SYN00308,7,6,2,4,33.33,4,2,50.0,3.1,4.48,0.0,1.0,1.0,1,3,0
SYN00309,8,4,3,1,75.0,3,1,33.33,1.34,2.1,2.26,2.0,0.0,7,1,0
SYN00310,7,9,6,3,66.67,6,4,66.67,1.92,2.25,0.42,0.5,0.08,7,4,1
SYN00311,8,9,6,3,66.67,4,4,100.0,0.84,0.97,2.35,0.5,0.0,4,3,1
SYN00312,7,4,3,1,75.0,2,1,50.0,0.78,0.85,0.0,1.0,1.0,3,4,1
SYN00313,9,6,2,4,33.33,3,1,33.33,0.02,0.75,0.0,1.0,1.0,1,3,0
SYN00314,2,5,1,4,20.0,3,1,33.33,0.04,0.12,0.5,1.0,0.5,0,4,0
SYN00315,7,9,7,2,77.78,7,5,71.43,3.06,5.0,2.73,2.0,0.0,4,2,0
SYN00316,2,9,6,3,66.67,7,3,42.86,0.45,1.03,0.0,2.0,2.0,1,4,1
SYN00317,5,9,8,1,88.89,4,3,75.0,0.74,2.18,1.55,0.5,0.0,3,1,0
SYN00318,1,11,6,5,54.55,6,3,50.0,1.17,4.86,0.75,1.0,0.25,7,0,0
SYN00319,4,10,2,8,20.0,5,3,60.0,0.05,1.08,0.63,2.0,1.37,7,1,0
SYN00320,4,6,5,1,83.33,5,4,80.0,1.34,1.83,2.56,3.0,0.44,3,2,1
SYN00321,5,4,2,2,50.0,2,2,100.0,0.25,0.55,2.11,3.0,0.89,2,3,0
SYN00322,8,8,5,3,62.5,4,4,100.0,0.8,2.08,0.0,0.0,0.0,7,2,1
SYN00323,3,11,5,6,45.45,7,6,85.71,0.8,2.18,0.0,1.0,1.0,7,2,1
SYN00324,1,11,11,0,100.0,7,7,100.0,0.11,0.36,2.88,2.0,0.0,4,0,1
SYN00325,2,5,2,3,40.0,2,1,50.0,0.38,0.47,0.0,0.5,0.5,5,4,1
SYN00326,8,5,3,2,60.0,3,1,33.33,0.88,2.06,1.53,2.0,0.47,3,1,1
SYN00327,3,4,3,1,75.0,2,1,50.0,1.05,1.41,2.01,1.0,0.0,5,0,1
SYN00328,4,5,2,3,40.0,2,2,100.0,0.79,1.42,2.07,2.0,0.0,4,0,1
SYN00329,7,8,5,3,62.5,3,3,100.0,0.47,1.65,0.0,0.0,0.0,1,0,0
SYN00330,8,8,8,0,100.0,4,4,100.0,3.26,4.5,1.81,1.0,0.0,0,4,1
SYN00331,1,6,3,3,50.0,5,0,0.0,0.06,2.02,2.78,1.0,0.0,0,1,0
SYN00332,7,6,4,2,66.67,4,4,100.0,0.51,4.31,1.6,1.0,0.0,6,3,1
SYN00333,4,10,0,10,0.0,7,5,71.43,0.45,1.49,0.0,0.0,0.0,6,2,0
SYN00334,5,7,4,3,57.14,4,1,25.0,0.22,0.62,0.0,1.0,1.0,4,4,0
SYN00335,2,10,5,5,50.0,7,6,85.71,1.37,5.0,0.0,1.0,1.0,4,3,0
SYN00336,2,11,4,7,36.36,9,6,66.67,1.51,1.69,0.12,0.0,0.0,7,1,1
SYN00337,7,6,5,1,83.33,3,2,66.67,1.94,1.96,2.71,1.0,0.0,7,0,0
SYN00338,6,5,3,2,60.0,4,4,100.0,0.66,1.7,0.0,0.5,0.5,5,0,1
SYN00339,4,11,6,5,54.55,7,5,71.43,0.13,0.84,4.22,5.0,0.78,4,2,1
SYN00340,4,9,5,4,55.56,6,1,16.67,2.8,3.92,1.23,0.0,0.0,3,0,0
SYN00341,5,6,1,5,16.67,3,2,66.67,1.0,1.9,1.48,2.0,0.52,4,4,0
SYN00342,4,8,3,5,37.5,5,1,20.0,0.54,0.59,3.06,1.0,0.0,5,1,0
SYN00343,8,8,7,1,87.5,5,4,80.0,1.8,2.32,0.82,1.0,0.18,7,4,0
SYN00344,2,11,1,10,9.09,9,9,100.0,0.06,2.23,4.4,3.0,0.0,5,0,1
SYN00345,5,6,2,4,33.33,5,2,40.0,3.03,3.37,2.46,2.0,0.0,5,4,1
SYN00346,6,11,6,5,54.55,6,3,50.0,0.62,2.89,2.85,2.0,0.0,0,4,0
SYN00347,3,11,11,0,100.0,9,4,44.44,0.17,1.04,0.0,0.0,0.0,2,2,0
SYN00348,2,5,4,1,80.0,4,2,50.0,1.53,1.96,0.87,1.0,0.13,2,2,0
SYN00349,6,5,2,3,40.0,3,2,66.67,2.41,3.0,1.5,1.0,0.0,6,4,0
SYN00350,4,8,7,1,87.5,3,2,66.67,0.18,0.5,1.96,1.0,0.0,2,4,1
SYN00351,9,4,2,2,50.0,2,2,100.0,1.22,2.28,3.63,3.0,0.0,2,2,1
SYN00352,2,6,5,1,83.33,3,3,100.0,3.34,3.78,0.0,1.0,1.0,5,1,1
SYN00353,6,7,2,5,28.57,3,3,100.0,3.06,4.97,1.31,1.0,0.0,4,0,0
SYN00354,4,11,10,1,90.91,9,3,33.33,0.28,0.43,0.0,0.0,0.0,3,4,1
SYN00355,4,11,5,6,45.45,5,5,100.0,0.37,1.54,0.34,1.0,0.66,1,4,1
SYN00356,6,5,2,3,40.0,3,3,100.0,0.16,0.77,0.55,0.0,0.0,7,4,1
SYN00357,7,11,6,5,54.55,7,7,100.0,0.29,0.86,3.04,1.0,0.0,7,0,1
SYN00358,3,4,3,1,75.0,3,2,66.67,0.53,2.07,4.72,5.0,0.28,0,2,1
SYN00359,6,9,4,5,44.44,4,2,50.0,0.17,0.32,3.37,1.0,0.0,7,1,0
SYN00360,8,10,7,3,70.0,6,2,33.33,0.05,1.23,0.0,0.5,0.5,6,2,1
SYN00361,9,11,5,6,45.45,7,2,28.57,0.39,2.09,2.48,1.0,0.0,6,0,0
SYN00362,6,5,4,1,80.0,3,2,66.67,2.06,2.96,1.52,1.0,0.0,3,2,1
SYN00363,2,11,8,3,72.73,5,4,80.0,0.27,0.51,0.25,0.0,0.0,3,2,1
SYN00364,8,4,2,2,50.0,3,3,100.0,1.11,2.11,4.66,3.0,0.0,4,1,0
SYN00365,9,8,4,4,50.0,3,2,66.67,0.79,2.23,0.24,1.0,0.76,5,2,1
SYN00366,9,7,4,3,57.14,4,3,75.0,1.55,1.66,2.53,1.0,0.0,7,2,1
SYN00367,7,6,4,2,66.67,3,2,66.67,0.18,0.4,1.75,2.0,0.25,2,3,0
SYN00368,2,4,4,0,100.0,2,1,50.0,0.03,1.13,0.0,0.5,0.5,7,1,1
SYN00369,6,10,8,2,80.0,7,6,85.71,1.68,2.71,0.0,0.0,0.0,3,0,1
SYN00370,2,6,5,1,83.33,3,2,66.67,1.34,2.5,3.9,2.0,0.0,5,1,1
SYN00371,7,9,9,0,100.0,7,5,71.43,0.48,0.52,1.87,0.5,0.0,6,0,1
SYN00372,1,7,5,2,71.43,5,4,80.0,1.87,2.09,0.0,0.0,0.0,5,3,1
SYN00373,2,6,4,2,66.67,3,2,66.67,0.21,2.65,3.65,3.0,0.0,0,1,0
SYN00374,7,11,9,2,81.82,6,5,83.33,0.18,0.52,2.15,2.0,0.0,7,1,1
SYN00375,3,4,1,3,25.0,2,1,50.0,0.37,0.85,0.0,0.0,0.0,0,0,1
SYN00376,1,9,4,5,44.44,7,6,85.71,0.4,1.4,4.16,3.0,0.0,4,2,1
SYN00377,2,9,4,5,44.44,6,4,66.67,0.37,1.63,0.0,0.0,0.0,5,0,0
SYN00378,3,7,5,2,71.43,3,2,66.67,0.87,2.62,0.0,2.0,2.0,2,2,0
SYN00379,5,6,3,3,50.0,4,3,75.0,0.91,2.16,1.31,1.0,0.0,6,1,0
SYN00380,7,4,3,1,75.0,2,1,50.0,0.11,1.08,1.08,1.0,0.0,4,3,0
SYN00381,5,11,10,1,90.91,7,7,100.0,0.32,0.8,1.29,2.0,0.71,3,4,1
SYN00382,4,11,9,2,81.82,7,2,28.57,1.56,4.06,0.0,0.0,0.0,1,2,0
SYN00383,9,5,3,2,60.0,2,2,100.0,0.31,0.62,1.13,3.0,1.87,5,4,1
SYN00384,7,4,2,2,50.0,3,2,66.67,2.79,5.0,0.0,0.0,0.0,0,0,1
SYN00385,4,4,4,0,100.0,2,1,50.0,0.36,0.81,1.95,3.0,1.05,7,1,1
SYN00386,9,4,3,1,75.0,2,1,50.0,0.75,2.49,1.16,0.0,0.0,0,4,1
SYN00387,7,10,2,8,20.0,7,3,42.86,0.05,2.49,1.12,0.5,0.0,0,1,0
SYN00388,4,11,6,5,54.55,9,1,11.11,3.96,4.2,0.0,0.0,0.0,1,4,0
SYN00389,4,5,3,2,60.0,3,3,100.0,1.97,2.07,1.63,1.0,0.0,6,4,1
SYN00390,1,9,7,2,77.78,7,7,100.0,0.16,1.99,0.87,1.0,0.13,6,3,1
SYN00391,8,5,4,1,80.0,3,1,33.33,0.16,0.94,1.68,2.0,0.32,4,3,0
SYN00392,6,6,4,2,66.67,4,2,50.0,1.95,2.82,1.93,2.0,0.07,6,1,1
SYN00393,2,8,6,2,75.0,4,3,75.0,2.42,2.96,3.13,1.0,0.0,3,4,1
SYN00394,2,9,6,3,66.67,6,4,66.67,0.85,1.2,1.77,1.0,0.0,7,4,1
SYN00395,1,10,4,6,40.0,4,4,100.0,2.53,2.76,0.64,1.0,0.36,0,4,0
SYN00396,2,4,2,2,50.0,3,2,66.67,0.3,0.7,3.07,2.0,0.0,4,1,0
SYN00397,3,5,3,2,60.0,4,2,50.0,0.4,2.52,4.03,3.0,0.0,3,0,0
SYN00398,7,6,4,2,66.67,3,2,66.67,0.24,0.75,1.31,1.0,0.0,2,4,1
SYN00399,9,6,1,5,16.67,4,0,0.0,0.79,2.33,0.61,1.0,0.39,6,0,0
SYN00400,4,11,6,5,54.55,7,2,28.57,0.5,2.32,0.53,1.0,0.47,6,3,0
SYN00401,5,10,6,4,60.0,5,5,100.0,0.51,0.64,0.0,0.5,0.5,4,1,1
SYN00402,5,6,3,3,50.0,4,4,100.0,2.75,4.24,1.22,1.0,0.0,6,3,1
SYN00403,6,11,6,5,54.55,7,7,100.0,0.61,0.62,0.0,0.0,0.0,1,2,1
SYN00404,7,7,5,2,71.43,4,3,75.0,0.68,1.02,1.48,2.0,0.52,0,0,1
SYN00405,1,8,3,5,37.5,4,0,0.0,0.57,1.04,0.75,0.0,0.0,1,4,1
SYN00406,6,7,1,6,14.29,5,2,40.0,0.3,1.03,2.52,0.5,0.0,0,4,0
SYN00407,4,5,3,2,60.0,2,2,100.0,1.8,2.69,0.45,0.0,0.0,6,1,0
SYN00408,8,11,9,2,81.82,7,7,100.0,0.51,0.67,0.87,1.0,0.13,4,0,1
SYN00409,9,4,4,0,100.0,2,2,100.0,0.12,0.15,1.98,2.0,0.02,3,4,1
SYN00410,4,5,4,1,80.0,2,1,50.0,1.11,1.43,4.37,3.0,0.0,3,2,1
SYN00411,6,5,1,4,20.0,2,1,50.0,3.22,3.71,1.47,1.0,0.0,0,3,1
SYN00412,3,6,3,3,50.0,3,2,66.67,1.24,1.72,0.73,0.5,0.0,5,4,1
SYN00413,1,5,3,2,60.0,3,2,66.67,0.63,3.61,2.32,2.0,0.0,7,3,1
SYN00414,2,4,3,1,75.0,2,2,100.0,0.53,1.47,0.29,2.0,1.71,1,2,0
SYN00415,8,9,7,2,77.78,6,4,66.67,0.97,1.06,2.47,2.0,0.0,2,3,1
SYN00416,3,11,4,7,36.36,7,5,71.43,1.32,1.79,0.0,1.0,1.0,6,0,1
SYN00417,1,4,2,2,50.0,2,1,50.0,1.93,2.52,1.47,1.0,0.0,6,2,1
SYN00418,3,6,4,2,66.67,3,2,66.67,0.49,2.05,0.0,0.0,0.0,2,3,0
SYN00419,6,8,6,2,75.0,5,4,80.0,0.16,1.0,1.71,1.0,0.0,0,3,1
SYN00420,4,11,4,7,36.36,7,3,42.86,0.91,1.04,2.82,3.0,0.18,5,1,0
SYN00421,2,9,5,4,55.56,6,2,33.33,0.76,2.8,0.0,0.0,0.0,2,3,1
SYN00422,5,10,0,10,0.0,5,5,100.0,0.47,1.09,0.65,1.0,0.35,6,1,0
SYN00423,8,8,4,4,50.0,6,1,16.67,0.15,0.84,3.15,0.5,0.0,2,2,1
SYN00424,5,7,3,4,42.86,3,3,100.0,1.03,3.59,0.0,0.0,0.0,7,3,1
SYN00425,9,5,2,3,40.0,3,0,0.0,0.2,0.27,3.2,3.0,0.0,6,0,0
SYN00426,4,10,6,4,60.0,4,2,50.0,0.02,0.5,0.0,0.0,0.0,0,4,1
SYN00427,3,10,6,4,60.0,7,6,85.71,0.62,0.84,2.65,1.0,0.0,5,2,1
SYN00428,6,4,0,4,0.0,2,1,50.0,0.91,0.96,2.98,2.0,0.0,5,0,1
SYN00429,8,9,6,3,66.67,6,2,33.33,2.89,3.53,0.22,0.0,0.0,2,2,0
SYN00430,8,4,1,3,25.0,2,2,100.0,0.16,3.6,1.1,0.0,0.0,7,1,0
SYN00431,9,9,6,3,66.67,6,4,66.67,1.32,2.07,1.29,1.0,0.0,6,4,1
SYN00432,1,10,3,7,30.0,5,3,60.0,0.32,3.23,0.01,0.0,0.0,2,0,0
SYN00433,7,5,3,2,60.0,3,1,33.33,2.8,3.27,0.0,0.5,0.5,6,0,0
SYN00434,1,7,4,3,57.14,3,2,66.67,1.76,2.84,0.57,1.0,0.43,5,3,0
SYN00435,7,4,3,1,75.0,2,1,50.0,0.06,0.49,0.0,0.5,0.5,4,0,0
SYN00436,3,8,5,3,62.5,5,5,100.0,0.22,2.73,2.01,2.0,0.0,7,0,1
SYN00437,7,11,6,5,54.55,5,3,60.0,0.04,1.54,0.73,3.0,2.27,4,1,1
SYN00438,4,4,1,3,25.0,2,1,50.0,0.6,1.59,1.74,0.5,0.0,2,4,1
SYN00439,1,7,2,5,28.57,5,2,40.0,0.64,1.8,2.84,0.5,0.0,4,4,0
SYN00440,7,11,5,6,45.45,8,8,100.0,0.98,1.09,0.0,0.0,0.0,3,3,1
SYN00441,4,6,4,2,66.67,4,1,25.0,0.0,0.33,1.41,0.0,0.0,1,2,1
SYN00442,2,5,2,3,40.0,3,2,66.67,2.36,2.45,0.84,1.0,0.16,4,3,0
SYN00443,3,7,5,2,71.43,4,2,50.0,1.16,1.69,0.28,1.0,0.72,6,1,0
SYN00444,2,8,4,4,50.0,6,2,33.33,1.29,1.93,0.04,0.5,0.46,7,4,1
SYN00445,2,9,3,6,33.33,4,2,50.0,0.56,3.06,1.1,1.0,0.0,5,3,1
SYN00446,4,6,3,3,50.0,4,3,75.0,1.57,2.07,0.0,0.0,0.0,3,2,1
SYN00447,5,11,7,4,63.64,5,2,40.0,0.83,1.31,2.73,2.0,0.0,6,2,1
SYN00448,3,8,5,3,62.5,6,4,66.67,1.59,1.74,0.38,1.0,0.62,7,3,1
SYN00449,3,6,6,0,100.0,4,4,100.0,2.41,2.8,0.71,2.0,1.29,6,2,1
SYN00450,8,11,5,6,45.45,7,5,71.43,1.9,2.62,0.98,1.0,0.02,6,3,1
SYN00451,5,11,6,5,54.55,7,2,28.57,0.53,1.2,0.17,1.0,0.83,6,2,0
SYN00452,3,7,5,2,71.43,3,1,33.33,0.02,0.72,1.61,2.0,0.39,3,1,1
SYN00453,5,4,2,2,50.0,2,1,50.0,0.11,0.26,0.0,0.0,0.0,6,3,1
SYN00454,9,8,4,4,50.0,6,3,50.0,0.85,1.16,0.39,2.0,1.61,3,1,0
SYN00455,1,8,2,6,25.0,5,3,60.0,3.67,5.0,2.75,1.0,0.0,7,0,0
SYN00456,9,5,2,3,40.0,3,2,66.67,0.56,0.94,1.98,1.0,0.0,7,0,1
SYN00457,2,9,3,6,33.33,4,4,100.0,0.05,0.08,0.24,1.0,0.76,4,0,1
SYN00458,3,10,2,8,20.0,7,5,71.43,1.05,3.2,0.98,1.0,0.02,5,2,1
SYN00459,6,4,2,2,50.0,2,1,50.0,0.49,0.82,2.76,2.0,0.0,6,3,1
SYN00460,2,9,3,6,33.33,4,4,100.0,1.36,2.23,0.25,0.0,0.0,4,1,1
SYN00461,9,5,4,1,80.0,4,4,100.0,0.07,0.81,3.26,1.0,0.0,6,0,1
SYN00462,7,9,7,2,77.78,5,4,80.0,0.12,2.37,0.0,0.0,0.0,5,3,1
SYN00463,6,7,3,4,42.86,4,2,50.0,2.75,5.0,1.93,0.5,0.0,2,1,0
SYN00464,4,4,2,2,50.0,3,2,66.67,0.16,0.72,0.0,0.5,0.5,1,3,1
SYN00465,9,11,1,10,9.09,6,4,66.67,0.21,1.58,0.0,1.0,1.0,4,1,0
SYN00466,4,5,2,3,40.0,4,0,0.0,0.43,1.47,4.02,2.0,0.0,0,3,0
SYN00467,9,8,6,2,75.0,5,4,80.0,1.23,2.52,1.48,2.0,0.52,5,3,1
SYN00468,9,5,4,1,80.0,3,3,100.0,0.38,0.76,0.0,1.0,1.0,5,1,1
SYN00469,7,11,5,6,45.45,5,5,100.0,1.43,5.0,1.94,2.0,0.06,0,3,1
SYN00470,7,9,8,1,88.89,4,2,50.0,0.88,1.11,4.52,3.0,0.0,2,4,1
SYN00471,6,10,2,8,20.0,6,4,66.67,0.93,2.05,0.0,0.0,0.0,4,4,0
SYN00472,9,7,2,5,28.57,3,2,66.67,0.23,0.52,1.95,2.0,0.05,5,1,1
SYN00473,6,7,5,2,71.43,3,2,66.67,1.78,2.14,0.0,1.0,1.0,0,1,0
SYN00474,9,9,9,0,100.0,6,4,66.67,0.13,1.2,0.44,1.0,0.56,4,1,1
SYN00475,2,10,7,3,70.0,7,5,71.43,0.0,0.05,6.2,5.0,0.0,1,0,1
SYN00476,4,10,6,4,60.0,5,4,80.0,0.53,3.65,0.0,0.5,0.5,3,4,1
SYN00477,2,4,0,4,0.0,3,3,100.0,0.47,2.44,1.47,3.0,1.53,3,4,1
SYN00478,1,9,1,8,11.11,7,7,100.0,1.03,2.49,1.07,2.0,0.93,1,4,1
SYN00479,3,4,3,1,75.0,3,1,33.33,0.05,0.1,2.27,3.0,0.73,2,0,0
SYN00480,9,6,3,3,50.0,4,2,50.0,0.07,0.77,1.92,1.0,0.0,3,4,0
SYN00481,3,10,3,7,30.0,7,4,57.14,1.15,1.41,1.46,1.0,0.0,6,4,0
SYN00482,8,6,4,2,66.67,3,1,33.33,0.28,0.92,1.69,1.0,0.0,2,0,1
SYN00483,3,10,6,4,60.0,5,1,20.0,2.39,2.77,1.03,1.0,0.0,5,0,0
SYN00484,7,7,6,1,85.71,5,3,60.0,0.72,2.69,2.26,3.0,0.74,2,1,1
SYN00485,2,5,3,2,60.0,3,2,66.67,0.13,2.12,0.07,1.0,0.93,2,2,1
SYN00486,5,6,5,1,83.33,4,2,50.0,0.99,2.19,1.52,1.0,0.0,0,1,0
SYN00487,7,8,5,3,62.5,6,4,66.67,0.51,0.96,6.91,5.0,0.0,0,3,1
SYN00488,8,10,6,4,60.0,5,4,80.0,2.59,3.71,0.0,1.0,1.0,2,3,0
SYN00489,4,8,7,1,87.5,4,4,100.0,0.41,1.34,0.78,2.0,1.22,2,2,1
SYN00490,6,11,4,7,36.36,7,4,57.14,0.43,0.75,0.0,1.0,1.0,6,1,1
SYN00491,6,10,10,0,100.0,4,1,25.0,0.66,0.93,1.0,0.0,0.0,4,2,0
SYN00492,5,10,7,3,70.0,6,4,66.67,0.68,1.6,0.95,1.0,0.05,0,0,1
SYN00493,4,8,6,2,75.0,6,6,100.0,0.09,0.4,1.67,1.0,0.0,6,0,1
SYN00494,9,6,4,2,66.67,4,1,25.0,1.38,2.16,1.39,2.0,0.61,3,3,0
SYN00495,4,7,7,0,100.0,4,3,75.0,1.59,4.83,0.74,0.0,0.0,4,0,1
SYN00496,7,4,3,1,75.0,3,3,100.0,0.18,1.32,0.0,0.0,0.0,1,4,1
SYN00497,4,6,1,5,16.67,3,0,0.0,1.99,2.63,1.15,3.0,1.85,0,2,0
SYN00498,5,11,10,1,90.91,8,6,75.0,0.25,2.91,2.11,1.0,0.0,0,2,1
SYN00499,6,7,4,3,57.14,3,2,66.67,2.14,3.8,0.96,1.0,0.04,3,4,0
SYN00500,2,4,3,1,75.0,3,2,66.67,0.48,0.55,0.13,0.5,0.37,7,1,0
SYN00501,3,9,3,6,33.33,5,2,40.0,1.2,1.21,3.34,3.0,0.0,7,2,0
SYN00502,7,11,8,3,72.73,6,3,50.0,1.67,5.0,1.27,3.0,1.73,6,2,0
SYN00503,9,10,4,6,40.0,6,3,50.0,0.12,0.73,1.52,1.0,0.0,7,2,1
SYN00504,7,6,4,2,66.67,3,2,66.67,0.06,1.75,0.0,0.5,0.5,6,4,0
SYN00505,6,7,4,3,57.14,4,2,50.0,0.23,0.32,4.81,5.0,0.19,5,4,1
SYN00506,9,8,8,0,100.0,6,3,50.0,1.16,1.42,4.37,3.0,0.0,3,2,1
SYN00507,7,5,5,0,100.0,4,4,100.0,0.8,0.98,1.77,1.0,0.0,2,1,1
SYN00508,8,6,4,2,66.67,3,1,33.33,0.42,1.05,1.79,2.0,0.21,5,1,0
SYN00509,4,5,3,2,60.0,3,0,0.0,0.12,0.28,0.88,1.0,0.12,0,1,0
SYN00510,8,11,6,5,54.55,8,8,100.0,2.61,2.9,0.0,0.5,0.5,1,2,0
SYN00511,8,9,8,1,88.89,7,4,57.14,2.06,3.65,1.01,2.0,0.99,3,0,1
SYN00512,8,10,5,5,50.0,6,3,50.0,0.2,3.24,2.2,2.0,0.0,5,1,1
SYN00513,4,10,5,5,50.0,4,2,50.0,1.54,2.14,0.08,1.0,0.92,2,3,1
SYN00514,7,11,9,2,81.82,8,6,75.0,0.09,0.63,0.41,2.0,1.59,6,3,1
SYN00515,8,4,2,2,50.0,2,1,50.0,1.14,2.07,1.58,1.0,0.0,5,0,0
SYN00516,6,11,6,5,54.55,6,5,83.33,0.93,2.18,4.57,3.0,0.0,2,4,1
SYN00517,3,4,1,3,25.0,3,1,33.33,5.0,5.0,0.0,0.5,0.5,0,0,0
SYN00518,2,7,5,2,71.43,4,2,50.0,0.9,1.27,6.05,5.0,0.0,2,0,1
SYN00519,8,8,8,0,100.0,6,0,0.0,0.05,1.55,1.37,0.5,0.0,7,0,1
SYN00520,2,6,5,1,83.33,3,3,100.0,1.69,2.3,0.0,0.5,0.5,1,0,0
SYN00521,9,5,5,0,100.0,3,2,66.67,0.6,1.72,1.13,2.0,0.87,5,0,1
SYN00522,6,5,2,3,40.0,4,3,75.0,0.59,1.86,2.16,0.0,0.0,5,4,1
SYN00523,2,10,7,3,70.0,8,6,75.0,0.17,0.29,0.0,0.5,0.5,7,2,1
SYN00524,2,6,2,4,33.33,5,4,80.0,0.01,1.95,1.27,2.0,0.73,7,0,0
SYN00525,1,6,3,3,50.0,4,3,75.0,2.44,5.0,3.36,1.0,0.0,6,0,0
SYN00526,6,11,9,2,81.82,6,5,83.33,0.12,0.6,1.32,2.0,0.68,2,1,1
SYN00527,8,5,3,2,60.0,4,2,50.0,0.18,1.28,2.12,0.5,0.0,3,2,0
SYN00528,7,11,3,8,27.27,8,3,37.5,3.47,4.75,0.0,1.0,1.0,3,2,0
SYN00529,6,11,3,8,27.27,7,4,57.14,2.3,3.78,1.17,1.0,0.0,5,2,0
SYN00530,6,8,2,6,25.0,4,2,50.0,0.12,0.23,2.3,1.0,0.0,1,1,1
SYN00531,3,5,4,1,80.0,2,2,100.0,2.49,3.09,0.44,1.0,0.56,6,0,1
SYN00532,8,5,5,0,100.0,3,2,66.67,1.38,3.57,1.12,1.0,0.0,5,2,1
SYN00533,5,6,6,0,100.0,4,2,50.0,0.3,1.59,1.89,1.0,0.0,1,0,1
SYN00534,8,8,1,7,12.5,4,2,50.0,0.29,0.32,0.0,0.0,0.0,0,4,0
SYN00535,9,5,5,0,100.0,3,2,66.67,1.98,1.99,4.69,2.0,0.0,0,1,1
SYN00536,8,7,6,1,85.71,4,3,75.0,0.54,1.32,2.25,1.0,0.0,2,3,1
SYN00537,9,4,1,3,25.0,2,1,50.0,1.65,2.35,0.57,1.0,0.43,2,3,0
SYN00538,7,8,4,4,50.0,6,4,66.67,1.83,2.0,0.22,0.5,0.28,1,0,0
SYN00539,3,4,3,1,75.0,2,1,50.0,0.41,0.91,5.29,3.0,0.0,3,3,1
SYN00540,3,9,7,2,77.78,4,0,0.0,1.86,2.26,0.07,0.5,0.43,0,3,0
SYN00541,7,4,1,3,25.0,2,1,50.0,5.0,5.0,2.43,3.0,0.57,4,0,0
SYN00542,3,5,4,1,80.0,4,3,75.0,0.09,0.33,1.88,0.5,0.0,3,2,1
SYN00543,5,5,0,5,0.0,4,2,50.0,0.16,1.0,3.32,5.0,1.68,2,0,0
SYN00544,7,10,5,5,50.0,4,4,100.0,1.34,3.02,0.91,1.0,0.09,3,2,1
SYN00545,3,4,4,0,100.0,2,1,50.0,0.41,0.52,1.1,1.0,0.0,3,0,1
SYN00546,1,7,4,3,57.14,4,4,100.0,3.16,3.54,0.16,1.0,0.84,6,1,0
SYN00547,2,8,4,4,50.0,4,4,100.0,1.65,4.23,1.12,3.0,1.88,5,4,0
SYN00548,7,8,7,1,87.5,6,6,100.0,0.41,0.98,1.08,1.0,0.0,1,4,1
SYN00549,2,9,8,1,88.89,4,1,25.0,0.75,1.14,2.83,2.0,0.0,6,4,0
SYN00550,8,10,9,1,90.0,6,4,66.67,0.7,2.56,0.0,0.0,0.0,2,4,1
SYN00551,1,7,6,1,85.71,4,4,100.0,2.9,3.0,0.0,1.0,1.0,1,2,0
SYN00552,7,10,9,1,90.0,6,4,66.67,3.65,4.35,3.51,2.0,0.0,5,4,0
SYN00553,6,6,5,1,83.33,3,2,66.67,0.16,2.4,1.63,1.0,0.0,6,4,1
SYN00554,3,11,7,4,63.64,5,1,20.0,1.14,1.6,1.57,2.0,0.43,0,1,1
SYN00555,3,8,5,3,62.5,4,4,100.0,0.32,0.67,3.11,2.0,0.0,7,0,1
SYN00556,5,9,5,4,55.56,4,2,50.0,0.59,0.97,1.29,1.0,0.0,5,1,0
SYN00557,6,11,3,8,27.27,5,0,0.0,0.35,0.73,2.65,0.5,0.0,3,3,1
SYN00558,8,10,4,6,40.0,8,4,50.0,1.2,1.5,1.8,1.0,0.0,6,0,0
SYN00559,7,10,5,5,50.0,5,0,0.0,0.12,3.24,0.33,2.0,1.67,4,3,1
SYN00560,5,8,5,3,62.5,4,1,25.0,0.79,1.1,0.21,1.0,0.79,7,1,0
SYN00561,1,4,4,0,100.0,2,2,100.0,1.79,2.46,1.27,2.0,0.73,0,2,1
SYN00562,9,7,4,3,57.14,5,3,60.0,0.45,1.91,0.37,0.0,0.0,4,1,0
SYN00563,4,5,4,1,80.0,4,1,25.0,1.56,1.86,2.64,3.0,0.36,5,3,0
SYN00564,8,11,10,1,90.91,8,5,62.5,0.8,2.23,0.65,2.0,1.35,0,1,1
SYN00565,3,5,3,2,60.0,3,1,33.33,2.26,4.6,1.71,1.0,0.0,6,2,1
SYN00566,4,5,4,1,80.0,4,4,100.0,0.32,0.92,3.2,2.0,0.0,2,3,1
SYN00567,6,5,3,2,60.0,3,1,33.33,0.93,2.05,1.88,2.0,0.12,0,4,1
SYN00568,7,9,8,1,88.89,7,5,71.43,0.21,1.35,0.25,0.0,0.0,3,2,1
SYN00569,2,8,6,2,75.0,6,2,33.33,3.46,4.16,0.0,1.0,1.0,6,0,0
SYN00570,8,11,3,8,27.27,4,4,100.0,0.2,0.44,0.37,1.0,0.63,7,2,1
SYN00571,6,7,4,3,57.14,4,3,75.0,0.12,3.87,0.42,1.0,0.58,1,0,0
SYN00572,8,6,6,0,100.0,3,2,66.67,0.2,0.51,1.67,1.0,0.0,3,3,1
SYN00573,6,4,2,2,50.0,2,1,50.0,0.77,1.63,1.31,1.0,0.0,6,1,1
SYN00574,5,4,3,1,75.0,3,1,33.33,1.8,3.03,0.0,0.0,0.0,0,3,0
SYN00575,6,6,4,2,66.67,2,1,50.0,1.7,2.26,0.0,0.0,0.0,4,0,1
SYN00576,5,11,4,7,36.36,8,3,37.5,1.5,2.44,0.0,1.0,1.0,4,2,1
SYN00577,1,8,6,2,75.0,6,6,100.0,1.54,2.41,1.93,0.0,0.0,2,0,1
SYN00578,4,11,3,8,27.27,7,3,42.86,0.83,1.25,0.0,1.0,1.0,2,2,1
SYN00579,9,4,2,2,50.0,2,0,0.0,0.19,0.53,1.01,0.5,0.0,7,0,0
SYN00580,3,4,3,1,75.0,3,1,33.33,2.92,3.02,0.05,0.0,0.0,2,2,0
SYN00581,4,10,7,3,70.0,7,6,85.71,2.5,4.15,1.68,2.0,0.32,4,2,0
SYN00582,2,4,2,2,50.0,2,1,50.0,0.27,4.07,0.99,1.0,0.01,6,0,0
SYN00583,5,4,3,1,75.0,2,1,50.0,1.24,2.33,2.2,3.0,0.8,0,3,0
SYN00584,8,7,4,3,57.14,5,5,100.0,0.53,2.03,5.78,5.0,0.0,6,4,1
SYN00585,7,11,7,4,63.64,9,4,44.44,1.01,1.99,0.0,1.0,1.0,6,2,0
SYN00586,1,9,7,2,77.78,5,4,80.0,1.61,2.26,2.39,2.0,0.0,1,2,1
SYN00587,9,4,2,2,50.0,2,1,50.0,0.1,0.78,0.0,0.5,0.5,1,1,0
SYN00588,6,10,6,4,60.0,8,6,75.0,4.22,4.3,1.49,2.0,0.51,4,1,0
SYN00589,7,10,5,5,50.0,5,3,60.0,0.9,2.03,0.52,1.0,0.48,7,0,0
SYN00590,7,10,2,8,20.0,4,2,50.0,0.11,0.45,1.8,2.0,0.2,7,2,1
SYN00591,7,11,4,7,36.36,7,6,85.71,1.27,3.15,0.6,0.0,0.0,1,2,0
SYN00592,8,5,5,0,100.0,2,2,100.0,1.81,2.65,2.96,3.0,0.04,4,0,1
SYN00593,7,11,8,3,72.73,5,3,60.0,4.26,4.56,2.12,1.0,0.0,3,1,0
SYN00594,9,6,2,4,33.33,4,2,50.0,0.23,0.54,3.25,2.0,0.0,5,2,0
SYN00595,7,10,2,8,20.0,7,7,100.0,0.17,0.25,5.37,5.0,0.0,4,1,1
SYN00596,8,8,5,3,62.5,5,4,80.0,1.26,2.26,3.82,3.0,0.0,4,2,1
SYN00597,5,10,10,0,100.0,6,3,50.0,0.54,1.0,3.43,1.0,0.0,4,2,1
SYN00598,3,9,5,4,55.56,6,3,50.0,0.37,0.42,0.0,1.0,1.0,0,4,0
SYN00599,5,9,8,1,88.89,6,6,100.0,0.95,1.01,3.29,2.0,0.0,4,0,1
SYN00600,2,8,6,2,75.0,6,4,66.67,0.37,1.3,2.85,1.0,0.0,1,0,1
SYN00601,5,10,7,3,70.0,7,4,57.14,0.77,1.38,1.52,1.0,0.0,3,1,1
SYN00602,7,9,2,7,22.22,6,4,66.67,0.49,0.84,4.28,2.0,0.0,4,4,1
SYN00603,7,5,4,1,80.0,4,3,75.0,0.06,0.25,5.13,3.0,0.0,5,4,1
SYN00604,4,10,5,5,50.0,7,4,57.14,0.7,1.36,0.6,1.0,0.4,6,3,1
SYN00605,5,8,7,1,87.5,4,4,100.0,2.69,3.17,0.0,0.0,0.0,1,3,1
SYN00606,6,6,2,4,33.33,5,5,100.0,0.24,0.6,2.64,2.0,0.0,4,3,1
SYN00607,2,8,5,3,62.5,6,5,83.33,0.89,1.03,0.25,1.0,0.75,6,4,1
SYN00608,6,11,8,3,72.73,6,6,100.0,0.31,2.53,6.25,3.0,0.0,2,4,1
SYN00609,5,10,6,4,60.0,4,3,75.0,0.26,2.95,2.95,2.0,0.0,0,3,1
SYN00610,7,10,7,3,70.0,6,5,83.33,0.76,1.34,1.06,1.0,0.0,7,1,1
SYN00611,6,7,4,3,57.14,4,4,100.0,0.15,0.9,0.31,2.0,1.69,6,0,1
SYN00612,2,10,4,6,40.0,7,7,100.0,0.31,0.99,3.3,3.0,0.0,5,0,1
SYN00613,6,7,7,0,100.0,4,4,100.0,2.27,3.21,0.0,1.0,1.0,5,3,1
SYN00614,4,9,8,1,88.89,4,3,75.0,0.19,0.24,0.91,0.0,0.0,2,0,0
SYN00615,6,9,4,5,44.44,4,4,100.0,0.17,2.45,0.0,2.0,2.0,6,4,0
SYN00616,6,5,4,1,80.0,4,2,50.0,3.36,4.53,1.66,0.0,0.0,7,2,1
SYN00617,4,6,2,4,33.33,2,1,50.0,4.91,5.0,2.49,3.0,0.51,2,4,0
SYN00618,6,4,1,3,25.0,3,2,66.67,0.99,1.57,0.0,0.5,0.5,3,4,0
SYN00619,2,5,4,1,80.0,3,2,66.67,0.08,0.38,0.98,1.0,0.02,6,2,1
SYN00620,4,7,1,6,14.29,4,0,0.0,0.47,0.96,3.02,3.0,0.0,1,2,0
SYN00621,7,7,6,1,85.71,4,4,100.0,0.88,2.35,0.0,0.0,0.0,5,0,1
SYN00622,5,5,3,2,60.0,3,1,33.33,1.2,1.94,1.66,0.0,0.0,0,4,0
SYN00623,1,7,4,3,57.14,5,3,60.0,0.82,1.03,0.46,0.0,0.0,7,3,1
SYN00624,5,8,6,2,75.0,5,1,20.0,0.44,1.69,5.96,5.0,0.0,0,2,0
SYN00625,3,5,4,1,80.0,2,2,100.0,0.71,3.18,4.7,5.0,0.3,0,0,1
SYN00626,9,6,2,4,33.33,3,1,33.33,1.27,1.29,1.51,1.0,0.0,3,4,1
SYN00627,9,6,5,1,83.33,4,1,25.0,0.08,0.13,0.43,2.0,1.57,6,0,0
SYN00628,1,8,5,3,62.5,6,4,66.67,0.54,2.5,2.31,2.0,0.0,1,3,1
SYN00629,4,6,2,4,33.33,4,2,50.0,0.77,1.08,0.0,0.0,0.0,4,1,0
SYN00630,6,9,5,4,55.56,6,3,50.0,0.02,0.75,2.08,0.5,0.0,2,3,0
SYN00631,4,6,6,0,100.0,3,2,66.67,0.09,0.96,3.09,3.0,0.0,7,0,1
SYN00632,7,7,7,0,100.0,3,3,100.0,0.02,0.56,1.3,0.5,0.0,3,4,1
SYN00633,2,7,5,2,71.43,5,2,40.0,2.21,3.11,1.31,1.0,0.0,3,2,0
SYN00634,8,5,2,3,40.0,3,1,33.33,0.51,0.89,2.67,0.5,0.0,0,2,0
SYN00635,3,9,7,2,77.78,7,5,71.43,0.18,2.39,0.0,1.0,1.0,2,4,1
SYN00636,3,5,4,1,80.0,2,2,100.0,0.73,0.86,0.36,0.5,0.14,0,0,1
SYN00637,4,6,5,1,83.33,4,4,100.0,0.74,1.54,0.0,0.5,0.5,7,3,1
SYN00638,9,10,8,2,80.0,7,2,28.57,0.23,1.45,0.0,0.0,0.0,3,2,1
SYN00639,3,11,8,3,72.73,5,3,60.0,0.58,1.33,3.77,5.0,1.23,2,3,1
SYN00640,3,9,5,4,55.56,5,5,100.0,1.54,2.04,1.41,0.0,0.0,1,3,1
SYN00641,3,11,5,6,45.45,7,7,100.0,0.86,1.46,0.96,1.0,0.04,5,4,1
SYN00642,2,10,1,9,10.0,5,2,40.0,1.68,1.87,0.74,1.0,0.26,5,1,0
SYN00643,9,7,5,2,71.43,4,2,50.0,0.8,1.33,1.93,1.0,0.0,2,1,0
SYN00644,6,10,6,4,60.0,5,4,80.0,0.28,0.97,2.14,2.0,0.0,2,3,0
SYN00645,6,6,4,2,66.67,5,2,40.0,1.01,3.41,1.74,1.0,0.0,7,2,1
SYN00646,2,7,2,5,28.57,3,1,33.33,1.83,2.73,2.39,2.0,0.0,0,4,0
SYN00647,1,8,6,2,75.0,4,3,75.0,0.16,1.04,1.65,1.0,0.0,4,3,1
SYN00648,3,11,11,0,100.0,5,5,100.0,0.43,0.57,2.46,3.0,0.54,7,1,1
SYN00649,9,10,6,4,60.0,4,1,25.0,1.01,3.82,3.26,2.0,0.0,2,1,0
SYN00650,5,7,4,3,57.14,3,3,100.0,1.08,1.32,0.0,0.5,0.5,0,3,0
SYN00651,8,9,6,3,66.67,6,3,50.0,0.98,1.63,1.9,2.0,0.1,6,1,1
SYN00652,3,5,5,0,100.0,2,1,50.0,0.28,0.49,3.32,2.0,0.0,7,4,1
SYN00653,1,10,3,7,30.0,5,5,100.0,5.0,5.0,2.82,3.0,0.18,0,3,1
SYN00654,3,8,5,3,62.5,3,2,66.67,0.88,1.61,4.48,5.0,0.52,3,1,1
SYN00655,3,8,3,5,37.5,4,2,50.0,3.06,4.95,4.75,2.0,0.0,0,4,0
SYN00656,6,10,5,5,50.0,4,3,75.0,0.81,1.72,2.7,1.0,0.0,7,3,1
SYN00657,2,9,5,4,55.56,6,4,66.67,0.04,0.08,1.17,1.0,0.0,6,1,1
SYN00658,9,4,4,0,100.0,3,2,66.67,1.47,1.5,1.84,3.0,1.16,6,2,1
SYN00659,7,6,6,0,100.0,4,2,50.0,0.44,4.49,0.56,3.0,2.44,2,3,0
SYN00660,4,5,4,1,80.0,2,2,100.0,2.15,2.42,0.85,0.0,0.0,5,1,1
SYN00661,6,9,5,4,55.56,7,2,28.57,0.49,0.77,2.52,1.0,0.0,1,3,0
SYN00662,7,4,4,0,100.0,3,1,33.33,0.37,2.48,0.47,0.0,0.0,1,1,0
SYN00663,7,5,2,3,40.0,2,1,50.0,0.12,0.37,0.0,1.0,1.0,4,4,1
SYN00664,1,8,4,4,50.0,5,3,60.0,0.43,0.47,1.19,1.0,0.0,7,2,1
SYN00665,5,9,1,8,11.11,6,1,16.67,0.67,2.16,0.42,1.0,0.58,2,3,0
SYN00666,4,8,8,0,100.0,4,2,50.0,0.24,2.36,2.19,2.0,0.0,3,2,1
SYN00667,3,10,8,2,80.0,6,2,33.33,0.28,0.44,2.33,0.0,0.0,7,0,0
SYN00668,6,11,11,0,100.0,7,7,100.0,1.76,2.22,2.95,2.0,0.0,3,3,1
SYN00669,3,5,1,4,20.0,2,1,50.0,1.65,2.69,1.69,1.0,0.0,6,3,0
SYN00670,3,11,11,0,100.0,9,3,33.33,0.15,0.52,1.95,2.0,0.05,5,0,1
SYN00671,6,8,5,3,62.5,4,3,75.0,0.08,1.37,0.5,0.0,0.0,7,4,1
SYN00672,1,9,7,2,77.78,4,4,100.0,0.02,0.57,0.13,1.0,0.87,2,0,1
SYN00673,4,4,1,3,25.0,2,1,50.0,1.24,1.54,2.67,2.0,0.0,6,1,0
SYN00674,7,8,8,0,100.0,4,3,75.0,0.51,1.4,1.77,2.0,0.23,6,0,1
SYN00675,4,9,7,2,77.78,7,7,100.0,0.48,5.0,0.01,1.0,0.99,7,3,1
SYN00676,3,8,5,3,62.5,6,5,83.33,0.8,1.69,1.98,1.0,0.0,7,2,1
SYN00677,2,4,3,1,75.0,3,2,66.67,1.76,3.0,2.32,5.0,2.68,2,2,0
SYN00678,5,8,3,5,37.5,5,2,40.0,0.18,0.25,0.35,1.0,0.65,6,4,0
SYN00679,8,11,5,6,45.45,6,5,83.33,0.55,0.84,1.24,0.5,0.0,5,2,1
SYN00680,1,9,4,5,44.44,5,1,20.0,0.06,2.3,6.47,5.0,0.0,0,2,0
SYN00681,6,5,1,4,20.0,2,1,50.0,0.3,0.83,2.57,2.0,0.0,7,2,1
SYN00682,8,11,9,2,81.82,8,8,100.0,0.7,0.91,0.0,0.5,0.5,5,4,1
SYN00683,2,11,10,1,90.91,7,7,100.0,0.47,0.94,2.94,3.0,0.06,5,2,1
SYN00684,7,5,2,3,40.0,3,2,66.67,0.21,0.26,1.35,1.0,0.0,0,1,0
SYN00685,4,10,7,3,70.0,6,1,16.67,0.2,0.62,3.87,2.0,0.0,7,1,1
SYN00686,1,7,4,3,57.14,5,2,40.0,3.67,5.0,3.1,2.0,0.0,7,2,0
SYN00687,7,8,5,3,62.5,4,2,50.0,0.03,2.94,2.11,1.0,0.0,6,3,1
SYN00688,7,7,3,4,42.86,5,3,60.0,1.04,2.09,3.08,3.0,0.0,2,4,1
SYN00689,7,10,4,6,40.0,7,2,28.57,1.1,4.54,0.71,2.0,1.29,0,2,0
SYN00690,1,11,9,2,81.82,8,5,62.5,0.41,1.68,0.0,0.0,0.0,5,2,0
SYN00691,5,10,6,4,60.0,4,4,100.0,1.0,1.35,1.64,2.0,0.36,4,4,1
SYN00692,2,11,11,0,100.0,5,4,80.0,1.96,2.01,2.84,2.0,0.0,2,3,1
SYN00693,6,11,7,4,63.64,6,4,66.67,0.63,1.54,0.4,1.0,0.6,2,0,0
SYN00694,5,4,1,3,25.0,3,1,33.33,1.09,3.15,1.69,1.0,0.0,5,3,0
SYN00695,6,6,5,1,83.33,5,1,20.0,0.91,2.07,0.0,0.5,0.5,7,3,0
SYN00696,8,9,7,2,77.78,6,2,33.33,0.16,0.62,4.23,5.0,0.77,4,3,1
SYN00697,1,8,6,2,75.0,4,1,25.0,0.04,1.13,2.69,1.0,0.0,7,0,0
SYN00698,3,4,4,0,100.0,2,1,50.0,2.3,2.8,1.92,1.0,0.0,4,2,1
SYN00699,6,4,2,2,50.0,3,2,66.67,0.16,0.74,0.63,1.0,0.37,4,3,1
SYN00700,9,8,5,3,62.5,4,2,50.0,1.11,3.04,0.0,0.0,0.0,2,4,1
SYN00701,1,8,4,4,50.0,5,3,60.0,2.3,2.76,1.14,0.0,0.0,0,4,0
SYN00702,8,5,1,4,20.0,4,4,100.0,0.58,1.01,1.55,0.5,0.0,2,3,1
SYN00703,8,5,3,2,60.0,3,3,100.0,1.25,2.54,0.77,0.0,0.0,2,3,1
SYN00704,2,5,5,0,100.0,3,3,100.0,0.62,3.02,2.79,3.0,0.21,4,1,1
SYN00705,8,8,5,3,62.5,3,2,66.67,1.09,1.47,0.0,0.0,0.0,1,2,1
SYN00706,6,4,1,3,25.0,2,2,100.0,1.01,1.79,0.48,0.5,0.02,4,0,1
SYN00707,1,8,2,6,25.0,5,5,100.0,0.72,2.05,2.69,1.0,0.0,4,0,1
SYN00708,1,7,7,0,100.0,4,0,0.0,0.04,0.51,1.91,3.0,1.09,4,1,1
SYN00709,3,7,4,3,57.14,3,3,100.0,1.74,2.42,0.06,0.0,0.0,7,4,1
SYN00710,5,9,4,5,44.44,4,2,50.0,0.09,0.63,2.46,0.5,0.0,1,1,0
SYN00711,8,8,4,4,50.0,4,2,50.0,0.09,0.87,1.63,2.0,0.37,2,1,0
SYN00712,1,9,2,7,22.22,6,3,50.0,0.15,2.97,0.85,1.0,0.15,2,4,0
SYN00713,6,10,10,0,100.0,6,4,66.67,0.44,0.81,0.0,1.0,1.0,5,0,1
SYN00714,7,11,6,5,54.55,7,2,28.57,0.02,1.78,0.75,0.0,0.0,5,0,0
SYN00715,4,10,9,1,90.0,6,3,50.0,0.03,1.15,2.11,3.0,0.89,6,0,0
SYN00716,3,8,5,3,62.5,4,3,75.0,0.63,1.45,0.0,1.0,1.0,4,2,0
SYN00717,3,7,7,0,100.0,4,3,75.0,2.87,5.0,0.86,2.0,1.14,6,3,1
SYN00718,5,5,3,2,60.0,2,2,100.0,3.24,4.92,5.25,5.0,0.0,0,4,0
SYN00719,3,8,7,1,87.5,6,3,50.0,0.52,1.35,0.1,2.0,1.9,1,4,1
SYN00720,6,5,4,1,80.0,2,2,100.0,1.29,1.47,0.0,0.0,0.0,4,3,1
SYN00721,2,11,8,3,72.73,6,6,100.0,1.02,1.41,2.67,2.0,0.0,1,4,1
SYN00722,7,10,7,3,70.0,4,4,100.0,0.9,2.19,0.91,1.0,0.09,2,4,1
SYN00723,9,4,2,2,50.0,3,2,66.67,3.48,4.31,0.0,0.0,0.0,1,2,0
SYN00724,3,10,10,0,100.0,5,5,100.0,0.77,2.63,0.61,1.0,0.39,1,0,1
SYN00725,7,4,1,3,25.0,3,3,100.0,1.43,4.96,2.59,0.5,0.0,2,3,0
SYN00726,7,9,5,4,55.56,4,4,100.0,0.87,1.56,4.54,3.0,0.0,7,1,1
SYN00727,5,4,2,2,50.0,3,3,100.0,0.85,2.8,1.87,2.0,0.13,0,4,1
SYN00728,3,7,5,2,71.43,5,3,60.0,1.52,1.6,2.98,2.0,0.0,7,2,1
SYN00729,9,9,4,5,44.44,4,2,50.0,0.95,1.4,2.15,2.0,0.0,4,3,1
SYN00730,6,9,6,3,66.67,4,2,50.0,0.29,1.99,0.0,2.0,2.0,6,2,0
SYN00731,4,7,4,3,57.14,4,2,50.0,0.91,1.03,0.66,3.0,2.34,5,1,0
SYN00732,3,11,2,9,18.18,8,6,75.0,1.27,1.77,0.0,0.5,0.5,0,4,0
SYN00733,8,10,6,4,60.0,7,3,42.86,3.91,4.76,0.0,1.0,1.0,2,4,1
SYN00734,7,5,2,3,40.0,2,2,100.0,1.94,5.0,1.33,1.0,0.0,6,4,1
SYN00735,9,9,1,8,11.11,5,1,20.0,0.79,2.95,1.34,2.0,0.66,5,4,0
SYN00736,7,9,6,3,66.67,4,1,25.0,0.42,1.02,2.51,2.0,0.0,2,0,1
SYN00737,2,6,4,2,66.67,3,2,66.67,0.04,0.7,5.53,5.0,0.0,4,3,1
SYN00738,8,9,7,2,77.78,6,2,33.33,0.73,0.79,2.83,2.0,0.0,3,2,1
SYN00739,9,11,8,3,72.73,6,2,33.33,0.22,0.33,0.0,0.5,0.5,0,2,0
SYN00740,1,10,1,9,10.0,5,2,40.0,0.62,4.48,1.12,0.5,0.0,7,2,0
SYN00741,7,10,3,7,30.0,7,3,42.86,1.37,1.6,0.0,1.0,1.0,1,4,0
SYN00742,8,9,9,0,100.0,6,4,66.67,1.97,3.33,2.85,2.0,0.0,6,4,1
SYN00743,4,6,2,4,33.33,4,2,50.0,1.22,1.36,2.47,1.0,0.0,1,3,0
SYN00744,8,10,8,2,80.0,4,2,50.0,5.0,5.0,0.87,0.0,0.0,4,3,0
SYN00745,4,6,3,3,50.0,5,3,60.0,1.26,1.48,0.79,1.0,0.21,3,0,1
SYN00746,4,8,5,3,62.5,5,5,100.0,0.92,1.12,2.68,2.0,0.0,7,0,1
SYN00747,1,6,3,3,50.0,4,4,100.0,0.22,0.45,0.0,0.5,0.5,5,4,1
SYN00748,4,6,4,2,66.67,2,1,50.0,1.45,1.99,0.0,2.0,2.0,4,0,0
SYN00749,8,5,3,2,60.0,4,3,75.0,0.02,2.35,1.56,1.0,0.0,2,3,0
SYN00750,5,11,5,6,45.45,7,4,57.14,2.13,2.49,2.57,1.0,0.0,6,2,1
SYN00751,3,5,2,3,40.0,4,3,75.0,3.58,3.97,0.52,2.0,1.48,1,3,0
SYN00752,7,4,3,1,75.0,3,2,66.67,0.91,1.13,0.52,0.5,0.0,4,4,1
SYN00753,4,11,3,8,27.27,8,8,100.0,2.54,3.55,2.53,2.0,0.0,2,2,0
SYN00754,4,8,6,2,75.0,5,1,20.0,0.61,1.82,1.26,2.0,0.74,3,2,0
SYN00755,5,7,7,0,100.0,5,3,60.0,0.1,2.14,0.59,1.0,0.41,0,0,1
SYN00756,1,9,8,1,88.89,4,3,75.0,0.22,2.15,3.74,3.0,0.0,5,1,1
SYN00757,5,7,5,2,71.43,3,2,66.67,0.23,2.53,2.13,2.0,0.0,5,1,1
SYN00758,7,5,3,2,60.0,3,1,33.33,1.48,1.52,1.14,1.0,0.0,5,4,0
SYN00759,2,9,1,8,11.11,5,1,20.0,0.75,2.52,0.0,0.0,0.0,5,1,1
SYN00760,6,5,1,4,20.0,3,3,100.0,1.15,1.19,0.96,1.0,0.04,0,1,0
SYN00761,1,8,7,1,87.5,5,2,40.0,2.1,2.22,0.52,1.0,0.48,5,2,1
SYN00762,8,11,4,7,36.36,7,1,14.29,0.13,1.1,0.59,1.0,0.41,2,2,0
SYN00763,7,11,5,6,45.45,8,7,87.5,0.07,0.28,1.35,2.0,0.65,4,3,1
SYN00764,7,6,3,3,50.0,3,2,66.67,1.15,1.49,2.97,3.0,0.03,5,4,0
SYN00765,4,10,3,7,30.0,7,4,57.14,0.24,1.88,0.0,0.0,0.0,2,2,0
SYN00766,6,8,2,6,25.0,4,2,50.0,1.38,5.0,2.01,2.0,0.0,1,3,0
SYN00767,7,7,4,3,57.14,5,3,60.0,1.38,1.45,1.56,2.0,0.44,0,1,1
SYN00768,4,5,2,3,40.0,4,4,100.0,1.71,1.72,0.88,2.0,1.12,3,2,1
SYN00769,4,7,3,4,42.86,4,1,25.0,1.84,2.0,0.0,2.0,2.0,4,1,0
SYN00770,3,9,4,5,44.44,5,1,20.0,1.86,2.14,2.14,1.0,0.0,0,1,0
SYN00771,4,11,8,3,72.73,6,3,50.0,1.87,4.07,1.9,1.0,0.0,5,3,1
SYN00772,7,4,2,2,50.0,3,2,66.67,2.19,3.52,0.03,1.0,0.97,1,3,0
SYN00773,9,9,5,4,55.56,5,3,60.0,3.13,3.36,1.82,1.0,0.0,6,3,1
SYN00774,3,10,7,3,70.0,4,3,75.0,0.44,0.9,0.0,1.0,1.0,5,3,1
SYN00775,3,11,6,5,54.55,8,8,100.0,3.0,5.0,0.0,0.0,0.0,5,1,1
SYN00776,1,7,4,3,57.14,3,2,66.67,1.1,2.97,0.0,0.5,0.5,1,3,1
SYN00777,4,4,3,1,75.0,2,2,100.0,0.16,0.46,0.17,0.5,0.33,5,1,1
SYN00778,8,6,5,1,83.33,4,3,75.0,0.36,0.78,0.78,0.0,0.0,5,0,1
SYN00779,4,10,6,4,60.0,4,3,75.0,0.36,0.44,0.52,1.0,0.48,6,1,1
SYN00780,1,11,7,4,63.64,5,1,20.0,0.09,1.51,0.0,0.0,0.0,4,3,1
SYN00781,2,9,4,5,44.44,7,3,42.86,0.93,1.26,1.39,0.5,0.0,6,3,1
SYN00782,2,4,2,2,50.0,3,1,33.33,1.95,3.54,2.07,2.0,0.0,3,3,1
SYN00783,2,4,3,1,75.0,2,1,50.0,0.14,0.39,1.29,2.0,0.71,7,3,0
SYN00784,8,7,5,2,71.43,5,4,80.0,4.09,4.09,3.29,3.0,0.0,5,1,1
SYN00785,9,8,6,2,75.0,5,1,20.0,1.04,1.85,4.19,3.0,0.0,0,3,0
SYN00786,5,4,3,1,75.0,2,1,50.0,0.82,1.39,4.27,3.0,0.0,6,2,0
SYN00787,1,9,6,3,66.67,6,2,33.33,0.7,2.33,0.41,2.0,1.59,1,4,0
SYN00788,9,8,6,2,75.0,5,2,40.0,0.65,1.06,0.0,1.0,1.0,0,0,0
SYN00789,7,4,3,1,75.0,2,1,50.0,0.21,1.04,1.7,0.5,0.0,4,3,1
SYN00790,8,4,3,1,75.0,3,1,33.33,1.3,2.31,2.65,3.0,0.35,3,3,1
SYN00791,2,7,4,3,57.14,4,3,75.0,0.46,0.68,2.36,5.0,2.64,3,2,0
SYN00792,2,9,9,0,100.0,5,3,60.0,0.1,4.84,0.12,1.0,0.88,3,4,1
SYN00793,2,10,7,3,70.0,5,4,80.0,2.37,4.93,0.47,1.0,0.53,2,1,0
SYN00794,9,7,5,2,71.43,5,3,60.0,0.17,0.42,0.0,0.0,0.0,7,1,1
SYN00795,7,6,4,2,66.67,4,2,50.0,4.31,4.58,0.92,0.0,0.0,5,1,1
SYN00796,8,11,7,4,63.64,8,8,100.0,0.75,2.79,0.0,1.0,1.0,6,2,1
SYN00797,6,7,3,4,42.86,3,1,33.33,0.25,0.69,1.62,0.5,0.0,4,1,0
SYN00798,4,6,5,1,83.33,4,4,100.0,2.61,2.72,1.34,1.0,0.0,5,3,1
SYN00799,4,7,7,0,100.0,4,4,100.0,1.04,2.49,0.46,2.0,1.54,4,0,1
SYN00800,1,4,2,2,50.0,2,2,100.0,0.06,1.35,1.62,2.0,0.38,7,0,1
SYN00801,3,6,4,2,66.67,2,1,50.0,0.49,1.09,3.59,3.0,0.0,0,0,0
SYN00802,6,8,4,4,50.0,6,6,100.0,1.07,5.0,0.55,0.5,0.0,6,2,0
SYN00803,4,11,5,6,45.45,5,3,60.0,1.54,1.86,1.45,1.0,0.0,3,0,1
SYN00804,5,9,9,0,100.0,6,3,50.0,2.1,3.35,1.3,2.0,0.7,2,3,0
SYN00805,8,10,4,6,40.0,6,3,50.0,0.1,2.03,1.67,1.0,0.0,4,0,1
SYN00806,2,8,4,4,50.0,3,1,33.33,0.79,1.22,4.52,5.0,0.48,7,3,1
SYN00807,7,4,1,3,25.0,3,1,33.33,2.97,3.15,4.06,1.0,0.0,2,4,0
SYN00808,9,7,3,4,42.86,5,5,100.0,0.67,2.76,0.0,0.0,0.0,3,4,1
SYN00809,9,11,2,9,18.18,7,3,42.86,0.22,2.23,4.24,1.0,0.0,1,2,0
SYN00810,2,4,3,1,75.0,3,2,66.67,2.72,3.04,0.0,1.0,1.0,6,2,1
SYN00811,3,11,11,0,100.0,6,1,16.67,1.35,2.71,2.53,1.0,0.0,4,1,0
SYN00812,6,9,5,4,55.56,6,4,66.67,1.73,1.74,1.99,1.0,0.0,2,0,1
SYN00813,5,6,1,5,16.67,3,1,33.33,1.16,1.6,0.0,1.0,1.0,7,1,0
SYN00814,6,10,8,2,80.0,6,2,33.33,0.39,0.94,1.72,1.0,0.0,1,1,1
SYN00815,7,10,4,6,40.0,5,3,60.0,1.06,2.65,1.41,2.0,0.59,0,2,0
SYN00816,2,4,4,0,100.0,2,2,100.0,0.22,0.32,0.33,0.0,0.0,2,0,1
SYN00817,8,4,2,2,50.0,2,2,100.0,0.81,2.18,3.18,3.0,0.0,2,4,1
SYN00818,2,9,4,5,44.44,4,3,75.0,0.96,1.05,1.58,2.0,0.42,2,0,1
SYN00819,6,11,6,5,54.55,9,6,66.67,0.16,0.93,0.0,0.0,0.0,0,1,1
SYN00820,9,4,3,1,75.0,2,1,50.0,0.13,0.35,0.41,0.0,0.0,7,1,1
SYN00821,1,9,5,4,55.56,4,3,75.0,0.3,0.41,0.0,0.0,0.0,2,4,0
SYN00822,4,5,2,3,40.0,3,1,33.33,0.27,1.03,0.0,0.0,0.0,7,3,0
SYN00823,5,9,5,4,55.56,6,5,83.33,1.31,1.6,3.15,2.0,0.0,5,4,1
SYN00824,4,8,2,6,25.0,4,4,100.0,0.97,2.11,3.51,3.0,0.0,6,4,0
SYN00825,8,4,3,1,75.0,2,1,50.0,0.26,0.84,0.0,0.0,0.0,2,3,1
SYN00826,1,9,1,8,11.11,6,3,50.0,0.39,0.86,0.0,1.0,1.0,5,0,0
SYN00827,8,11,5,6,45.45,5,2,40.0,0.67,0.95,0.44,3.0,2.56,3,2,0
SYN00828,1,10,8,2,80.0,8,2,25.0,0.04,0.74,2.09,1.0,0.0,2,2,1
SYN00829,9,4,3,1,75.0,2,1,50.0,1.5,1.62,1.83,1.0,0.0,7,1,0
SYN00830,9,5,4,1,80.0,3,3,100.0,0.25,0.25,0.0,1.0,1.0,6,0,1
SYN00831,7,5,3,2,60.0,2,1,50.0,0.21,0.21,0.78,0.0,0.0,2,0,1
SYN00832,8,7,6,1,85.71,5,5,100.0,0.74,2.02,2.88,0.5,0.0,0,1,1
SYN00833,2,5,4,1,80.0,4,2,50.0,0.59,2.52,3.15,5.0,1.85,4,3,1
SYN00834,2,10,7,3,70.0,4,4,100.0,0.97,2.34,1.26,2.0,0.74,7,0,1
SYN00835,2,10,8,2,80.0,5,2,40.0,3.02,3.23,0.0,1.0,1.0,7,4,1
SYN00836,4,10,8,2,80.0,5,3,60.0,0.45,0.49,4.14,3.0,0.0,3,1,1
SYN00837,4,5,2,3,40.0,2,1,50.0,2.37,2.55,0.88,1.0,0.12,4,3,1
SYN00838,2,4,1,3,25.0,3,1,33.33,0.13,0.58,0.0,0.0,0.0,6,0,0
SYN00839,2,11,8,3,72.73,7,7,100.0,3.81,4.99,5.27,5.0,0.0,1,0,1
SYN00840,8,6,4,2,66.67,4,3,75.0,0.05,2.41,1.33,2.0,0.67,2,2,1
SYN00841,7,9,8,1,88.89,7,7,100.0,0.15,2.39,1.52,2.0,0.48,1,0,1
SYN00842,8,11,4,7,36.36,8,2,25.0,0.76,1.55,0.33,0.0,0.0,4,3,0
SYN00843,4,4,1,3,25.0,3,3,100.0,0.99,1.17,0.27,1.0,0.73,7,1,0
SYN00844,8,4,3,1,75.0,2,1,50.0,0.84,1.31,2.44,3.0,0.56,2,1,0
SYN00845,2,4,2,2,50.0,2,1,50.0,1.69,2.99,0.31,0.5,0.19,7,4,0
SYN00846,7,5,1,4,20.0,3,2,66.67,3.89,4.02,3.11,3.0,0.0,4,1,1
SYN00847,3,4,3,1,75.0,2,1,50.0,0.05,1.34,2.72,2.0,0.0,2,0,1
SYN00848,5,10,1,9,10.0,5,3,60.0,0.1,1.62,1.7,1.0,0.0,7,0,0
SYN00849,9,8,3,5,37.5,4,3,75.0,0.0,1.52,1.2,3.0,1.8,4,1,0
SYN00850,1,11,10,1,90.91,6,5,83.33,0.19,0.68,4.69,3.0,0.0,4,2,1
SYN00851,7,10,10,0,100.0,6,6,100.0,0.24,1.52,3.07,3.0,0.0,1,2,1
SYN00852,6,11,3,8,27.27,6,2,33.33,1.97,2.51,0.6,1.0,0.4,4,2,0
SYN00853,3,5,3,2,60.0,2,2,100.0,0.03,3.56,0.0,1.0,1.0,1,0,0
SYN00854,9,6,4,2,66.67,3,3,100.0,0.47,1.88,3.39,1.0,0.0,3,1,1
SYN00855,8,10,10,0,100.0,6,3,50.0,0.38,0.79,2.83,0.0,0.0,7,0,1
SYN00856,8,5,2,3,40.0,3,1,33.33,0.72,2.52,5.24,3.0,0.0,7,2,1
SYN00857,9,4,2,2,50.0,3,1,33.33,0.13,1.66,5.15,5.0,0.0,3,0,0
SYN00858,8,9,9,0,100.0,4,2,50.0,0.72,1.36,0.41,0.0,0.0,2,3,1
SYN00859,7,10,5,5,50.0,4,4,100.0,0.38,1.56,3.79,2.0,0.0,1,2,1
SYN00860,2,11,9,2,81.82,6,4,66.67,1.31,1.66,2.71,3.0,0.29,1,1,1
SYN00861,4,11,3,8,27.27,5,2,40.0,1.15,3.1,2.65,2.0,0.0,4,1,0
SYN00862,4,4,2,2,50.0,2,1,50.0,3.62,4.7,0.27,0.0,0.0,7,0,0
SYN00863,2,10,2,8,20.0,8,2,25.0,0.44,0.68,2.3,0.0,0.0,6,0,1
SYN00864,3,10,3,7,30.0,5,4,80.0,1.61,2.69,2.72,1.0,0.0,2,3,0
SYN00865,8,9,7,2,77.78,5,3,60.0,0.02,0.64,2.83,3.0,0.17,6,2,1
SYN00866,6,10,6,4,60.0,7,7,100.0,0.15,2.11,2.83,1.0,0.0,3,0,1
SYN00867,1,10,5,5,50.0,6,5,83.33,0.12,0.71,1.0,1.0,0.0,5,3,1
SYN00868,7,7,3,4,42.86,3,3,100.0,4.73,5.0,1.35,2.0,0.65,2,4,0
SYN00869,3,4,2,2,50.0,2,1,50.0,0.05,2.21,1.66,2.0,0.34,6,3,0
SYN00870,1,7,5,2,71.43,5,2,40.0,0.23,0.41,3.18,3.0,0.0,3,4,0
SYN00871,1,5,4,1,80.0,2,1,50.0,0.75,2.22,1.06,2.0,0.94,6,3,1
SYN00872,1,4,0,4,0.0,3,1,33.33,0.6,3.19,0.38,1.0,0.62,1,4,0
SYN00873,3,4,2,2,50.0,3,3,100.0,0.18,0.82,1.27,3.0,1.73,7,2,1
SYN00874,6,9,6,3,66.67,5,3,60.0,3.79,5.0,1.01,2.0,0.99,3,4,0
SYN00875,3,8,5,3,62.5,6,6,100.0,0.07,0.18,2.28,2.0,0.0,5,3,1
SYN00876,8,8,6,2,75.0,4,3,75.0,0.5,2.02,1.25,0.0,0.0,4,1,1
SYN00877,4,9,6,3,66.67,5,3,60.0,1.21,1.78,2.1,1.0,0.0,4,0,0
SYN00878,1,8,4,4,50.0,4,1,25.0,0.32,3.26,0.52,0.0,0.0,2,2,1
SYN00879,2,9,4,5,44.44,7,5,71.43,1.05,2.41,1.16,3.0,1.84,7,0,0
SYN00880,3,4,2,2,50.0,2,1,50.0,0.14,1.19,0.0,0.0,0.0,1,4,1
SYN00881,6,10,9,1,90.0,5,5,100.0,0.31,3.15,0.76,1.0,0.24,2,3,1
SYN00882,5,7,3,4,42.86,5,2,40.0,0.03,0.9,6.16,5.0,0.0,3,4,1
SYN00883,9,5,3,2,60.0,2,2,100.0,0.42,1.26,1.33,2.0,0.67,3,1,1
SYN00884,2,10,6,4,60.0,8,8,100.0,0.0,1.02,0.54,2.0,1.46,1,2,0
SYN00885,2,9,9,0,100.0,6,4,66.67,1.69,2.14,3.74,2.0,0.0,6,1,1
SYN00886,5,4,2,2,50.0,3,3,100.0,0.23,0.49,0.0,0.0,0.0,4,2,1
SYN00887,7,5,4,1,80.0,4,3,75.0,0.07,0.82,0.0,1.0,1.0,7,0,1
SYN00888,4,4,4,0,100.0,3,3,100.0,0.21,0.75,2.27,2.0,0.0,2,1,1
SYN00889,2,6,4,2,66.67,3,2,66.67,1.04,1.05,2.94,3.0,0.06,3,4,1
SYN00890,4,4,2,2,50.0,3,3,100.0,0.48,1.59,0.4,1.0,0.6,4,3,1
SYN00891,6,9,5,4,55.56,7,4,57.14,2.99,3.17,1.0,1.0,0.0,4,4,0
SYN00892,5,8,4,4,50.0,6,3,50.0,0.14,0.8,0.0,0.5,0.5,1,3,0
SYN00893,2,11,9,2,81.82,7,2,28.57,0.88,2.62,0.39,1.0,0.61,6,0,0
SYN00894,1,9,6,3,66.67,5,5,100.0,0.26,2.02,0.96,1.0,0.04,7,2,1
SYN00895,8,8,5,3,62.5,5,2,40.0,2.21,2.59,0.0,0.0,0.0,4,1,1
SYN00896,4,8,3,5,37.5,3,3,100.0,0.85,1.13,2.15,1.0,0.0,3,0,1
SYN00897,1,4,1,3,25.0,2,2,100.0,2.63,3.17,0.0,1.0,1.0,3,1,1
SYN00898,4,4,4,0,100.0,3,3,100.0,0.03,1.41,0.87,2.0,1.13,0,0,0
SYN00899,2,8,4,4,50.0,5,3,60.0,0.31,0.57,2.2,1.0,0.0,0,1,1
SYN00900,2,4,2,2,50.0,2,1,50.0,0.89,1.24,1.68,1.0,0.0,2,3,0
SYN00901,6,4,4,0,100.0,2,2,100.0,4.49,4.77,1.1,1.0,0.0,1,1,0
SYN00902,7,5,3,2,60.0,3,2,66.67,0.32,2.04,0.0,2.0,2.0,2,3,0
SYN00903,7,11,8,3,72.73,6,2,33.33,2.85,2.95,0.27,1.0,0.73,2,1,1
SYN00904,8,7,4,3,57.14,5,5,100.0,0.65,0.83,2.74,3.0,0.26,1,0,0
SYN00905,5,9,5,4,55.56,6,3,50.0,0.76,1.7,0.83,1.0,0.17,3,3,1
SYN00906,7,7,4,3,57.14,3,1,33.33,1.62,3.36,3.37,2.0,0.0,0,0,0
SYN00907,3,5,1,4,20.0,2,1,50.0,0.59,2.93,3.39,1.0,0.0,6,4,0
SYN00908,6,6,3,3,50.0,4,4,100.0,0.55,0.74,2.74,2.0,0.0,5,2,1
SYN00909,6,4,3,1,75.0,2,0,0.0,0.46,0.8,1.36,2.0,0.64,1,0,0
SYN00910,4,10,10,0,100.0,7,7,100.0,0.56,3.77,1.96,0.5,0.0,1,1,1
SYN00911,9,5,3,2,60.0,2,1,50.0,1.27,1.42,0.29,1.0,0.71,0,1,0
SYN00912,9,7,0,7,0.0,3,2,66.67,0.11,5.0,0.0,0.0,0.0,1,2,0
SYN00913,6,11,6,5,54.55,6,3,50.0,0.11,0.39,0.0,1.0,1.0,4,3,1
SYN00914,2,8,8,0,100.0,6,6,100.0,0.35,2.28,0.15,3.0,2.85,0,1,1
SYN00915,2,7,6,1,85.71,6,4,66.67,1.07,2.48,0.54,1.0,0.46,0,1,1
SYN00916,6,8,3,5,37.5,6,3,50.0,0.21,2.52,1.79,2.0,0.21,4,4,1
SYN00917,9,10,7,3,70.0,6,3,50.0,2.08,2.55,0.0,1.0,1.0,7,0,0
SYN00918,2,6,2,4,33.33,4,3,75.0,0.11,0.24,0.0,1.0,1.0,3,3,1
SYN00919,7,9,2,7,22.22,4,3,75.0,1.9,4.53,0.29,2.0,1.71,2,0,0
SYN00920,6,10,5,5,50.0,6,5,83.33,0.94,0.97,0.0,0.0,0.0,6,1,0
SYN00921,6,8,5,3,62.5,6,4,66.67,1.17,1.28,0.0,0.0,0.0,6,2,1
SYN00922,2,7,1,6,14.29,4,1,25.0,1.39,1.69,1.71,0.5,0.0,6,0,0
SYN00923,2,5,2,3,40.0,4,2,50.0,0.41,1.84,0.7,0.5,0.0,3,0,0
SYN00924,4,5,3,2,60.0,2,2,100.0,0.45,0.94,6.93,5.0,0.0,0,4,1
SYN00925,3,11,5,6,45.45,5,2,40.0,1.16,1.79,0.0,0.5,0.5,7,0,0
SYN00926,6,8,6,2,75.0,5,4,80.0,1.78,2.14,2.57,0.0,0.0,7,0,1
SYN00927,5,6,2,4,33.33,5,3,60.0,0.15,0.71,0.0,0.0,0.0,4,3,1
SYN00928,6,7,5,2,71.43,4,2,50.0,0.19,0.5,0.0,0.5,0.5,6,2,1
SYN00929,6,8,2,6,25.0,6,6,100.0,0.25,1.79,3.89,1.0,0.0,7,1,1
SYN00930,9,8,8,0,100.0,4,1,25.0,0.47,5.0,0.0,0.5,0.5,0,4,0
SYN00931,4,9,2,7,22.22,6,3,50.0,1.21,1.9,0.0,0.0,0.0,3,4,0
SYN00932,4,6,2,4,33.33,4,4,100.0,0.23,2.03,0.0,0.0,0.0,6,0,1
SYN00933,6,9,6,3,66.67,4,4,100.0,0.84,1.03,0.0,2.0,2.0,5,2,1
SYN00934,6,7,7,0,100.0,5,5,100.0,1.16,2.08,0.0,1.0,1.0,0,4,1
SYN00935,2,11,7,4,63.64,8,5,62.5,0.82,0.88,2.74,2.0,0.0,0,0,0
SYN00936,3,5,4,1,80.0,3,2,66.67,0.35,0.39,0.0,0.5,0.5,2,2,1
SYN00937,8,5,3,2,60.0,2,2,100.0,0.3,2.34,0.69,1.0,0.31,3,0,0
SYN00938,1,7,2,5,28.57,3,3,100.0,0.88,2.39,6.07,5.0,0.0,0,0,0
SYN00939,2,8,4,4,50.0,6,4,66.67,1.35,2.66,0.56,0.0,0.0,2,4,1
SYN00940,7,9,3,6,33.33,6,5,83.33,0.29,1.52,1.5,1.0,0.0,4,3,1
SYN00941,9,7,2,5,28.57,5,4,80.0,2.85,3.57,2.46,1.0,0.0,6,0,0
SYN00942,8,11,8,3,72.73,7,6,85.71,0.65,1.34,1.93,0.0,0.0,4,1,1
SYN00943,7,7,2,5,28.57,5,2,40.0,0.7,0.82,0.0,1.0,1.0,4,1,0
SYN00944,3,5,3,2,60.0,2,1,50.0,3.11,3.25,1.58,1.0,0.0,5,4,0
SYN00945,7,4,1,3,25.0,2,1,50.0,1.29,1.86,0.67,1.0,0.33,5,1,0
SYN00946,4,11,7,4,63.64,7,2,28.57,2.8,5.0,0.82,1.0,0.18,1,0,0
SYN00947,3,5,2,3,40.0,2,0,0.0,0.89,2.98,0.0,1.0,1.0,2,4,0
SYN00948,3,11,10,1,90.91,5,3,60.0,0.13,0.55,0.36,1.0,0.64,0,0,1
SYN00949,3,6,4,2,66.67,4,2,50.0,0.06,2.16,1.49,2.0,0.51,0,4,1
SYN00950,6,4,4,0,100.0,3,2,66.67,1.11,1.18,3.72,2.0,0.0,6,1,1
SYN00951,8,6,2,4,33.33,4,3,75.0,0.79,3.48,0.0,1.0,1.0,5,3,0
SYN00952,6,8,5,3,62.5,3,2,66.67,3.46,4.86,0.0,0.5,0.5,5,2,0
SYN00953,8,7,2,5,28.57,6,3,50.0,3.31,3.41,1.99,2.0,0.01,3,1,0
SYN00954,3,10,5,5,50.0,5,2,40.0,2.97,4.34,0.0,0.5,0.5,0,2,0
SYN00955,6,8,4,4,50.0,4,4,100.0,1.0,2.08,2.83,3.0,0.17,3,0,1
SYN00956,7,7,3,4,42.86,6,4,66.67,1.06,1.32,2.79,2.0,0.0,1,2,0
SYN00957,4,9,3,6,33.33,6,3,50.0,0.51,1.06,0.88,1.0,0.12,7,0,1
SYN00958,8,11,3,8,27.27,9,5,55.56,1.34,2.4,1.48,2.0,0.52,3,1,1
SYN00959,6,7,0,7,0.0,5,2,40.0,0.81,0.9,0.31,0.5,0.19,0,0,1
SYN00960,3,5,2,3,40.0,3,2,66.67,0.33,0.56,1.02,0.0,0.0,2,3,1
SYN00961,7,7,5,2,71.43,4,2,50.0,0.72,1.84,3.61,5.0,1.39,5,4,0
SYN00962,1,10,2,8,20.0,5,3,60.0,0.51,3.43,2.87,2.0,0.0,3,0,0
SYN00963,8,5,1,4,20.0,4,3,75.0,0.61,1.07,0.0,1.0,1.0,0,3,0
SYN00964,2,11,11,0,100.0,8,6,75.0,0.13,0.33,2.72,2.0,0.0,2,2,1
SYN00965,5,8,4,4,50.0,4,4,100.0,0.6,0.67,0.0,0.0,0.0,5,0,1
SYN00966,7,8,5,3,62.5,4,4,100.0,0.15,1.92,2.65,2.0,0.0,4,3,1
SYN00967,8,6,5,1,83.33,3,3,100.0,0.73,1.12,4.88,5.0,0.12,4,3,1
SYN00968,4,11,8,3,72.73,6,5,83.33,0.14,0.89,2.12,2.0,0.0,5,4,1
SYN00969,6,4,1,3,25.0,3,2,66.67,1.06,1.68,2.15,1.0,0.0,5,0,0
SYN00970,1,6,3,3,50.0,2,1,50.0,0.63,3.48,0.01,1.0,0.99,3,0,0
SYN00971,8,7,1,6,14.29,4,4,100.0,1.26,1.66,2.97,3.0,0.03,6,2,1
SYN00972,3,7,7,0,100.0,5,2,40.0,0.75,1.88,1.36,1.0,0.0,7,3,0
SYN00973,8,7,1,6,14.29,4,1,25.0,1.19,1.59,2.64,3.0,0.36,1,0,0
SYN00974,5,5,2,3,40.0,3,3,100.0,0.38,0.6,1.86,1.0,0.0,5,1,1
SYN00975,4,5,2,3,40.0,3,1,33.33,0.52,1.47,0.4,0.0,0.0,2,2,0
SYN00976,4,4,1,3,25.0,2,2,100.0,0.35,2.32,0.0,0.5,0.5,0,3,1
SYN00977,7,8,8,0,100.0,4,2,50.0,0.18,0.23,2.51,1.0,0.0,2,1,1
SYN00978,3,6,6,0,100.0,3,3,100.0,0.07,0.51,0.67,0.0,0.0,7,1,1
SYN00979,6,8,4,4,50.0,4,4,100.0,1.12,1.34,0.0,1.0,1.0,4,0,1
SYN00980,1,8,2,6,25.0,4,3,75.0,0.24,0.81,1.98,3.0,1.02,3,1,0
SYN00981,6,9,0,9,0.0,5,5,100.0,1.28,2.74,0.0,0.0,0.0,2,4,0
SYN00982,2,8,4,4,50.0,3,2,66.67,0.16,0.3,2.54,2.0,0.0,4,3,1
SYN00983,3,9,5,4,55.56,7,7,100.0,0.43,1.59,0.0,1.0,1.0,4,4,1
SYN00984,7,8,3,5,37.5,4,3,75.0,0.8,0.98,1.04,2.0,0.96,3,4,1
SYN00985,7,9,6,3,66.67,5,2,40.0,0.46,1.03,0.31,1.0,0.69,3,2,1
SYN00986,1,8,6,2,75.0,6,4,66.67,1.72,2.76,1.27,3.0,1.73,5,0,0
SYN00987,2,6,4,2,66.67,3,2,66.67,0.92,2.3,0.0,1.0,1.0,4,3,1
SYN00988,2,5,3,2,60.0,3,2,66.67,0.29,1.39,1.16,1.0,0.0,0,4,0
SYN00989,2,10,3,7,30.0,7,1,14.29,0.45,1.96,0.0,0.0,0.0,2,1,0
SYN00990,3,6,5,1,83.33,4,3,75.0,2.29,2.62,0.51,1.0,0.49,0,3,0
SYN00991,4,8,5,3,62.5,4,1,25.0,0.37,1.3,0.0,0.0,0.0,7,1,0
SYN00992,5,5,4,1,80.0,3,0,0.0,0.43,0.66,0.74,1.0,0.26,2,4,1
SYN00993,7,7,6,1,85.71,5,3,60.0,1.03,1.76,0.0,1.0,1.0,7,1,0
SYN00994,1,8,2,6,25.0,4,2,50.0,3.02,3.06,3.75,2.0,0.0,1,3,0
SYN00995,4,9,2,7,22.22,4,2,50.0,0.73,1.09,3.09,1.0,0.0,2,0,0
SYN00996,1,8,3,5,37.5,3,0,0.0,0.21,0.86,1.43,2.0,0.57,3,4,0
SYN00997,6,6,2,4,33.33,4,2,50.0,5.0,5.0,0.0,0.0,0.0,7,2,0
SYN00998,9,11,9,2,81.82,6,4,66.67,0.19,0.22,3.03,2.0,0.0,0,2,1
SYN00999,9,8,6,2,75.0,4,2,50.0,1.17,1.88,5.71,5.0,0.0,6,3,1
SYN01000,1,10,9,1,90.0,6,5,83.33,0.29,0.41,3.25,1.0,0.0,5,1,1
SYN01001,7,9,6,3,66.67,7,7,100.0,2.35,2.91,2.57,0.0,0.0,1,3,1
SYN01002,8,8,5,3,62.5,3,2,66.67,1.31,4.21,0.0,2.0,2.0,6,0,0
SYN01003,8,11,10,1,90.91,5,5,100.0,0.26,1.74,1.39,0.0,0.0,4,2,0
SYN01004,1,5,4,1,80.0,3,3,100.0,0.06,0.72,0.73,1.0,0.27,4,1,1
SYN01005,2,11,7,4,63.64,7,3,42.86,2.88,4.52,0.66,0.0,0.0,3,2,1
SYN01006,4,10,10,0,100.0,6,5,83.33,0.83,2.31,1.93,1.0,0.0,3,2,1
SYN01007,1,8,5,3,62.5,6,6,100.0,0.68,1.07,3.88,3.0,0.0,6,3,1
SYN01008,4,9,5,4,55.56,4,2,50.0,3.67,3.94,1.2,0.0,0.0,7,1,0
SYN01009,3,8,3,5,37.5,4,2,50.0,2.11,5.0,0.33,1.0,0.67,7,4,0
SYN01010,8,6,5,1,83.33,3,2,66.67,0.26,0.38,0.0,1.0,1.0,2,3,1
SYN01011,9,10,9,1,90.0,5,1,20.0,0.48,0.69,2.42,1.0,0.0,4,0,1
SYN01012,3,5,3,2,60.0,3,1,33.33,0.27,0.62,0.95,2.0,1.05,7,0,1
SYN01013,7,6,6,0,100.0,4,2,50.0,2.21,3.56,4.23,2.0,0.0,5,2,1
SYN01014,1,8,1,7,12.5,4,3,75.0,2.28,2.91,2.08,3.0,0.92,0,4,0
SYN01015,4,10,6,4,60.0,7,5,71.43,4.18,5.0,0.54,1.0,0.46,5,4,0
SYN01016,9,7,4,3,57.14,3,3,100.0,0.63,1.5,0.0,0.0,0.0,4,1,1
SYN01017,9,7,3,4,42.86,4,2,50.0,0.34,4.0,0.0,1.0,1.0,3,2,0
SYN01018,4,4,4,0,100.0,2,1,50.0,0.26,1.7,0.0,1.0,1.0,0,1,0
SYN01019,6,4,2,2,50.0,2,2,100.0,3.13,3.94,3.09,2.0,0.0,3,3,0
SYN01020,1,4,2,2,50.0,2,1,50.0,1.46,3.96,0.0,2.0,2.0,6,3,0
SYN01021,8,4,2,2,50.0,3,1,33.33,1.88,2.94,6.02,3.0,0.0,4,2,0
SYN01022,3,10,1,9,10.0,8,1,12.5,1.73,1.92,0.0,0.0,0.0,2,1,0
SYN01023,1,10,4,6,40.0,7,5,71.43,0.41,1.5,3.76,5.0,1.24,6,4,0
SYN01024,5,10,8,2,80.0,8,8,100.0,1.71,2.83,5.5,5.0,0.0,3,2,1
SYN01025,8,4,2,2,50.0,2,1,50.0,0.19,0.37,0.0,0.0,0.0,5,4,1
SYN01026,6,4,2,2,50.0,2,2,100.0,1.17,1.72,0.6,1.0,0.4,0,0,1
SYN01027,5,6,6,0,100.0,3,2,66.67,0.56,1.55,1.75,2.0,0.25,1,2,1
SYN01028,3,8,7,1,87.5,6,1,16.67,1.69,2.64,0.0,1.0,1.0,1,2,0
SYN01029,1,6,4,2,66.67,3,1,33.33,0.17,1.99,0.0,0.0,0.0,1,0,1
SYN01030,1,7,3,4,42.86,3,1,33.33,1.31,4.94,2.83,1.0,0.0,3,0,1
SYN01031,1,5,3,2,60.0,3,2,66.67,0.4,1.35,1.22,1.0,0.0,3,2,1
SYN01032,4,9,4,5,44.44,4,3,75.0,1.4,2.39,3.48,3.0,0.0,0,3,0
SYN01033,6,6,2,4,33.33,4,4,100.0,2.05,3.93,1.06,2.0,0.94,5,1,0
SYN01034,1,4,1,3,25.0,2,0,0.0,0.53,0.58,1.41,3.0,1.59,3,4,0
SYN01035,6,9,4,5,44.44,6,3,50.0,0.87,1.35,0.71,1.0,0.29,3,1,0
SYN01036,7,11,4,7,36.36,8,3,37.5,0.54,1.13,0.0,2.0,2.0,1,0,1
SYN01037,2,4,1,3,25.0,3,1,33.33,0.45,5.0,0.0,0.0,0.0,3,2,0
SYN01038,4,7,5,2,71.43,3,2,66.67,0.17,4.64,0.0,1.0,1.0,1,0,0
SYN01039,3,10,7,3,70.0,4,3,75.0,0.73,0.81,0.55,3.0,2.45,7,2,1
SYN01040,8,9,9,0,100.0,4,1,25.0,2.88,3.17,2.78,2.0,0.0,4,0,1
SYN01041,4,10,4,6,40.0,4,3,75.0,0.63,1.51,1.84,2.0,0.16,6,4,1
SYN01042,8,7,5,2,71.43,4,1,25.0,1.28,1.3,0.0,0.0,0.0,6,3,1
SYN01043,1,6,4,2,66.67,3,2,66.67,1.9,2.33,1.31,0.5,0.0,3,0,1
SYN01044,9,9,5,4,55.56,4,4,100.0,0.68,4.26,0.03,2.0,1.97,3,4,0
SYN01045,9,5,4,1,80.0,2,2,100.0,2.39,3.42,0.0,1.0,1.0,5,1,1
SYN01046,7,5,4,1,80.0,4,3,75.0,0.06,0.7,2.34,1.0,0.0,3,2,0
SYN01047,8,8,5,3,62.5,4,2,50.0,5.0,5.0,4.74,2.0,0.0,3,3,0
SYN01048,7,9,5,4,55.56,5,3,60.0,0.58,2.01,0.82,0.0,0.0,3,2,1
SYN01049,3,4,2,2,50.0,2,2,100.0,4.52,5.0,1.57,1.0,0.0,4,3,0
SYN01050,2,8,2,6,25.0,3,2,66.67,1.64,2.01,0.0,0.5,0.5,0,0,0
SYN01051,8,6,2,4,33.33,5,3,60.0,0.35,1.04,0.0,0.0,0.0,2,1,1
SYN01052,1,8,4,4,50.0,4,3,75.0,0.87,1.89,0.77,0.5,0.0,5,3,1
SYN01053,6,11,4,7,36.36,7,2,28.57,0.02,0.42,2.15,0.5,0.0,3,0,1
SYN01054,1,4,3,1,75.0,3,1,33.33,1.12,1.16,1.51,1.0,0.0,5,1,1
SYN01055,2,11,10,1,90.91,8,7,87.5,1.51,2.74,2.15,1.0,0.0,5,1,1
SYN01056,3,7,3,4,42.86,5,4,80.0,0.16,0.52,0.0,1.0,1.0,2,0,1
SYN01057,8,10,7,3,70.0,7,5,71.43,0.5,0.62,3.74,3.0,0.0,3,4,1
SYN01058,1,7,2,5,28.57,4,4,100.0,1.04,1.15,0.19,1.0,0.81,0,4,1
SYN01059,1,6,3,3,50.0,4,3,75.0,0.58,2.3,2.17,2.0,0.0,6,1,1
SYN01060,3,10,4,6,40.0,7,4,57.14,0.42,1.67,2.74,2.0,0.0,3,4,1
SYN01061,4,9,7,2,77.78,6,2,33.33,0.42,1.24,0.36,1.0,0.64,2,2,0
SYN01062,3,5,2,3,40.0,3,3,100.0,0.22,2.05,0.0,1.0,1.0,4,1,1
SYN01063,7,9,8,1,88.89,4,3,75.0,1.15,2.72,3.44,3.0,0.0,0,4,1
SYN01064,5,10,5,5,50.0,5,5,100.0,0.87,1.81,0.84,1.0,0.16,3,0,1
SYN01065,9,7,3,4,42.86,4,4,100.0,2.67,2.88,1.16,1.0,0.0,7,0,0
SYN01066,8,11,3,8,27.27,4,1,25.0,1.25,5.0,1.79,1.0,0.0,3,2,1
SYN01067,3,9,6,3,66.67,5,1,20.0,0.22,2.27,3.57,2.0,0.0,2,4,1
SYN01068,7,6,5,1,83.33,2,0,0.0,0.83,2.08,1.8,1.0,0.0,3,1,0
SYN01069,6,4,3,1,75.0,3,3,100.0,1.76,1.97,1.64,1.0,0.0,2,3,1
SYN01070,6,9,9,0,100.0,6,5,83.33,5.0,5.0,0.4,1.0,0.6,1,4,1
SYN01071,8,5,5,0,100.0,3,2,66.67,0.02,0.06,1.58,2.0,0.42,3,2,1
SYN01072,2,10,5,5,50.0,7,2,28.57,0.79,3.73,1.55,1.0,0.0,5,0,1
SYN01073,8,8,4,4,50.0,3,2,66.67,0.43,2.3,2.56,3.0,0.44,1,4,1
SYN01074,6,7,5,2,71.43,3,2,66.67,0.33,0.43,2.54,2.0,0.0,1,4,1
SYN01075,1,5,2,3,40.0,3,3,100.0,0.91,2.3,0.0,0.0,0.0,5,0,1
SYN01076,4,9,8,1,88.89,6,4,66.67,0.83,1.83,3.32,1.0,0.0,4,2,1
SYN01077,1,5,3,2,60.0,3,3,100.0,1.61,1.94,3.23,3.0,0.0,2,4,1
SYN01078,3,7,5,2,71.43,5,3,60.0,0.41,1.36,1.15,1.0,0.0,6,2,0
SYN01079,2,10,8,2,80.0,7,7,100.0,0.27,2.8,0.42,1.0,0.58,7,0,1
SYN01080,6,11,11,0,100.0,8,7,87.5,1.05,1.95,2.8,0.5,0.0,6,4,1
SYN01081,1,11,7,4,63.64,8,3,37.5,0.19,0.35,0.0,0.0,0.0,2,1,1
SYN01082,1,11,6,5,54.55,8,8,100.0,1.65,3.68,0.16,1.0,0.84,7,0,1
SYN01083,9,8,8,0,100.0,3,3,100.0,1.88,2.57,3.02,2.0,0.0,2,0,1
SYN01084,4,5,4,1,80.0,2,2,100.0,3.26,3.99,2.29,2.0,0.0,0,2,1
SYN01085,1,10,5,5,50.0,5,4,80.0,0.18,3.44,0.0,0.0,0.0,4,2,0
SYN01086,8,10,6,4,60.0,6,6,100.0,0.88,3.64,0.34,1.0,0.66,7,3,0
SYN01087,9,11,7,4,63.64,8,2,25.0,1.49,1.75,0.65,1.0,0.35,0,0,0
SYN01088,3,9,6,3,66.67,5,5,100.0,2.8,2.89,2.12,2.0,0.0,0,0,1
SYN01089,3,5,1,4,20.0,3,2,66.67,1.18,1.96,2.86,1.0,0.0,0,1,0
SYN01090,6,8,2,6,25.0,6,6,100.0,0.67,0.97,5.73,5.0,0.0,6,0,0
SYN01091,1,7,3,4,42.86,3,2,66.67,0.77,5.0,3.23,2.0,0.0,1,0,0
SYN01092,9,10,4,6,40.0,7,2,28.57,0.18,0.51,1.48,2.0,0.52,3,3,0
SYN01093,4,7,3,4,42.86,3,2,66.67,3.44,4.08,1.62,1.0,0.0,0,1,1
SYN01094,3,6,5,1,83.33,3,3,100.0,0.74,0.85,0.0,1.0,1.0,7,0,1
SYN01095,7,4,2,2,50.0,2,1,50.0,0.76,3.41,1.22,1.0,0.0,6,0,0
SYN01096,4,10,6,4,60.0,5,2,40.0,0.13,0.43,2.14,2.0,0.0,4,3,1
SYN01097,2,10,3,7,30.0,4,2,50.0,2.06,2.67,5.19,3.0,0.0,6,3,0
SYN01098,5,4,2,2,50.0,2,2,100.0,1.02,1.81,6.87,5.0,0.0,1,0,1
SYN01099,9,7,5,2,71.43,4,4,100.0,5.0,5.0,0.69,1.0,0.31,3,3,0
SYN01100,5,7,5,2,71.43,4,0,0.0,0.76,1.91,1.02,2.0,0.98,7,3,0
SYN01101,2,7,3,4,42.86,5,5,100.0,1.81,1.97,0.05,1.0,0.95,4,3,1
SYN01102,2,11,7,4,63.64,5,4,80.0,3.55,5.0,0.0,0.0,0.0,2,3,0
SYN01103,9,5,5,0,100.0,3,2,66.67,0.03,1.09,3.56,2.0,0.0,4,3,0
SYN01104,7,6,4,2,66.67,2,1,50.0,0.02,0.42,3.5,3.0,0.0,7,3,0
SYN01105,1,5,2,3,40.0,4,3,75.0,0.14,0.41,3.62,3.0,0.0,0,0,0
SYN01106,2,5,3,2,60.0,4,3,75.0,1.73,2.7,3.97,3.0,0.0,7,4,1
SYN01107,7,11,7,4,63.64,9,3,33.33,0.67,4.59,0.0,1.0,1.0,3,1,0
SYN01108,3,11,6,5,54.55,8,3,37.5,0.72,1.38,1.15,2.0,0.85,0,3,1
SYN01109,5,4,2,2,50.0,2,2,100.0,0.39,0.61,2.62,2.0,0.0,7,3,1
SYN01110,8,9,2,7,22.22,6,1,16.67,3.97,4.07,0.07,1.0,0.93,4,2,0
SYN01111,7,5,2,3,40.0,3,2,66.67,5.0,5.0,0.0,0.5,0.5,1,2,0
SYN01112,7,5,3,2,60.0,4,2,50.0,3.63,3.9,0.0,1.0,1.0,1,4,1
SYN01113,6,6,3,3,50.0,3,1,33.33,1.27,3.71,2.27,1.0,0.0,0,3,0
SYN01114,3,5,2,3,40.0,3,3,100.0,0.19,2.84,1.55,2.0,0.45,4,1,1
SYN01115,2,7,4,3,57.14,5,2,40.0,2.07,2.15,3.27,3.0,0.0,2,0,0
SYN01116,8,11,7,4,63.64,8,3,37.5,1.04,1.72,0.76,2.0,1.24,2,0,0
SYN01117,1,8,7,1,87.5,6,4,66.67,0.94,2.27,1.46,1.0,0.0,4,1,1
SYN01118,6,9,5,4,55.56,4,2,50.0,1.04,1.35,0.68,1.0,0.32,7,3,1
SYN01119,4,7,5,2,71.43,3,2,66.67,0.17,0.8,1.54,1.0,0.0,6,2,1
SYN01120,1,4,2,2,50.0,2,1,50.0,0.44,1.3,1.43,2.0,0.57,0,3,0
SYN01121,6,4,3,1,75.0,2,1,50.0,0.33,3.73,0.61,0.0,0.0,2,3,1
SYN01122,2,6,4,2,66.67,4,2,50.0,0.42,0.96,0.37,1.0,0.63,1,3,1
SYN01123,8,5,4,1,80.0,3,1,33.33,0.25,0.43,2.9,3.0,0.1,2,4,1
SYN01124,3,10,8,2,80.0,7,6,85.71,0.08,0.09,0.0,0.0,0.0,7,0,1
SYN01125,3,10,7,3,70.0,5,3,60.0,0.21,1.66,2.03,2.0,0.0,2,2,1
SYN01126,7,10,6,4,60.0,7,4,57.14,0.2,0.29,3.33,3.0,0.0,5,1,0
SYN01127,3,9,6,3,66.67,7,7,100.0,1.43,2.42,1.41,2.0,0.59,6,3,1
SYN01128,4,8,7,1,87.5,5,3,60.0,1.27,3.34,2.86,3.0,0.14,2,4,1
SYN01129,4,9,4,5,44.44,5,5,100.0,3.35,3.77,2.22,2.0,0.0,3,3,0
SYN01130,5,7,3,4,42.86,3,3,100.0,0.97,2.23,1.61,1.0,0.0,6,3,0
SYN01131,7,9,6,3,66.67,4,4,100.0,0.38,2.21,0.91,1.0,0.09,2,4,1
SYN01132,8,10,7,3,70.0,7,6,85.71,1.37,2.45,0.0,0.0,0.0,5,2,0
SYN01133,2,10,4,6,40.0,6,4,66.67,2.48,2.63,0.1,0.0,0.0,1,4,0
SYN01134,5,8,5,3,62.5,3,2,66.67,0.17,0.92,2.8,2.0,0.0,7,0,0
SYN01135,5,4,2,2,50.0,3,2,66.67,1.68,4.58,0.0,1.0,1.0,1,1,0
SYN01136,9,9,0,9,0.0,6,0,0.0,0.46,3.11,0.0,1.0,1.0,5,4,0
SYN01137,6,6,3,3,50.0,4,3,75.0,1.74,2.45,1.21,2.0,0.79,7,1,1
SYN01138,8,9,5,4,55.56,5,4,80.0,0.0,2.17,0.0,0.0,0.0,1,0,0
SYN01139,5,8,4,4,50.0,6,5,83.33,0.97,1.41,0.0,1.0,1.0,3,4,0
SYN01140,5,11,10,1,90.91,5,3,60.0,0.18,1.25,2.69,2.0,0.0,7,1,1
SYN01141,5,6,2,4,33.33,3,3,100.0,0.33,0.65,0.0,0.0,0.0,0,2,1
SYN01142,1,11,4,7,36.36,8,2,25.0,0.17,0.61,0.0,1.0,1.0,2,3,0
SYN01143,4,10,0,10,0.0,8,3,37.5,1.54,1.9,0.0,0.0,0.0,7,2,0
SYN01144,9,6,3,3,50.0,4,0,0.0,0.03,0.89,1.64,2.0,0.36,1,0,1
SYN01145,9,7,4,3,57.14,3,2,66.67,1.98,2.43,0.0,2.0,2.0,7,3,0
SYN01146,2,8,4,4,50.0,4,2,50.0,0.2,0.81,3.16,2.0,0.0,5,3,1
SYN01147,5,10,9,1,90.0,7,3,42.86,0.49,1.58,0.72,0.5,0.0,1,1,1
SYN01148,8,9,7,2,77.78,7,5,71.43,0.17,0.19,2.81,2.0,0.0,1,3,1
SYN01149,8,10,6,4,60.0,5,3,60.0,1.55,2.98,0.0,1.0,1.0,2,4,0
SYN01150,6,6,3,3,50.0,3,1,33.33,1.67,1.95,1.49,1.0,0.0,4,4,1
SYN01151,5,8,7,1,87.5,5,5,100.0,0.12,2.3,0.0,0.0,0.0,7,2,1
SYN01152,8,7,4,3,57.14,5,3,60.0,0.1,1.84,0.0,0.0,0.0,6,0,1
SYN01153,6,11,4,7,36.36,6,2,33.33,0.33,0.44,0.92,0.5,0.0,0,4,0
SYN01154,8,6,1,5,16.67,4,2,50.0,0.27,0.51,0.42,0.5,0.08,4,2,0
SYN01155,8,8,4,4,50.0,6,4,66.67,0.21,1.76,0.97,0.0,0.0,2,3,1
SYN01156,3,4,3,1,75.0,2,1,50.0,0.19,0.38,0.17,0.0,0.0,4,4,1
SYN01157,9,10,10,0,100.0,6,6,100.0,0.21,0.25,2.44,3.0,0.56,3,1,1
SYN01158,4,7,4,3,57.14,5,3,60.0,0.71,1.23,2.01,1.0,0.0,4,0,1
SYN01159,2,6,2,4,33.33,4,4,100.0,0.68,0.78,3.26,2.0,0.0,6,4,1
SYN01160,3,8,2,6,25.0,6,3,50.0,1.15,1.39,1.11,1.0,0.0,1,0,0
SYN01161,6,7,5,2,71.43,4,3,75.0,0.94,1.26,1.6,0.0,0.0,2,2,1
SYN01162,9,10,2,8,20.0,6,6,100.0,1.54,2.8,4.72,5.0,0.28,0,3,0
SYN01163,2,8,6,2,75.0,4,4,100.0,0.24,0.75,0.0,0.0,0.0,2,3,1
SYN01164,7,8,6,2,75.0,5,5,100.0,2.5,2.74,2.01,2.0,0.0,7,0,1
SYN01165,1,4,3,1,75.0,2,1,50.0,0.24,1.15,1.84,2.0,0.16,5,1,0
SYN01166,5,4,2,2,50.0,2,1,50.0,1.11,1.52,0.63,1.0,0.37,5,3,0
SYN01167,9,7,5,2,71.43,4,0,0.0,1.76,3.42,1.14,2.0,0.86,6,2,0
SYN01168,6,11,7,4,63.64,7,4,57.14,0.98,3.0,0.81,2.0,1.19,4,2,0
SYN01169,9,11,4,7,36.36,9,9,100.0,0.23,0.48,3.13,3.0,0.0,0,3,1
SYN01170,9,9,9,0,100.0,6,5,83.33,0.41,0.5,2.44,1.0,0.0,5,4,1
SYN01171,7,9,5,4,55.56,7,4,57.14,1.61,1.89,1.48,0.5,0.0,1,3,0
SYN01172,1,7,6,1,85.71,4,4,100.0,2.33,3.52,1.47,1.0,0.0,1,0,1
SYN01173,4,5,0,5,0.0,3,2,66.67,0.0,1.72,1.5,0.0,0.0,5,4,1
SYN01174,2,4,4,0,100.0,3,1,33.33,1.42,3.48,1.02,1.0,0.0,7,2,1
SYN01175,7,6,6,0,100.0,3,2,66.67,2.99,5.0,0.81,2.0,1.19,2,3,0
SYN01176,2,6,4,2,66.67,4,1,25.0,0.21,0.76,0.58,1.0,0.42,2,3,0
SYN01177,9,5,4,1,80.0,3,2,66.67,0.36,0.95,2.93,3.0,0.07,5,1,1
SYN01178,6,6,4,2,66.67,3,2,66.67,1.5,3.38,4.39,5.0,0.61,2,3,1
SYN01179,9,4,2,2,50.0,3,2,66.67,0.3,0.64,0.73,0.0,0.0,1,4,1
SYN01180,8,8,6,2,75.0,4,2,50.0,0.27,2.84,1.62,0.5,0.0,1,4,1
SYN01181,8,11,4,7,36.36,4,3,75.0,0.46,0.96,0.0,1.0,1.0,6,4,0
SYN01182,1,9,4,5,44.44,4,0,0.0,0.09,0.29,0.0,0.0,0.0,4,0,0
SYN01183,5,7,6,1,85.71,3,2,66.67,1.13,2.36,0.0,0.0,0.0,2,4,1
SYN01184,9,7,6,1,85.71,4,3,75.0,1.61,2.19,2.89,3.0,0.11,7,1,1
SYN01185,2,6,3,3,50.0,5,2,40.0,1.63,2.65,0.0,0.0,0.0,2,4,0
SYN01186,4,5,2,3,40.0,3,2,66.67,1.32,1.65,2.63,0.5,0.0,5,2,1
SYN01187,2,8,4,4,50.0,6,3,50.0,0.71,0.83,2.77,1.0,0.0,1,3,1
SYN01188,5,8,6,2,75.0,5,5,100.0,4.06,5.0,1.12,0.0,0.0,7,3,0
SYN01189,1,4,1,3,25.0,2,1,50.0,2.33,2.99,0.85,2.0,1.15,1,3,0
SYN01190,1,7,5,2,71.43,3,2,66.67,0.77,1.53,0.78,2.0,1.22,3,1,1
SYN01191,4,6,5,1,83.33,5,2,40.0,0.34,0.69,0.0,1.0,1.0,4,3,0
SYN01192,8,5,3,2,60.0,3,1,33.33,0.98,1.28,2.33,0.5,0.0,4,2,0
SYN01193,1,9,8,1,88.89,7,5,71.43,0.03,1.62,1.91,3.0,1.09,4,1,1
SYN01194,8,8,4,4,50.0,4,2,50.0,1.54,3.47,1.54,2.0,0.46,6,0,0
SYN01195,7,9,5,4,55.56,6,4,66.67,0.75,0.83,0.0,1.0,1.0,6,4,1
SYN01196,9,9,3,6,33.33,6,4,66.67,0.16,1.01,0.0,1.0,1.0,2,2,0
SYN01197,8,11,9,2,81.82,9,5,55.56,1.16,1.19,1.4,1.0,0.0,5,1,1
SYN01198,7,10,4,6,40.0,4,4,100.0,0.07,0.32,0.68,0.5,0.0,4,1,1
SYN01199,8,8,5,3,62.5,6,3,50.0,4.67,5.0,0.0,1.0,1.0,3,2,0
SYN01200,7,11,6,5,54.55,6,4,66.67,0.21,1.02,0.44,2.0,1.56,4,4,1
SYN01201,1,7,2,5,28.57,5,4,80.0,2.89,3.0,1.31,1.0,0.0,6,1,0
SYN01202,6,11,5,6,45.45,7,5,71.43,1.27,1.68,1.91,2.0,0.09,5,0,1
SYN01203,2,10,9,1,90.0,6,5,83.33,0.4,0.63,1.52,2.0,0.48,0,0,1
SYN01204,2,9,6,3,66.67,5,4,80.0,2.62,3.71,2.73,2.0,0.0,0,4,0
SYN01205,9,11,4,7,36.36,8,6,75.0,0.08,2.91,0.0,1.0,1.0,5,3,1
SYN01206,9,8,5,3,62.5,4,2,50.0,0.63,1.57,0.0,0.5,0.5,4,0,0
SYN01207,9,9,5,4,55.56,5,2,40.0,0.59,1.87,2.62,2.0,0.0,4,2,0
SYN01208,1,6,6,0,100.0,4,1,25.0,1.65,1.7,1.22,2.0,0.78,6,1,1
SYN01209,9,11,7,4,63.64,8,1,12.5,1.05,2.08,0.38,0.0,0.0,1,2,0
SYN01210,1,8,4,4,50.0,5,5,100.0,0.02,0.53,1.62,3.0,1.38,2,3,0
SYN01211,9,10,10,0,100.0,7,0,0.0,1.15,1.43,2.01,3.0,0.99,5,2,0
SYN01212,2,7,1,6,14.29,4,4,100.0,0.95,1.02,0.0,2.0,2.0,6,2,0
SYN01213,2,10,6,4,60.0,7,3,42.86,0.43,0.57,0.0,0.0,0.0,7,3,1
SYN01214,1,4,4,0,100.0,3,3,100.0,0.42,0.54,1.43,2.0,0.57,7,3,1
SYN01215,8,4,2,2,50.0,3,0,0.0,1.2,1.62,1.54,1.0,0.0,2,0,0
SYN01216,8,8,1,7,12.5,6,4,66.67,0.9,0.96,0.86,1.0,0.14,1,3,0
SYN01217,2,9,5,4,55.56,6,6,100.0,0.9,3.51,1.39,0.0,0.0,5,2,1
SYN01218,8,10,10,0,100.0,5,4,80.0,1.21,2.17,1.53,2.0,0.47,1,2,1
SYN01219,3,7,5,2,71.43,5,3,60.0,1.55,2.64,0.0,1.0,1.0,3,1,0
SYN01220,8,9,4,5,44.44,4,0,0.0,0.42,0.59,1.41,1.0,0.0,2,2,0
SYN01221,5,8,3,5,37.5,4,1,25.0,0.65,1.17,0.0,1.0,1.0,3,4,0
SYN01222,6,11,5,6,45.45,8,8,100.0,0.81,1.19,1.15,1.0,0.0,7,2,1
SYN01223,8,9,6,3,66.67,5,3,60.0,1.47,1.74,0.0,1.0,1.0,2,0,0
SYN01224,5,7,7,0,100.0,4,3,75.0,0.09,0.6,0.67,1.0,0.33,6,1,1
SYN01225,4,11,9,2,81.82,9,7,77.78,0.95,2.92,0.84,0.0,0.0,1,4,1
SYN01226,6,4,3,1,75.0,2,1,50.0,0.38,2.2,1.7,1.0,0.0,2,4,1
SYN01227,3,11,3,8,27.27,4,3,75.0,1.63,5.0,0.0,0.0,0.0,1,0,0
SYN01228,5,5,1,4,20.0,2,1,50.0,0.3,0.36,1.94,2.0,0.06,5,4,1
SYN01229,9,6,4,2,66.67,3,2,66.67,0.22,0.67,0.4,1.0,0.6,6,0,1
SYN01230,6,10,3,7,30.0,7,3,42.86,2.63,2.88,1.64,2.0,0.36,0,1,0
SYN01231,3,9,5,4,55.56,6,1,16.67,0.05,0.99,1.75,1.0,0.0,2,4,1
SYN01232,9,11,7,4,63.64,7,4,57.14,0.93,1.41,0.0,0.5,0.5,7,3,1
SYN01233,7,9,3,6,33.33,5,4,80.0,0.54,2.44,0.22,1.0,0.78,4,3,0
SYN01234,9,9,3,6,33.33,5,4,80.0,0.89,2.79,0.0,0.5,0.5,1,1,0
SYN01235,7,6,3,3,50.0,2,1,50.0,1.02,1.86,1.78,1.0,0.0,1,1,0
SYN01236,1,4,3,1,75.0,3,3,100.0,0.74,0.92,1.62,2.0,0.38,3,0,1
SYN01237,1,4,3,1,75.0,3,2,66.67,0.95,1.0,0.0,0.0,0.0,1,2,0
SYN01238,1,6,5,1,83.33,2,1,50.0,0.33,0.45,1.99,1.0,0.0,3,2,1
SYN01239,5,4,2,2,50.0,3,2,66.67,0.11,2.02,0.0,0.0,0.0,4,0,0
SYN01240,5,8,3,5,37.5,6,6,100.0,0.23,1.19,0.04,1.0,0.96,3,1,1
SYN01241,2,10,3,7,30.0,5,4,80.0,0.88,1.33,2.01,1.0,0.0,4,0,0
SYN01242,1,11,5,6,45.45,7,3,42.86,0.04,0.83,0.0,0.0,0.0,0,0,1
SYN01243,7,7,5,2,71.43,4,1,25.0,0.47,0.92,0.0,0.0,0.0,4,0,0
SYN01244,7,11,8,3,72.73,5,5,100.0,0.7,1.38,3.08,2.0,0.0,0,1,1
SYN01245,7,11,1,10,9.09,5,2,40.0,1.38,1.68,0.0,1.0,1.0,5,1,0
SYN01246,6,10,4,6,40.0,7,5,71.43,1.48,1.96,4.56,1.0,0.0,4,0,0
SYN01247,3,7,6,1,85.71,5,5,100.0,1.64,1.93,1.4,2.0,0.6,5,0,1
SYN01248,6,6,4,2,66.67,4,3,75.0,0.34,0.42,0.0,0.0,0.0,2,4,1
SYN01249,7,11,3,8,27.27,7,7,100.0,0.24,0.24,5.04,3.0,0.0,1,2,0
SYN01250,7,5,5,0,100.0,3,1,33.33,0.48,1.13,1.87,2.0,0.13,5,2,1
SYN01251,4,7,4,3,57.14,4,4,100.0,1.35,2.48,1.24,1.0,0.0,0,4,0
SYN01252,2,4,3,1,75.0,2,1,50.0,1.98,2.1,1.39,1.0,0.0,3,4,1
SYN01253,6,10,7,3,70.0,6,5,83.33,0.74,1.51,0.0,1.0,1.0,2,1,0
SYN01254,8,9,5,4,55.56,7,7,100.0,2.67,5.0,0.0,2.0,2.0,2,3,0
SYN01255,7,4,2,2,50.0,3,2,66.67,0.01,0.43,2.28,0.0,0.0,3,1,1
SYN01256,7,5,5,0,100.0,4,3,75.0,1.99,2.35,0.06,2.0,1.94,3,1,0
SYN01257,8,8,7,1,87.5,4,2,50.0,0.14,0.16,2.9,1.0,0.0,1,0,1
SYN01258,7,8,6,2,75.0,5,4,80.0,0.61,1.29,2.57,2.0,0.0,1,1,0
SYN01259,5,10,7,3,70.0,6,3,50.0,5.0,5.0,5.15,5.0,0.0,3,4,0
SYN01260,7,6,2,4,33.33,3,3,100.0,0.02,0.09,0.37,1.0,0.63,2,0,0
SYN01261,7,11,10,1,90.91,5,1,20.0,2.28,5.0,3.71,1.0,0.0,0,0,0
SYN01262,5,7,3,4,42.86,5,4,80.0,1.17,2.71,0.1,1.0,0.9,6,1,1
SYN01263,3,10,7,3,70.0,7,3,42.86,0.95,1.46,0.14,1.0,0.86,3,1,0
SYN01264,4,5,1,4,20.0,3,3,100.0,0.27,1.15,1.24,0.5,0.0,0,1,0
SYN01265,5,4,0,4,0.0,2,1,50.0,1.11,3.49,0.13,1.0,0.87,2,4,0
SYN01266,7,4,3,1,75.0,2,1,50.0,0.24,0.34,0.72,2.0,1.28,0,4,1
SYN01267,1,6,2,4,33.33,2,1,50.0,1.79,2.02,2.87,3.0,0.13,7,2,1
SYN01268,7,11,1,10,9.09,5,2,40.0,0.13,1.49,2.76,2.0,0.0,3,4,0
SYN01269,5,4,3,1,75.0,2,2,100.0,0.54,0.96,4.19,2.0,0.0,7,1,1
SYN01270,1,6,6,0,100.0,3,1,33.33,0.56,1.33,2.94,0.5,0.0,2,1,0
SYN01271,4,4,4,0,100.0,3,2,66.67,0.57,1.26,0.0,0.0,0.0,7,3,1
SYN01272,7,11,6,5,54.55,6,4,66.67,0.02,0.34,3.19,2.0,0.0,7,4,1
SYN01273,9,9,5,4,55.56,4,4,100.0,4.78,4.92,0.76,2.0,1.24,5,0,0
SYN01274,8,10,8,2,80.0,4,3,75.0,2.49,3.28,0.82,2.0,1.18,3,2,0
SYN01275,3,9,8,1,88.89,6,3,50.0,1.45,1.51,0.29,1.0,0.71,7,1,0
SYN01276,6,9,5,4,55.56,4,3,75.0,0.24,2.3,0.0,0.5,0.5,4,1,0
SYN01277,9,10,6,4,60.0,5,0,0.0,0.58,0.7,0.0,0.5,0.5,1,2,0
SYN01278,5,4,3,1,75.0,2,1,50.0,0.54,0.85,0.0,1.0,1.0,0,2,1
SYN01279,2,10,7,3,70.0,5,3,60.0,0.77,1.49,2.67,1.0,0.0,4,4,1
SYN01280,5,9,5,4,55.56,6,3,50.0,0.21,0.51,1.52,0.5,0.0,1,2,1
SYN01281,6,9,5,4,55.56,5,1,20.0,0.44,0.68,0.0,0.0,0.0,5,4,0
SYN01282,3,7,7,0,100.0,3,3,100.0,0.09,0.22,0.0,1.0,1.0,4,3,1
SYN01283,3,10,9,1,90.0,7,5,71.43,3.91,3.97,2.42,1.0,0.0,3,3,0
SYN01284,9,7,5,2,71.43,4,3,75.0,0.21,0.29,4.86,5.0,0.14,2,2,0
SYN01285,9,4,4,0,100.0,3,1,33.33,0.38,1.67,2.25,3.0,0.75,1,1,1
SYN01286,8,11,6,5,54.55,4,3,75.0,0.53,0.92,0.0,0.5,0.5,1,2,1
SYN01287,5,5,5,0,100.0,3,2,66.67,0.21,1.15,2.58,2.0,0.0,5,2,1
SYN01288,8,4,3,1,75.0,2,1,50.0,2.31,4.91,0.54,1.0,0.46,6,0,0
SYN01289,3,8,8,0,100.0,5,4,80.0,3.02,5.0,3.25,3.0,0.0,7,4,1
SYN01290,3,5,2,3,40.0,3,1,33.33,2.43,2.57,2.14,2.0,0.0,5,4,0
SYN01291,2,10,4,6,40.0,8,5,62.5,1.39,4.31,1.2,0.5,0.0,4,3,1
SYN01292,7,7,5,2,71.43,3,3,100.0,1.35,2.3,0.7,0.5,0.0,5,3,1
SYN01293,7,4,3,1,75.0,3,3,100.0,0.86,4.03,4.57,5.0,0.43,1,0,0
SYN01294,6,11,11,0,100.0,8,8,100.0,0.02,1.83,3.6,3.0,0.0,7,2,1
SYN01295,9,8,3,5,37.5,5,4,80.0,0.72,1.98,2.08,1.0,0.0,0,4,1
SYN01296,2,6,5,1,83.33,3,2,66.67,0.2,4.28,2.8,1.0,0.0,7,0,1
SYN01297,7,9,8,1,88.89,5,3,60.0,0.01,1.89,0.0,1.0,1.0,0,4,1
SYN01298,9,8,6,2,75.0,6,1,16.67,0.48,0.71,3.27,2.0,0.0,7,1,0
SYN01299,5,4,1,3,25.0,3,1,33.33,0.01,2.81,0.0,1.0,1.0,6,1,0
SYN01300,5,10,10,0,100.0,6,4,66.67,0.31,2.18,1.16,0.0,0.0,3,4,1
SYN01301,9,7,6,1,85.71,3,2,66.67,0.01,0.11,0.23,1.0,0.77,3,3,1
SYN01302,2,9,7,2,77.78,7,7,100.0,1.2,1.34,1.95,1.0,0.0,2,4,0
SYN01303,5,11,7,4,63.64,5,5,100.0,0.24,1.96,2.73,1.0,0.0,1,4,1
SYN01304,5,8,5,3,62.5,3,1,33.33,2.69,2.84,2.22,2.0,0.0,2,0,0
SYN01305,2,9,5,4,55.56,5,4,80.0,0.24,1.12,2.94,3.0,0.06,6,1,0
SYN01306,1,6,5,1,83.33,4,2,50.0,2.71,2.78,0.38,0.5,0.12,2,1,1
SYN01307,3,5,3,2,60.0,4,3,75.0,1.02,1.04,2.44,3.0,0.56,3,4,1
SYN01308,8,7,3,4,42.86,5,4,80.0,0.64,2.0,3.35,2.0,0.0,5,2,1
SYN01309,6,10,3,7,30.0,5,5,100.0,0.54,1.18,0.87,1.0,0.13,6,0,1
SYN01310,8,8,3,5,37.5,4,2,50.0,0.32,0.87,0.0,0.0,0.0,2,3,1
SYN01311,8,6,4,2,66.67,4,4,100.0,1.21,1.39,2.06,1.0,0.0,6,1,1
SYN01312,8,10,6,4,60.0,6,1,16.67,0.42,1.02,6.0,5.0,0.0,1,2,0
SYN01313,7,10,7,3,70.0,5,5,100.0,0.35,0.54,2.05,2.0,0.0,5,4,1
SYN01314,1,11,8,3,72.73,6,4,66.67,0.07,2.67,0.05,1.0,0.95,0,1,0
SYN01315,2,6,3,3,50.0,4,3,75.0,0.69,0.82,0.0,0.0,0.0,7,4,1
SYN01316,2,9,9,0,100.0,7,1,14.29,0.68,1.46,0.06,1.0,0.94,0,3,0
SYN01317,5,8,4,4,50.0,5,3,60.0,1.54,2.54,1.24,1.0,0.0,7,0,1
SYN01318,1,7,3,4,42.86,3,3,100.0,0.99,1.68,0.0,2.0,2.0,6,1,0
SYN01319,1,7,5,2,71.43,5,3,60.0,2.34,2.39,3.51,3.0,0.0,1,4,1
SYN01320,6,4,1,3,25.0,2,2,100.0,0.73,2.0,1.09,1.0,0.0,6,4,0
SYN01321,9,6,2,4,33.33,4,3,75.0,2.36,2.39,2.54,1.0,0.0,2,3,1
SYN01322,3,8,7,1,87.5,4,4,100.0,0.37,2.8,1.84,1.0,0.0,7,3,1
SYN01323,1,11,2,9,18.18,5,4,80.0,0.22,0.73,0.0,0.0,0.0,7,4,1
SYN01324,2,10,9,1,90.0,6,2,33.33,0.4,1.35,0.0,0.0,0.0,7,0,1
SYN01325,9,5,5,0,100.0,3,2,66.67,1.42,1.92,0.01,1.0,0.99,5,2,1
SYN01326,9,9,5,4,55.56,4,4,100.0,1.81,2.08,3.66,2.0,0.0,7,1,1
SYN01327,4,4,3,1,75.0,3,2,66.67,1.22,2.61,1.35,1.0,0.0,3,4,1
SYN01328,5,9,8,1,88.89,6,4,66.67,0.99,1.46,3.72,3.0,0.0,0,3,0
SYN01329,6,6,3,3,50.0,4,4,100.0,3.84,4.48,2.24,3.0,0.76,6,3,1
SYN01330,5,7,6,1,85.71,4,4,100.0,3.71,5.0,0.58,0.0,0.0,0,0,1
SYN01331,7,9,4,5,44.44,4,4,100.0,0.07,0.22,0.18,2.0,1.82,5,3,1
SYN01332,6,7,3,4,42.86,4,3,75.0,0.77,4.64,1.12,0.0,0.0,4,4,1
SYN01333,8,10,4,6,40.0,6,5,83.33,0.38,0.99,0.0,0.0,0.0,2,2,1
SYN01334,5,8,5,3,62.5,4,3,75.0,1.66,1.93,0.0,1.0,1.0,5,4,1
SYN01335,7,11,10,1,90.91,8,0,0.0,2.88,4.35,2.71,0.0,0.0,2,1,0
SYN01336,3,9,5,4,55.56,7,5,71.43,1.59,3.9,2.16,2.0,0.0,7,3,1
SYN01337,5,6,2,4,33.33,3,2,66.67,1.3,1.51,2.13,2.0,0.0,6,1,1
SYN01338,7,10,3,7,30.0,7,4,57.14,1.57,1.72,0.0,2.0,2.0,7,2,0
SYN01339,3,7,5,2,71.43,5,3,60.0,0.01,3.28,1.75,1.0,0.0,6,0,1
SYN01340,6,8,8,0,100.0,4,1,25.0,5.0,5.0,3.06,2.0,0.0,6,0,0
SYN01341,2,5,3,2,60.0,3,0,0.0,0.85,2.11,1.76,2.0,0.24,7,4,0
SYN01342,8,4,2,2,50.0,2,2,100.0,0.81,2.3,4.07,3.0,0.0,7,3,1
SYN01343,7,8,6,2,75.0,3,2,66.67,0.45,0.45,3.4,2.0,0.0,6,2,1
SYN01344,4,5,3,2,60.0,4,0,0.0,1.27,2.7,1.63,1.0,0.0,6,2,0
SYN01345,4,11,6,5,54.55,7,3,42.86,0.8,0.96,0.0,1.0,1.0,1,2,0
SYN01346,7,10,4,6,40.0,5,4,80.0,0.83,1.54,0.0,1.0,1.0,1,3,0
SYN01347,7,9,9,0,100.0,5,3,60.0,0.22,0.76,2.02,0.0,0.0,3,1,1
SYN01348,9,9,0,9,0.0,7,7,100.0,0.67,1.81,2.1,2.0,0.0,2,1,0
SYN01349,8,8,6,2,75.0,5,5,100.0,0.11,1.02,3.1,3.0,0.0,2,3,1
SYN01350,4,4,2,2,50.0,3,1,33.33,0.61,4.69,4.0,5.0,1.0,2,2,0
SYN01351,3,7,3,4,42.86,5,3,60.0,0.28,1.03,0.0,0.5,0.5,2,2,0
SYN01352,7,7,7,0,100.0,4,2,50.0,2.41,4.42,1.43,0.0,0.0,4,2,1
SYN01353,1,11,5,6,45.45,7,2,28.57,1.4,1.8,1.8,0.0,0.0,6,4,1
SYN01354,1,5,2,3,40.0,3,1,33.33,0.25,1.0,2.96,2.0,0.0,6,2,0
SYN01355,5,7,4,3,57.14,5,2,40.0,0.28,0.5,2.66,2.0,0.0,0,0,0
SYN01356,9,6,4,2,66.67,3,1,33.33,0.15,0.2,2.75,2.0,0.0,4,4,1
SYN01357,3,5,2,3,40.0,2,1,50.0,1.56,1.95,2.92,3.0,0.08,3,1,0
SYN01358,7,4,1,3,25.0,2,2,100.0,2.02,2.81,0.0,0.5,0.5,6,0,0
SYN01359,1,6,2,4,33.33,4,3,75.0,0.37,2.66,0.0,1.0,1.0,6,1,1
SYN01360,6,4,4,0,100.0,3,3,100.0,1.18,1.73,3.58,2.0,0.0,2,0,1
SYN01361,4,4,2,2,50.0,3,2,66.67,0.14,0.21,0.96,1.0,0.04,6,0,0
SYN01362,1,6,4,2,66.67,4,3,75.0,0.16,0.23,1.57,1.0,0.0,4,3,1
SYN01363,4,5,3,2,60.0,2,1,50.0,0.3,0.56,1.25,1.0,0.0,2,3,1
SYN01364,9,8,3,5,37.5,3,2,66.67,0.22,0.68,1.31,1.0,0.0,4,1,1
SYN01365,3,4,4,0,100.0,3,3,100.0,1.71,2.28,5.41,5.0,0.0,0,3,1
SYN01366,9,6,3,3,50.0,4,0,0.0,0.06,0.06,0.84,0.0,0.0,0,0,0
SYN01367,3,7,3,4,42.86,5,1,20.0,1.96,2.67,0.08,1.0,0.92,3,2,0
SYN01368,3,11,10,1,90.91,5,4,80.0,0.27,3.0,6.42,5.0,0.0,7,2,1
SYN01369,1,9,4,5,44.44,5,3,60.0,0.4,1.63,0.11,1.0,0.89,4,3,0
SYN01370,1,11,5,6,45.45,8,2,25.0,0.18,0.66,2.29,2.0,0.0,5,1,0
SYN01371,9,6,4,2,66.67,3,1,33.33,0.07,0.53,1.58,3.0,1.42,6,4,0
SYN01372,4,7,4,3,57.14,3,1,33.33,1.98,2.34,0.3,0.5,0.2,3,1,0
SYN01373,7,7,5,2,71.43,5,4,80.0,0.44,1.1,0.0,0.0,0.0,4,3,1
SYN01374,1,11,11,0,100.0,7,7,100.0,0.61,0.77,0.03,0.0,0.0,2,0,1
SYN01375,2,11,8,3,72.73,9,9,100.0,0.39,0.74,0.88,0.0,0.0,2,3,1
SYN01376,5,11,0,11,0.0,8,2,25.0,0.41,3.14,1.09,1.0,0.0,7,2,0
SYN01377,6,10,7,3,70.0,7,2,28.57,0.36,1.15,2.35,0.0,0.0,5,2,1
SYN01378,7,8,5,3,62.5,3,1,33.33,0.72,0.78,1.96,1.0,0.0,1,1,1
SYN01379,6,8,5,3,62.5,5,5,100.0,0.53,0.54,1.73,2.0,0.27,3,2,1
SYN01380,4,11,7,4,63.64,8,6,75.0,0.44,0.66,0.9,1.0,0.1,6,2,1
SYN01381,5,6,4,2,66.67,3,2,66.67,0.09,0.38,1.45,1.0,0.0,6,1,1
SYN01382,8,6,4,2,66.67,5,4,80.0,0.29,0.37,0.85,0.0,0.0,5,2,0
SYN01383,6,11,8,3,72.73,7,4,57.14,2.09,2.21,0.52,2.0,1.48,0,1,0
SYN01384,9,7,3,4,42.86,3,1,33.33,1.27,1.52,1.76,1.0,0.0,2,3,0
SYN01385,8,5,2,3,40.0,3,2,66.67,0.16,0.25,0.0,0.0,0.0,3,0,1
SYN01386,9,8,8,0,100.0,5,3,60.0,0.69,0.98,5.65,5.0,0.0,1,1,1
SYN01387,9,6,3,3,50.0,3,1,33.33,2.31,3.03,3.32,2.0,0.0,3,2,1
SYN01388,5,11,7,4,63.64,6,5,83.33,0.9,2.07,2.36,2.0,0.0,2,0,1
SYN01389,1,11,2,9,18.18,8,4,50.0,2.02,2.32,0.0,2.0,2.0,4,1,0
SYN01390,5,6,4,2,66.67,3,2,66.67,2.04,2.84,0.0,1.0,1.0,2,2,1
SYN01391,5,8,3,5,37.5,4,2,50.0,0.13,0.98,1.68,1.0,0.0,2,2,1
SYN01392,9,11,5,6,45.45,7,6,85.71,1.18,1.41,0.0,1.0,1.0,6,1,0
SYN01393,5,9,8,1,88.89,6,4,66.67,0.58,2.28,2.73,2.0,0.0,3,4,1
SYN01394,7,5,4,1,80.0,3,1,33.33,0.28,1.26,6.18,5.0,0.0,1,2,1
SYN01395,1,8,6,2,75.0,6,4,66.67,0.32,0.58,3.36,2.0,0.0,5,1,1
SYN01396,2,8,1,7,12.5,6,4,66.67,1.14,2.49,0.71,1.0,0.29,2,2,0
SYN01397,9,9,9,0,100.0,5,4,80.0,5.0,5.0,2.53,2.0,0.0,1,1,0
SYN01398,1,4,1,3,25.0,2,2,100.0,0.46,0.59,2.25,2.0,0.0,6,0,1
SYN01399,9,6,6,0,100.0,4,2,50.0,1.46,1.51,0.0,0.5,0.5,1,2,1
SYN01400,6,10,9,1,90.0,5,4,80.0,0.83,1.71,1.89,1.0,0.0,0,1,1
SYN01401,7,5,4,1,80.0,4,1,25.0,0.46,3.63,1.67,0.0,0.0,0,2,0
SYN01402,8,6,2,4,33.33,4,2,50.0,0.17,1.53,1.83,1.0,0.0,5,2,1
SYN01403,3,6,4,2,66.67,3,2,66.67,4.31,5.0,1.4,2.0,0.6,2,1,0
SYN01404,4,5,2,3,40.0,3,3,100.0,0.57,2.88,1.89,1.0,0.0,3,2,0
SYN01405,1,5,3,2,60.0,3,2,66.67,0.07,0.14,3.56,2.0,0.0,4,2,0
SYN01406,6,6,3,3,50.0,5,4,80.0,0.48,0.95,2.4,1.0,0.0,2,1,1
SYN01407,3,10,1,9,10.0,5,1,20.0,2.93,3.34,1.23,0.0,0.0,1,0,0
SYN01408,7,4,4,0,100.0,3,2,66.67,0.75,1.58,0.09,2.0,1.91,0,0,0
SYN01409,6,6,3,3,50.0,2,1,50.0,0.0,0.49,1.48,1.0,0.0,0,2,1
SYN01410,4,4,2,2,50.0,3,3,100.0,0.04,0.08,2.77,2.0,0.0,7,3,1
SYN01411,3,8,4,4,50.0,6,3,50.0,0.43,0.63,3.25,2.0,0.0,7,3,1
SYN01412,4,6,4,2,66.67,3,2,66.67,1.27,1.39,2.62,2.0,0.0,5,3,1
SYN01413,7,10,4,6,40.0,4,3,75.0,0.46,2.01,2.36,0.5,0.0,3,2,0
SYN01414,1,8,0,8,0.0,6,1,16.67,2.16,2.59,0.0,2.0,2.0,6,4,0
SYN01415,9,10,7,3,70.0,7,4,57.14,0.3,0.77,1.67,1.0,0.0,6,4,0
SYN01416,5,9,7,2,77.78,5,4,80.0,1.58,2.25,2.57,2.0,0.0,3,0,1
SYN01417,2,7,4,3,57.14,4,3,75.0,1.06,2.06,2.08,1.0,0.0,5,0,1
SYN01418,2,10,3,7,30.0,7,0,0.0,0.54,2.05,1.85,0.0,0.0,0,1,1
SYN01419,9,7,4,3,57.14,3,1,33.33,0.9,1.37,0.0,1.0,1.0,1,2,0
SYN01420,6,11,3,8,27.27,7,7,100.0,1.84,3.85,3.81,2.0,0.0,6,1,0
SYN01421,5,11,4,7,36.36,6,5,83.33,0.39,0.72,1.98,1.0,0.0,4,1,1
SYN01422,5,8,3,5,37.5,4,4,100.0,1.2,1.66,1.78,2.0,0.22,6,0,1
SYN01423,4,9,7,2,77.78,7,3,42.86,0.44,0.81,0.91,2.0,1.09,4,4,0
SYN01424,3,6,3,3,50.0,3,3,100.0,1.26,1.29,0.24,0.0,0.0,0,3,1
SYN01425,2,10,5,5,50.0,8,5,62.5,0.31,1.7,1.34,1.0,0.0,1,0,1
SYN01426,2,9,9,0,100.0,6,6,100.0,1.09,1.79,3.41,3.0,0.0,4,2,1
SYN01427,1,11,8,3,72.73,7,5,71.43,0.78,0.78,0.0,0.0,0.0,0,2,1
SYN01428,6,6,4,2,66.67,3,0,0.0,0.35,3.25,1.73,1.0,0.0,6,2,1
SYN01429,7,10,5,5,50.0,6,5,83.33,3.31,3.82,1.51,2.0,0.49,2,2,0
SYN01430,4,7,3,4,42.86,5,3,60.0,1.07,1.47,2.46,1.0,0.0,5,2,1
SYN01431,7,5,0,5,0.0,3,2,66.67,1.91,2.17,4.05,2.0,0.0,2,4,0
SYN01432,4,5,4,1,80.0,4,1,25.0,4.86,5.0,1.02,2.0,0.98,6,2,0
SYN01433,7,8,6,2,75.0,5,5,100.0,2.3,3.38,1.07,1.0,0.0,2,2,1
SYN01434,8,6,3,3,50.0,3,2,66.67,2.56,3.11,2.17,1.0,0.0,4,1,1
SYN01435,2,4,2,2,50.0,2,2,100.0,0.65,1.52,0.33,0.0,0.0,2,2,1
SYN01436,6,7,5,2,71.43,5,3,60.0,0.32,0.77,0.0,1.0,1.0,7,3,1
SYN01437,7,9,2,7,22.22,5,2,40.0,0.68,0.85,1.54,0.5,0.0,4,2,0
SYN01438,6,6,3,3,50.0,4,4,100.0,0.29,1.02,4.27,5.0,0.73,4,2,0
SYN01439,6,11,3,8,27.27,6,4,66.67,1.29,2.66,0.24,0.0,0.0,2,3,0
SYN01440,2,10,10,0,100.0,6,4,66.67,1.47,2.16,0.0,0.0,0.0,1,1,1
SYN01441,4,8,7,1,87.5,5,1,20.0,0.61,0.92,2.95,2.0,0.0,6,0,1
SYN01442,1,11,1,10,9.09,7,4,57.14,0.95,1.4,0.0,0.0,0.0,0,1,0
SYN01443,2,7,2,5,28.57,6,5,83.33,0.18,0.95,2.08,1.0,0.0,0,1,1
SYN01444,6,5,3,2,60.0,2,1,50.0,0.77,5.0,2.74,3.0,0.26,5,4,0
SYN01445,6,4,2,2,50.0,3,1,33.33,0.08,0.11,1.42,2.0,0.58,4,1,1
SYN01446,4,11,3,8,27.27,5,3,60.0,1.18,1.54,0.99,0.5,0.0,2,4,0
SYN01447,9,11,11,0,100.0,8,5,62.5,0.16,0.47,0.0,1.0,1.0,6,2,1
SYN01448,5,9,6,3,66.67,6,6,100.0,1.9,2.59,3.16,1.0,0.0,0,3,1
SYN01449,8,4,3,1,75.0,2,1,50.0,1.25,1.75,1.22,1.0,0.0,3,2,0
SYN01450,4,6,3,3,50.0,4,2,50.0,0.16,0.83,0.0,0.0,0.0,7,0,1
SYN01451,9,4,3,1,75.0,2,2,100.0,0.54,1.4,0.02,0.5,0.48,2,4,1
SYN01452,8,4,2,2,50.0,2,1,50.0,0.26,1.48,2.02,2.0,0.0,6,2,1
SYN01453,2,5,3,2,60.0,3,2,66.67,0.0,1.77,2.19,1.0,0.0,2,2,1
SYN01454,9,8,6,2,75.0,3,2,66.67,2.55,5.0,0.93,2.0,1.07,1,1,0
SYN01455,6,4,1,3,25.0,3,2,66.67,0.02,0.52,0.06,0.5,0.44,2,0,1
SYN01456,7,11,11,0,100.0,8,5,62.5,0.45,0.49,0.94,1.0,0.06,2,0,1
SYN01457,4,7,5,2,71.43,5,5,100.0,0.8,1.43,2.85,1.0,0.0,0,2,1
SYN01458,1,6,6,0,100.0,4,3,75.0,0.73,1.72,2.2,1.0,0.0,7,1,1
SYN01459,4,8,3,5,37.5,6,6,100.0,0.39,0.47,3.91,2.0,0.0,4,2,1
SYN01460,2,10,4,6,40.0,6,6,100.0,1.17,1.25,0.04,0.0,0.0,7,4,1
SYN01461,4,6,2,4,33.33,3,2,66.67,2.39,4.29,4.72,3.0,0.0,4,3,0
SYN01462,4,4,3,1,75.0,2,2,100.0,0.23,0.43,3.52,2.0,0.0,7,3,1
SYN01463,6,4,2,2,50.0,3,3,100.0,0.19,0.83,1.84,1.0,0.0,3,3,1
SYN01464,3,10,5,5,50.0,8,3,37.5,0.05,0.17,1.93,1.0,0.0,1,0,0
SYN01465,8,4,1,3,25.0,3,3,100.0,0.14,0.94,2.29,3.0,0.71,7,3,1
SYN01466,2,9,3,6,33.33,4,2,50.0,0.24,0.75,3.19,1.0,0.0,6,4,1
SYN01467,5,7,4,3,57.14,3,2,66.67,0.05,2.77,0.71,1.0,0.29,7,4,0
SYN01468,8,10,5,5,50.0,8,2,25.0,1.06,1.92,2.67,2.0,0.0,7,0,1
SYN01469,7,4,2,2,50.0,2,1,50.0,1.0,2.31,0.81,0.0,0.0,2,0,0
SYN01470,5,11,11,0,100.0,7,6,85.71,0.23,2.33,0.35,2.0,1.65,4,4,1
SYN01471,4,9,5,4,55.56,5,5,100.0,0.92,1.07,0.44,0.5,0.06,5,3,1
SYN01472,6,7,6,1,85.71,4,2,50.0,0.55,1.07,2.24,2.0,0.0,7,0,1
SYN01473,5,5,2,3,40.0,3,2,66.67,1.23,4.11,0.86,1.0,0.14,0,4,0
SYN01474,8,11,7,4,63.64,9,6,66.67,0.15,1.34,0.0,0.0,0.0,7,4,1
SYN01475,2,6,4,2,66.67,4,4,100.0,2.06,2.91,4.79,3.0,0.0,6,1,1
SYN01476,7,7,1,6,14.29,4,4,100.0,0.71,1.53,0.01,1.0,0.99,3,1,0
SYN01477,1,7,7,0,100.0,4,4,100.0,0.55,2.42,0.0,1.0,1.0,5,3,1
SYN01478,9,5,3,2,60.0,4,2,50.0,0.86,1.14,1.3,2.0,0.7,2,1,0
SYN01479,5,7,6,1,85.71,4,3,75.0,2.2,3.16,1.89,1.0,0.0,2,0,1
SYN01480,1,5,2,3,40.0,3,2,66.67,0.65,2.21,1.01,0.0,0.0,1,3,1
SYN01481,9,4,2,2,50.0,3,2,66.67,0.3,0.72,2.73,2.0,0.0,3,2,0
SYN01482,2,6,2,4,33.33,3,1,33.33,1.74,3.61,6.09,5.0,0.0,2,1,0
SYN01483,9,4,4,0,100.0,2,1,50.0,0.51,3.91,0.81,0.5,0.0,4,1,1
SYN01484,7,7,5,2,71.43,5,5,100.0,0.6,1.3,2.38,3.0,0.62,3,2,1
SYN01485,9,10,7,3,70.0,6,6,100.0,1.87,2.05,0.87,2.0,1.13,2,1,0
SYN01486,6,5,5,0,100.0,2,1,50.0,1.4,2.29,0.0,0.0,0.0,3,0,1
SYN01487,4,4,4,0,100.0,2,1,50.0,0.33,0.71,1.73,2.0,0.27,4,3,1
SYN01488,5,4,3,1,75.0,3,3,100.0,0.42,1.36,1.95,1.0,0.0,6,1,1
SYN01489,7,8,2,6,25.0,5,1,20.0,2.12,3.53,2.28,2.0,0.0,7,2,0
SYN01490,5,6,3,3,50.0,4,2,50.0,0.14,5.0,2.03,2.0,0.0,2,1,0
SYN01491,9,7,2,5,28.57,3,3,100.0,0.58,0.68,0.0,0.0,0.0,3,0,0
SYN01492,5,4,3,1,75.0,3,2,66.67,1.05,2.9,3.1,0.0,0.0,5,2,1
SYN01493,1,6,4,2,66.67,5,2,40.0,0.68,1.59,0.01,1.0,0.99,1,3,0
SYN01494,1,7,2,5,28.57,4,3,75.0,0.62,2.67,1.14,1.0,0.0,5,2,1
SYN01495,5,7,4,3,57.14,4,4,100.0,2.03,3.07,4.2,3.0,0.0,4,2,1
SYN01496,1,8,2,6,25.0,5,0,0.0,0.64,1.8,2.05,2.0,0.0,1,3,0
SYN01497,4,10,6,4,60.0,7,5,71.43,1.19,1.66,1.03,2.0,0.97,5,0,1
SYN01498,3,7,1,6,14.29,5,3,60.0,2.1,3.57,1.97,1.0,0.0,1,3,0
SYN01499,8,10,7,3,70.0,8,2,25.0,0.08,1.58,0.0,0.0,0.0,4,4,1
SYN01500,8,8,6,2,75.0,5,3,60.0,2.07,2.53,4.09,2.0,0.0,2,0,1
SYN01501,6,6,6,0,100.0,3,2,66.67,0.01,1.25,0.34,0.0,0.0,0,4,1
SYN01502,8,5,4,1,80.0,3,2,66.67,1.41,2.5,0.0,0.0,0.0,5,2,1
SYN01503,9,6,3,3,50.0,4,2,50.0,1.1,2.21,0.0,1.0,1.0,5,1,0
SYN01504,9,8,6,2,75.0,4,1,25.0,0.14,0.8,1.62,3.0,1.38,2,1,0
SYN01505,1,5,1,4,20.0,2,0,0.0,1.16,1.25,1.94,2.0,0.06,0,4,0
SYN01506,4,11,4,7,36.36,8,4,50.0,1.29,1.57,2.27,0.0,0.0,7,2,0
SYN01507,3,7,5,2,71.43,4,4,100.0,0.87,4.64,3.28,3.0,0.0,3,4,1
SYN01508,3,10,1,9,10.0,7,5,71.43,1.88,2.56,2.42,2.0,0.0,6,3,0
SYN01509,5,9,5,4,55.56,4,3,75.0,0.49,3.47,2.46,2.0,0.0,3,2,1
SYN01510,1,6,2,4,33.33,3,1,33.33,0.0,0.7,2.84,0.0,0.0,5,0,0
SYN01511,2,5,3,2,60.0,3,2,66.67,0.14,1.1,0.47,1.0,0.53,6,4,1
SYN01512,2,9,3,6,33.33,6,5,83.33,0.99,1.49,2.88,1.0,0.0,5,1,1
SYN01513,9,6,4,2,66.67,4,3,75.0,3.36,4.17,1.52,2.0,0.48,6,3,1
SYN01514,9,5,3,2,60.0,3,2,66.67,3.59,5.0,0.16,1.0,0.84,0,0,0
SYN01515,7,11,10,1,90.91,7,0,0.0,2.28,3.42,0.9,1.0,0.1,6,4,0
SYN01516,4,7,4,3,57.14,3,1,33.33,0.3,1.53,0.9,1.0,0.1,5,0,0
SYN01517,6,4,2,2,50.0,3,2,66.67,0.76,2.27,1.67,1.0,0.0,6,0,0
SYN01518,6,7,4,3,57.14,6,2,33.33,0.32,0.49,0.0,2.0,2.0,5,1,0
SYN01519,2,7,2,5,28.57,5,3,60.0,0.44,0.47,0.18,0.0,0.0,1,3,0
SYN01520,2,10,7,3,70.0,5,4,80.0,0.53,1.47,1.28,2.0,0.72,4,4,1
SYN01521,8,9,7,2,77.78,6,4,66.67,2.08,4.24,4.13,5.0,0.87,5,1,1
SYN01522,9,5,5,0,100.0,3,3,100.0,1.82,2.14,0.45,2.0,1.55,7,2,1
SYN01523,9,5,2,3,40.0,2,0,0.0,2.49,5.0,0.56,1.0,0.44,5,3,0
SYN01524,3,8,4,4,50.0,4,2,50.0,0.12,0.5,1.38,2.0,0.62,6,4,1
SYN01525,8,4,2,2,50.0,2,0,0.0,0.53,0.61,2.49,3.0,0.51,6,1,0
SYN01526,7,6,4,2,66.67,3,2,66.67,0.39,0.61,0.03,2.0,1.97,0,0,1
SYN01527,6,5,3,2,60.0,4,1,25.0,0.28,2.95,0.12,0.0,0.0,6,3,1
SYN01528,2,4,2,2,50.0,2,2,100.0,0.14,0.39,0.0,0.0,0.0,5,0,1
SYN01529,7,11,10,1,90.91,8,6,75.0,0.9,0.94,0.0,0.0,0.0,1,4,1
SYN01530,1,4,2,2,50.0,3,3,100.0,0.21,0.44,0.0,0.0,0.0,1,2,1
SYN01531,5,4,3,1,75.0,3,2,66.67,0.76,1.03,1.07,2.0,0.93,2,2,1
SYN01532,4,11,8,3,72.73,7,3,42.86,0.41,1.44,1.05,1.0,0.0,4,2,1
SYN01533,1,5,3,2,60.0,4,1,25.0,0.08,0.6,1.33,2.0,0.67,6,2,1
SYN01534,4,10,5,5,50.0,4,3,75.0,0.49,3.22,0.26,2.0,1.74,7,0,1
SYN01535,8,4,4,0,100.0,2,2,100.0,0.31,2.55,0.0,1.0,1.0,1,0,1
SYN01536,7,5,2,3,40.0,3,2,66.67,2.48,3.08,0.0,0.0,0.0,7,1,0
SYN01537,3,4,3,1,75.0,3,2,66.67,1.19,2.94,2.36,1.0,0.0,0,1,0
SYN01538,7,9,4,5,44.44,7,4,57.14,0.41,2.43,1.56,0.0,0.0,4,4,1
SYN01539,3,8,8,0,100.0,6,4,66.67,0.74,1.42,4.7,3.0,0.0,7,4,1
SYN01540,4,7,6,1,85.71,5,5,100.0,2.89,2.95,0.29,1.0,0.71,3,1,1
SYN01541,9,5,2,3,40.0,3,3,100.0,0.83,1.43,1.56,0.0,0.0,7,3,1
SYN01542,5,4,3,1,75.0,3,2,66.67,2.34,2.37,0.49,0.0,0.0,5,2,1
SYN01543,7,8,5,3,62.5,6,4,66.67,0.25,3.52,1.01,2.0,0.99,2,3,1
SYN01544,9,5,2,3,40.0,3,2,66.67,1.85,2.45,1.25,2.0,0.75,7,3,1
SYN01545,5,8,6,2,75.0,6,5,83.33,2.65,3.63,4.79,5.0,0.21,0,4,1
SYN01546,5,9,6,3,66.67,7,4,57.14,0.56,2.45,1.12,1.0,0.0,6,4,0
SYN01547,3,10,7,3,70.0,6,2,33.33,0.61,2.03,0.44,0.0,0.0,3,2,1
SYN01548,6,7,4,3,57.14,3,3,100.0,0.9,0.91,2.0,2.0,0.0,5,4,1
SYN01549,8,4,3,1,75.0,2,1,50.0,1.1,1.95,0.58,1.0,0.42,0,2,1
SYN01550,9,6,4,2,66.67,4,4,100.0,0.66,1.15,2.62,1.0,0.0,7,0,1
SYN01551,5,10,6,4,60.0,4,4,100.0,0.19,3.9,2.86,3.0,0.14,1,1,1
SYN01552,3,8,4,4,50.0,5,4,80.0,0.12,1.56,0.79,1.0,0.21,4,3,1
SYN01553,5,8,8,0,100.0,5,4,80.0,1.68,1.73,0.74,1.0,0.26,1,0,1
SYN01554,9,7,2,5,28.57,5,5,100.0,0.21,0.95,4.86,5.0,0.14,7,4,1
SYN01555,2,5,4,1,80.0,4,3,75.0,0.05,0.49,0.0,1.0,1.0,6,4,1
SYN01556,6,11,6,5,54.55,8,3,37.5,0.56,1.46,0.0,0.0,0.0,6,1,0
SYN01557,4,10,10,0,100.0,6,3,50.0,0.5,0.61,3.44,0.5,0.0,3,4,1
SYN01558,7,11,4,7,36.36,5,5,100.0,2.02,2.52,0.0,0.0,0.0,1,3,1
SYN01559,4,10,4,6,40.0,7,2,28.57,0.06,0.61,1.33,1.0,0.0,0,1,0
SYN01560,5,6,2,4,33.33,3,1,33.33,1.38,3.35,2.41,2.0,0.0,1,4,0
SYN01561,3,6,4,2,66.67,4,4,100.0,0.7,1.04,6.22,5.0,0.0,5,2,1
SYN01562,9,5,1,4,20.0,4,2,50.0,0.53,0.93,2.44,2.0,0.0,2,2,0
SYN01563,5,11,5,6,45.45,7,4,57.14,0.78,2.09,5.27,3.0,0.0,0,2,0
SYN01564,9,8,0,8,0.0,5,5,100.0,0.64,3.39,1.29,1.0,0.0,7,4,0
SYN01565,8,7,5,2,71.43,5,2,40.0,0.16,0.72,2.62,1.0,0.0,7,3,1
SYN01566,5,11,5,6,45.45,8,2,25.0,0.21,1.4,1.75,0.5,0.0,3,2,0
SYN01567,3,8,2,6,25.0,5,1,20.0,1.21,1.53,2.85,1.0,0.0,1,3,0
SYN01568,6,11,10,1,90.91,7,6,85.71,0.09,0.53,1.03,1.0,0.0,3,3,1
SYN01569,3,11,3,8,27.27,5,4,80.0,0.45,2.36,0.48,0.0,0.0,1,0,0
SYN01570,5,4,3,1,75.0,3,1,33.33,0.33,1.06,2.56,3.0,0.44,0,2,0
SYN01571,8,6,3,3,50.0,3,1,33.33,0.17,0.46,0.19,0.0,0.0,3,3,1
SYN01572,7,9,9,0,100.0,5,3,60.0,1.09,1.59,2.26,2.0,0.0,1,0,0
SYN01573,7,10,8,2,80.0,7,7,100.0,0.84,2.09,0.0,0.0,0.0,0,3,1
SYN01574,5,5,2,3,40.0,2,1,50.0,1.93,1.94,0.83,1.0,0.17,7,0,1
SYN01575,6,6,2,4,33.33,4,2,50.0,1.4,1.9,3.07,2.0,0.0,0,0,0
SYN01576,6,8,6,2,75.0,4,1,25.0,0.37,3.33,0.0,0.5,0.5,6,1,1
SYN01577,7,10,5,5,50.0,5,3,60.0,0.69,2.13,0.0,0.0,0.0,7,3,1
SYN01578,3,4,2,2,50.0,2,1,50.0,0.36,2.1,2.39,1.0,0.0,3,0,0
SYN01579,1,8,7,1,87.5,4,4,100.0,0.62,0.64,3.61,2.0,0.0,6,2,1
SYN01580,2,6,2,4,33.33,5,4,80.0,0.08,0.88,0.26,1.0,0.74,4,0,0
SYN01581,7,5,3,2,60.0,4,3,75.0,1.94,4.14,1.21,1.0,0.0,7,4,1
SYN01582,9,8,7,1,87.5,6,5,83.33,1.77,2.98,0.0,0.0,0.0,6,3,1
SYN01583,9,7,6,1,85.71,5,4,80.0,0.21,0.32,2.41,1.0,0.0,5,4,1
SYN01584,9,9,5,4,55.56,6,3,50.0,0.4,2.76,2.36,3.0,0.64,4,1,0
SYN01585,5,6,3,3,50.0,5,5,100.0,0.41,1.34,0.05,0.5,0.45,0,2,0
SYN01586,3,10,2,8,20.0,6,4,66.67,0.11,0.23,2.61,1.0,0.0,2,1,1
SYN01587,8,4,1,3,25.0,2,1,50.0,0.47,3.59,0.8,2.0,1.2,7,1,0
SYN01588,4,10,7,3,70.0,7,6,85.71,0.9,5.0,1.4,2.0,0.6,7,2,1
SYN01589,6,4,2,2,50.0,3,2,66.67,0.06,0.24,0.16,0.0,0.0,5,4,1
SYN01590,9,9,6,3,66.67,5,5,100.0,1.59,2.46,2.83,1.0,0.0,3,4,1
SYN01591,1,6,5,1,83.33,4,2,50.0,2.13,2.67,0.57,2.0,1.43,3,1,0
SYN01592,8,7,2,5,28.57,4,3,75.0,2.15,2.73,0.0,0.5,0.5,3,1,0
SYN01593,1,4,2,2,50.0,2,1,50.0,1.23,3.52,0.71,0.0,0.0,5,2,1
SYN01594,6,9,6,3,66.67,6,6,100.0,0.36,1.12,2.9,2.0,0.0,2,3,1
SYN01595,2,5,2,3,40.0,3,2,66.67,0.17,0.27,1.25,1.0,0.0,4,1,0
SYN01596,7,9,9,0,100.0,7,4,57.14,0.52,1.63,0.0,0.0,0.0,5,0,1
SYN01597,9,9,7,2,77.78,6,5,83.33,1.01,1.53,1.16,1.0,0.0,5,0,0
SYN01598,5,10,7,3,70.0,4,3,75.0,0.03,1.09,0.0,1.0,1.0,1,1,0
SYN01599,9,9,9,0,100.0,7,3,42.86,3.42,3.89,0.12,0.0,0.0,6,4,1
SYN01600,7,6,1,5,16.67,4,4,100.0,1.99,5.0,2.78,1.0,0.0,3,3,1
SYN01601,1,9,5,4,55.56,5,4,80.0,1.52,2.23,0.0,1.0,1.0,7,1,1
SYN01602,4,10,7,3,70.0,6,4,66.67,1.83,2.11,0.06,1.0,0.94,3,2,0
SYN01603,4,6,2,4,33.33,4,2,50.0,0.39,2.3,0.52,1.0,0.48,6,3,0
SYN01604,9,4,3,1,75.0,2,2,100.0,0.59,1.43,0.0,0.0,0.0,0,1,0
SYN01605,9,11,4,7,36.36,5,4,80.0,0.04,0.9,4.21,2.0,0.0,7,3,1
SYN01606,7,5,4,1,80.0,3,1,33.33,0.84,2.43,0.88,2.0,1.12,0,3,1
SYN01607,5,8,7,1,87.5,4,3,75.0,0.12,0.53,0.0,1.0,1.0,4,3,1
SYN01608,1,5,3,2,60.0,3,2,66.67,0.0,1.4,0.93,0.0,0.0,5,0,0
SYN01609,8,5,1,4,20.0,2,0,0.0,0.15,0.45,0.0,0.0,0.0,2,0,1
SYN01610,4,10,4,6,40.0,7,5,71.43,0.59,1.36,3.95,3.0,0.0,7,2,1
SYN01611,2,5,4,1,80.0,3,3,100.0,0.76,0.87,0.26,0.5,0.24,5,2,1
SYN01612,8,9,5,4,55.56,7,6,85.71,0.78,0.93,1.55,1.0,0.0,7,1,1
SYN01613,1,9,0,9,0.0,5,4,80.0,1.31,2.73,0.12,2.0,1.88,4,4,1
SYN01614,6,4,4,0,100.0,3,2,66.67,0.3,1.81,2.55,2.0,0.0,5,1,1
SYN01615,3,5,3,2,60.0,4,1,25.0,0.34,2.16,3.26,3.0,0.0,0,1,0
SYN01616,8,10,4,6,40.0,5,1,20.0,2.28,2.33,0.69,1.0,0.31,0,0,0
SYN01617,7,8,7,1,87.5,5,5,100.0,1.3,1.39,3.52,5.0,1.48,4,0,1
SYN01618,2,4,2,2,50.0,2,2,100.0,1.54,2.47,0.26,0.0,0.0,2,1,0
SYN01619,9,11,5,6,45.45,8,8,100.0,5.0,5.0,2.87,2.0,0.0,3,3,1
SYN01620,1,6,4,2,66.67,4,2,50.0,2.77,2.82,0.36,1.0,0.64,4,2,0
SYN01621,8,4,4,0,100.0,2,2,100.0,3.07,4.01,2.39,3.0,0.61,2,3,1
SYN01622,5,11,11,0,100.0,5,1,20.0,4.27,5.0,3.95,3.0,0.0,7,3,1
SYN01623,4,4,3,1,75.0,2,1,50.0,0.84,4.1,4.05,2.0,0.0,5,2,1
SYN01624,5,8,6,2,75.0,6,4,66.67,0.62,1.22,3.13,2.0,0.0,4,2,1
SYN01625,4,11,9,2,81.82,8,7,87.5,0.02,0.63,0.78,0.5,0.0,7,1,1
SYN01626,8,8,2,6,25.0,3,3,100.0,1.59,2.24,0.71,1.0,0.29,0,0,0
SYN01627,8,8,6,2,75.0,4,2,50.0,2.86,3.33,0.0,0.0,0.0,1,1,1
SYN01628,8,7,3,4,42.86,4,2,50.0,0.78,0.82,0.41,2.0,1.59,6,2,0
SYN01629,5,5,3,2,60.0,3,1,33.33,0.07,0.31,0.0,0.0,0.0,6,1,1
SYN01630,9,8,4,4,50.0,4,2,50.0,0.2,0.38,2.34,1.0,0.0,4,0,1
SYN01631,5,11,8,3,72.73,6,6,100.0,0.08,2.92,0.55,0.5,0.0,1,2,1
SYN01632,5,4,3,1,75.0,3,3,100.0,0.65,1.28,1.25,2.0,0.75,2,2,0
SYN01633,3,11,0,11,0.0,6,6,100.0,1.33,2.44,0.14,1.0,0.86,4,4,1
SYN01634,8,7,5,2,71.43,5,3,60.0,1.86,3.15,0.96,1.0,0.04,0,4,0
SYN01635,7,8,6,2,75.0,5,3,60.0,1.81,1.98,0.0,0.5,0.5,6,3,1
SYN01636,6,5,4,1,80.0,3,3,100.0,0.05,1.46,0.0,1.0,1.0,2,2,1
SYN01637,2,8,5,3,62.5,5,3,60.0,0.33,0.49,2.84,1.0,0.0,7,3,1
SYN01638,4,5,5,0,100.0,3,2,66.67,0.14,0.72,0.0,0.5,0.5,4,4,1
SYN01639,4,6,4,2,66.67,3,1,33.33,0.61,0.87,1.04,2.0,0.96,2,2,1
SYN01640,6,9,6,3,66.67,7,4,57.14,2.03,2.52,1.35,1.0,0.0,0,1,0
SYN01641,7,4,3,1,75.0,3,2,66.67,0.12,1.21,4.47,5.0,0.53,6,3,1
SYN01642,2,7,5,2,71.43,5,2,40.0,2.8,4.36,0.61,0.5,0.0,5,0,0
SYN01643,7,8,3,5,37.5,4,3,75.0,1.02,1.36,2.04,1.0,0.0,7,2,1
SYN01644,6,5,0,5,0.0,2,1,50.0,0.14,0.23,1.14,3.0,1.86,1,4,0
SYN01645,2,6,3,3,50.0,3,2,66.67,0.11,2.03,3.91,3.0,0.0,1,4,0
SYN01646,2,6,5,1,83.33,5,2,40.0,0.07,0.1,0.3,1.0,0.7,1,3,0
SYN01647,4,9,5,4,55.56,7,5,71.43,0.01,0.08,0.0,0.0,0.0,3,2,0
SYN01648,6,11,9,2,81.82,7,4,57.14,3.46,4.36,3.31,1.0,0.0,3,1,0
SYN01649,4,10,6,4,60.0,8,5,62.5,1.14,1.82,0.0,1.0,1.0,6,1,0
SYN01650,7,5,5,0,100.0,2,2,100.0,1.35,3.08,1.71,1.0,0.0,7,2,1
SYN01651,3,4,2,2,50.0,2,1,50.0,1.18,1.18,1.85,0.5,0.0,0,2,1
SYN01652,4,4,3,1,75.0,2,2,100.0,2.77,3.18,0.18,1.0,0.82,4,1,1
SYN01653,2,8,6,2,75.0,4,3,75.0,5.0,5.0,0.0,0.5,0.5,5,1,0
SYN01654,3,5,5,0,100.0,4,3,75.0,0.07,0.39,2.56,3.0,0.44,1,3,1
SYN01655,5,5,1,4,20.0,4,2,50.0,0.95,1.02,0.0,0.0,0.0,3,2,1
SYN01656,2,10,5,5,50.0,4,4,100.0,1.82,3.53,5.08,5.0,0.0,5,2,1
SYN01657,4,10,8,2,80.0,5,3,60.0,1.15,5.0,2.07,1.0,0.0,4,4,1
SYN01658,6,10,10,0,100.0,6,3,50.0,0.81,1.75,4.56,5.0,0.44,0,4,1
SYN01659,6,6,4,2,66.67,3,1,33.33,2.03,2.98,3.11,2.0,0.0,3,3,1
SYN01660,7,8,4,4,50.0,5,3,60.0,0.04,0.92,2.18,0.5,0.0,2,3,0
SYN01661,6,8,6,2,75.0,5,4,80.0,2.86,3.37,1.02,0.5,0.0,1,1,0
SYN01662,9,5,4,1,80.0,3,2,66.67,1.68,3.5,0.63,0.0,0.0,0,4,1
SYN01663,9,8,4,4,50.0,4,3,75.0,0.01,3.69,1.29,2.0,0.71,2,3,0
SYN01664,4,8,5,3,62.5,4,2,50.0,2.63,3.35,0.0,0.5,0.5,6,2,1
SYN01665,6,7,6,1,85.71,5,2,40.0,0.72,1.14,2.7,2.0,0.0,6,0,1
SYN01666,1,10,10,0,100.0,6,3,50.0,1.5,1.9,3.96,3.0,0.0,1,2,0
SYN01667,8,9,7,2,77.78,6,5,83.33,3.54,3.71,1.29,1.0,0.0,4,3,1
SYN01668,6,8,5,3,62.5,4,3,75.0,0.04,0.33,3.09,2.0,0.0,5,0,1
SYN01669,9,9,5,4,55.56,6,5,83.33,0.08,0.33,2.34,3.0,0.66,3,1,1
SYN01670,2,10,7,3,70.0,4,3,75.0,0.18,1.55,2.62,2.0,0.0,0,3,1
SYN01671,4,8,5,3,62.5,3,2,66.67,0.07,0.59,1.77,0.0,0.0,5,3,1
SYN01672,5,6,4,2,66.67,4,2,50.0,1.28,1.31,1.8,1.0,0.0,1,1,0
SYN01673,2,10,3,7,30.0,7,1,14.29,0.42,0.63,2.61,1.0,0.0,1,4,1
SYN01674,3,9,8,1,88.89,5,3,60.0,0.86,1.43,2.62,1.0,0.0,2,4,1
SYN01675,3,11,3,8,27.27,6,3,50.0,1.67,2.01,0.0,1.0,1.0,0,0,0
SYN01676,6,5,2,3,40.0,4,1,25.0,5.0,5.0,5.86,5.0,0.0,7,0,0
SYN01677,7,7,4,3,57.14,3,1,33.33,0.12,1.77,0.24,1.0,0.76,4,3,1
SYN01678,6,11,11,0,100.0,5,3,60.0,0.66,0.75,0.0,1.0,1.0,6,0,1
SYN01679,3,8,4,4,50.0,5,2,40.0,0.62,3.06,0.0,0.0,0.0,0,3,0
SYN01680,2,11,5,6,45.45,6,3,50.0,0.52,1.36,5.1,3.0,0.0,1,2,0
SYN01681,2,4,2,2,50.0,3,3,100.0,0.92,1.11,0.0,0.5,0.5,1,3,0
SYN01682,8,4,4,0,100.0,3,1,33.33,0.66,5.0,0.0,0.5,0.5,0,0,1
SYN01683,2,10,0,10,0.0,6,4,66.67,0.45,1.55,0.0,1.0,1.0,5,4,0
SYN01684,8,6,2,4,33.33,4,1,25.0,1.04,3.42,1.57,1.0,0.0,1,0,0
SYN01685,4,8,8,0,100.0,5,2,40.0,0.33,2.9,0.09,1.0,0.91,7,2,0
SYN01686,6,7,5,2,71.43,5,3,60.0,0.51,0.78,0.0,1.0,1.0,5,4,1
SYN01687,2,7,2,5,28.57,3,1,33.33,0.21,0.66,0.0,1.0,1.0,2,0,0
SYN01688,8,11,6,5,54.55,6,5,83.33,0.24,0.94,0.2,0.0,0.0,2,3,1
SYN01689,9,4,2,2,50.0,3,3,100.0,0.25,1.9,1.94,1.0,0.0,3,3,1
SYN01690,9,10,8,2,80.0,5,4,80.0,0.75,1.18,1.47,2.0,0.53,4,4,0
SYN01691,1,11,11,0,100.0,5,5,100.0,0.25,1.42,1.78,1.0,0.0,5,2,1
SYN01692,9,9,6,3,66.67,5,1,20.0,0.27,0.63,6.1,5.0,0.0,3,1,1
SYN01693,3,7,3,4,42.86,5,3,60.0,1.61,1.66,0.0,0.5,0.5,6,4,1
SYN01694,6,5,4,1,80.0,2,2,100.0,1.92,1.97,0.85,1.0,0.15,6,0,1
SYN01695,9,9,4,5,44.44,6,5,83.33,0.28,0.73,1.28,2.0,0.72,2,3,1
SYN01696,6,7,2,5,28.57,5,5,100.0,0.86,1.41,1.65,1.0,0.0,3,0,0
SYN01697,8,5,1,4,20.0,3,3,100.0,0.93,2.02,0.0,0.0,0.0,6,3,1
SYN01698,3,6,1,5,16.67,3,3,100.0,0.03,1.23,0.0,1.0,1.0,5,0,0
SYN01699,9,11,4,7,36.36,8,8,100.0,0.04,0.19,5.06,5.0,0.0,7,1,1
SYN01700,6,6,2,4,33.33,3,2,66.67,1.09,1.62,2.33,1.0,0.0,0,4,0
SYN01701,8,5,3,2,60.0,4,2,50.0,0.14,0.57,0.61,0.0,0.0,0,2,1
SYN01702,1,9,3,6,33.33,6,4,66.67,1.12,1.17,1.21,0.0,0.0,4,0,0
SYN01703,4,5,0,5,0.0,2,1,50.0,0.47,0.6,2.1,1.0,0.0,1,4,0
SYN01704,8,11,4,7,36.36,8,5,62.5,0.14,3.6,0.55,0.5,0.0,5,2,1
SYN01705,1,10,5,5,50.0,6,1,16.67,2.02,2.09,1.28,2.0,0.72,5,2,0
SYN01706,3,11,5,6,45.45,6,3,50.0,0.43,2.42,3.96,5.0,1.04,3,4,1
SYN01707,8,11,11,0,100.0,6,4,66.67,0.33,2.6,1.1,3.0,1.9,0,2,1
SYN01708,9,5,2,3,40.0,3,3,100.0,0.86,5.0,2.43,1.0,0.0,2,2,1
SYN01709,4,5,4,1,80.0,3,3,100.0,1.21,1.25,0.6,1.0,0.4,2,3,1
SYN01710,2,6,4,2,66.67,5,2,40.0,0.25,0.58,0.0,1.0,1.0,3,0,0
SYN01711,2,7,4,3,57.14,4,4,100.0,1.32,1.6,1.48,0.0,0.0,6,0,1
SYN01712,8,11,4,7,36.36,7,5,71.43,0.06,1.48,1.11,1.0,0.0,5,3,1
SYN01713,7,9,5,4,55.56,6,4,66.67,0.82,2.06,1.66,0.5,0.0,5,3,1
SYN01714,6,9,4,5,44.44,6,1,16.67,0.73,1.57,0.0,0.0,0.0,0,4,0
SYN01715,1,11,7,4,63.64,7,3,42.86,0.99,1.77,1.05,2.0,0.95,5,0,0
SYN01716,4,9,5,4,55.56,5,5,100.0,1.8,2.06,2.53,2.0,0.0,4,0,1
SYN01717,2,7,3,4,42.86,5,3,60.0,2.05,4.57,3.63,3.0,0.0,4,4,0
SYN01718,6,7,6,1,85.71,4,3,75.0,5.0,5.0,0.66,1.0,0.34,3,0,0
SYN01719,6,8,6,2,75.0,4,3,75.0,1.43,1.49,4.58,3.0,0.0,4,2,1
SYN01720,8,4,2,2,50.0,2,0,0.0,0.43,0.59,2.13,1.0,0.0,2,2,0
SYN01721,3,9,6,3,66.67,5,3,60.0,1.65,2.19,0.68,0.0,0.0,6,0,1
SYN01722,6,9,5,4,55.56,4,4,100.0,1.81,5.0,0.0,1.0,1.0,3,3,0
SYN01723,1,9,3,6,33.33,4,4,100.0,1.81,5.0,0.0,1.0,1.0,6,3,0
SYN01724,2,8,5,3,62.5,5,3,60.0,0.08,0.32,2.44,1.0,0.0,7,1,1
SYN01725,7,10,4,6,40.0,8,8,100.0,2.62,5.0,0.0,2.0,2.0,6,4,0
SYN01726,5,11,4,7,36.36,6,2,33.33,0.67,0.95,0.89,1.0,0.11,4,3,0
SYN01727,3,8,2,6,25.0,4,2,50.0,1.18,1.77,3.18,3.0,0.0,3,1,0
SYN01728,5,7,4,3,57.14,5,5,100.0,2.55,4.43,0.0,0.0,0.0,4,1,1
SYN01729,9,4,3,1,75.0,2,2,100.0,1.09,1.8,1.96,2.0,0.04,6,0,1
SYN01730,3,10,4,6,40.0,8,5,62.5,0.52,0.86,3.5,3.0,0.0,6,2,1
SYN01731,1,11,11,0,100.0,7,4,57.14,1.03,5.0,0.3,1.0,0.7,6,2,1
SYN01732,1,9,7,2,77.78,4,2,50.0,2.12,2.82,4.06,3.0,0.0,5,0,1
SYN01733,4,10,9,1,90.0,6,4,66.67,0.43,2.4,2.7,2.0,0.0,3,3,1
SYN01734,5,10,8,2,80.0,5,4,80.0,0.13,0.8,0.0,0.0,0.0,2,1,1
SYN01735,9,10,10,0,100.0,7,5,71.43,0.24,0.93,1.01,2.0,0.99,2,0,0
SYN01736,5,8,3,5,37.5,4,1,25.0,2.72,3.17,1.89,2.0,0.11,7,0,0
SYN01737,1,4,0,4,0.0,3,2,66.67,0.38,1.02,2.53,0.0,0.0,3,2,1
SYN01738,2,4,2,2,50.0,3,2,66.67,0.34,0.4,0.09,1.0,0.91,3,4,1
SYN01739,8,5,4,1,80.0,4,1,25.0,0.93,1.07,1.84,0.0,0.0,3,2,0
SYN01740,2,7,4,3,57.14,5,5,100.0,0.31,0.87,0.0,1.0,1.0,2,3,1
SYN01741,8,9,6,3,66.67,4,4,100.0,1.24,2.04,3.97,5.0,1.03,1,4,1
SYN01742,8,7,7,0,100.0,4,4,100.0,1.31,1.71,2.35,3.0,0.65,1,3,1
SYN01743,2,4,3,1,75.0,3,2,66.67,1.64,3.69,3.14,2.0,0.0,1,4,0
SYN01744,5,5,4,1,80.0,3,2,66.67,0.23,4.68,1.07,1.0,0.0,1,2,1
SYN01745,6,11,4,7,36.36,5,3,60.0,0.32,2.55,2.57,1.0,0.0,0,0,0
SYN01746,1,11,4,7,36.36,6,5,83.33,1.1,1.24,0.0,0.0,0.0,7,3,0
SYN01747,2,7,7,0,100.0,3,2,66.67,0.66,1.03,0.94,1.0,0.06,0,3,1
SYN01748,2,10,6,4,60.0,7,7,100.0,0.54,1.73,1.61,2.0,0.39,0,2,1
SYN01749,9,9,4,5,44.44,5,0,0.0,0.02,0.14,3.43,1.0,0.0,4,2,1
SYN01750,1,11,5,6,45.45,7,4,57.14,0.15,0.71,0.0,1.0,1.0,7,0,1
SYN01751,9,11,5,6,45.45,9,8,88.89,0.59,0.89,0.0,0.0,0.0,5,2,1
SYN01752,6,9,4,5,44.44,5,2,40.0,2.0,4.67,1.83,3.0,1.17,1,4,0
SYN01753,4,7,2,5,28.57,5,3,60.0,2.27,2.3,1.69,1.0,0.0,4,0,0
SYN01754,3,9,2,7,22.22,4,3,75.0,0.56,2.62,0.0,1.0,1.0,4,3,1
SYN01755,9,6,3,3,50.0,3,3,100.0,0.85,1.52,3.19,1.0,0.0,5,3,1
SYN01756,4,6,3,3,50.0,3,1,33.33,0.96,1.47,1.1,1.0,0.0,2,3,1
SYN01757,3,8,7,1,87.5,4,1,25.0,0.3,2.12,1.49,1.0,0.0,3,4,1
SYN01758,9,8,5,3,62.5,4,2,50.0,0.09,0.21,2.56,2.0,0.0,7,0,1
SYN01759,6,8,5,3,62.5,5,1,20.0,0.37,0.39,0.98,1.0,0.02,6,1,0
SYN01760,7,7,3,4,42.86,3,1,33.33,0.27,0.64,0.15,0.0,0.0,2,1,0
SYN01761,3,7,4,3,57.14,3,1,33.33,0.82,1.14,5.1,5.0,0.0,5,0,0
SYN01762,9,4,3,1,75.0,3,3,100.0,0.96,1.0,2.62,2.0,0.0,6,0,1
SYN01763,1,8,6,2,75.0,3,2,66.67,0.49,1.12,2.01,3.0,0.99,5,3,1
SYN01764,9,8,5,3,62.5,6,4,66.67,0.8,1.36,0.0,0.5,0.5,5,1,1
SYN01765,4,11,10,1,90.91,8,3,37.5,0.5,0.54,3.99,3.0,0.0,6,4,1
SYN01766,1,8,5,3,62.5,5,4,80.0,0.45,0.79,2.0,2.0,0.0,4,4,1
SYN01767,4,7,6,1,85.71,4,4,100.0,0.39,0.57,0.0,1.0,1.0,1,3,1
SYN01768,4,4,2,2,50.0,3,1,33.33,2.98,4.1,0.0,0.0,0.0,3,4,0
SYN01769,2,5,1,4,20.0,3,3,100.0,0.25,0.28,2.84,1.0,0.0,4,1,0
SYN01770,8,6,4,2,66.67,5,4,80.0,0.52,1.32,1.81,2.0,0.19,6,3,1
SYN01771,5,7,5,2,71.43,6,4,66.67,1.06,1.56,0.36,1.0,0.64,6,4,1
SYN01772,1,6,4,2,66.67,3,2,66.67,0.05,1.22,0.21,2.0,1.79,1,0,0
SYN01773,9,7,5,2,71.43,5,4,80.0,0.36,0.39,1.32,2.0,0.68,0,2,1
SYN01774,5,10,5,5,50.0,7,7,100.0,0.05,0.81,0.6,2.0,1.4,1,4,1
SYN01775,8,5,2,3,40.0,2,2,100.0,0.03,0.37,1.52,1.0,0.0,1,2,1
SYN01776,1,6,4,2,66.67,4,3,75.0,0.21,2.51,3.06,3.0,0.0,2,4,1
SYN01777,4,5,4,1,80.0,3,2,66.67,0.53,0.79,0.56,1.0,0.44,3,0,1
SYN01778,7,6,3,3,50.0,4,4,100.0,1.38,2.57,1.09,2.0,0.91,5,1,1
SYN01779,4,9,8,1,88.89,5,2,40.0,0.48,1.86,2.83,1.0,0.0,3,0,1
SYN01780,1,4,2,2,50.0,2,1,50.0,0.38,0.75,0.0,0.5,0.5,3,3,0
SYN01781,8,6,3,3,50.0,3,3,100.0,0.94,1.5,0.16,1.0,0.84,7,2,1
SYN01782,6,4,4,0,100.0,2,0,0.0,2.43,5.0,1.71,2.0,0.29,6,0,0
SYN01783,6,11,9,2,81.82,8,6,75.0,0.2,0.89,1.88,2.0,0.12,6,4,1
SYN01784,2,9,5,4,55.56,7,5,71.43,0.65,1.52,0.58,0.0,0.0,6,2,1
SYN01785,4,5,3,2,60.0,3,2,66.67,0.04,1.18,1.12,0.0,0.0,0,3,1
SYN01786,8,5,3,2,60.0,3,2,66.67,1.9,2.56,3.03,2.0,0.0,5,3,1
SYN01787,3,4,0,4,0.0,3,2,66.67,0.62,0.89,3.42,0.5,0.0,3,4,1
SYN01788,2,7,3,4,42.86,5,3,60.0,0.16,1.23,0.0,0.5,0.5,5,1,1
SYN01789,9,10,6,4,60.0,6,4,66.67,0.41,2.79,2.28,2.0,0.0,6,2,1
SYN01790,4,8,4,4,50.0,4,2,50.0,0.6,1.76,0.38,1.0,0.62,0,0,0
SYN01791,5,11,7,4,63.64,5,5,100.0,0.34,2.1,2.41,0.0,0.0,5,3,1
SYN01792,1,6,5,1,83.33,4,2,50.0,0.96,1.59,1.21,1.0,0.0,7,1,1
SYN01793,3,6,3,3,50.0,4,3,75.0,1.24,3.79,0.0,1.0,1.0,4,3,0
SYN01794,9,7,2,5,28.57,4,2,50.0,0.02,0.13,2.52,2.0,0.0,5,0,0
SYN01795,9,5,3,2,60.0,4,4,100.0,0.47,1.61,0.32,0.0,0.0,0,1,1
SYN01796,9,11,6,5,54.55,7,6,85.71,1.23,1.25,1.91,1.0,0.0,6,2,1
SYN01797,7,5,3,2,60.0,4,3,75.0,1.14,1.56,0.13,1.0,0.87,7,0,1
SYN01798,7,7,4,3,57.14,4,1,25.0,0.86,2.06,1.39,1.0,0.0,2,0,1
SYN01799,8,8,8,0,100.0,5,2,40.0,1.52,3.89,0.0,0.0,0.0,3,4,1
SYN01800,1,4,0,4,0.0,3,3,100.0,0.38,0.88,0.19,1.0,0.81,4,2,0
SYN01801,3,7,4,3,57.14,5,2,40.0,1.99,2.33,2.41,2.0,0.0,1,0,0
SYN01802,1,7,4,3,57.14,5,4,80.0,0.07,0.29,0.18,0.0,0.0,0,0,1
SYN01803,9,6,2,4,33.33,4,2,50.0,0.23,0.7,6.26,5.0,0.0,0,4,1
SYN01804,6,5,4,1,80.0,3,3,100.0,0.05,0.35,5.03,5.0,0.0,1,0,1
SYN01805,8,4,3,1,75.0,2,1,50.0,0.7,1.09,1.72,1.0,0.0,6,4,1
SYN01806,6,4,2,2,50.0,2,1,50.0,1.2,2.66,0.55,2.0,1.45,5,1,0
SYN01807,6,7,4,3,57.14,5,2,40.0,0.47,1.67,3.67,2.0,0.0,4,0,0
SYN01808,7,4,2,2,50.0,2,1,50.0,0.28,0.46,0.0,0.5,0.5,0,4,0
SYN01809,9,11,6,5,54.55,8,6,75.0,0.25,0.49,2.08,1.0,0.0,2,0,1
SYN01810,8,5,3,2,60.0,4,3,75.0,0.94,1.52,5.32,5.0,0.0,7,4,1
SYN01811,4,9,5,4,55.56,7,2,28.57,0.53,2.79,0.16,0.0,0.0,4,3,0
SYN01812,6,9,6,3,66.67,7,4,57.14,3.15,3.81,1.91,1.0,0.0,0,4,1
SYN01813,5,7,6,1,85.71,4,1,25.0,0.86,1.51,0.0,1.0,1.0,7,2,0
SYN01814,2,11,3,8,27.27,7,6,85.71,1.07,3.41,0.0,0.5,0.5,4,4,0
SYN01815,6,4,1,3,25.0,3,3,100.0,0.06,0.34,1.9,1.0,0.0,3,3,1
SYN01816,4,5,1,4,20.0,2,1,50.0,3.58,5.0,5.31,3.0,0.0,4,0,1
SYN01817,8,6,5,1,83.33,3,2,66.67,0.4,4.53,0.0,0.0,0.0,3,1,1
SYN01818,8,5,3,2,60.0,4,4,100.0,4.0,5.0,0.0,0.5,0.5,5,0,1
SYN01819,7,6,4,2,66.67,4,2,50.0,0.41,2.56,0.62,1.0,0.38,2,4,1
SYN01820,2,6,1,5,16.67,4,2,50.0,1.63,1.94,1.93,2.0,0.07,2,2,0
SYN01821,9,10,10,0,100.0,5,4,80.0,0.01,5.0,2.33,1.0,0.0,1,2,1
SYN01822,3,6,3,3,50.0,4,1,25.0,0.48,1.82,1.06,1.0,0.0,1,4,1
SYN01823,5,11,7,4,63.64,9,5,55.56,0.31,0.6,0.47,2.0,1.53,7,2,1
SYN01824,6,10,8,2,80.0,6,3,50.0,0.25,0.87,6.16,5.0,0.0,1,4,1
SYN01825,6,11,4,7,36.36,6,3,50.0,0.36,0.61,1.18,0.5,0.0,1,4,1
SYN01826,7,4,2,2,50.0,2,1,50.0,0.35,3.13,1.16,2.0,0.84,3,1,0
SYN01827,4,11,7,4,63.64,8,7,87.5,0.81,1.09,1.86,1.0,0.0,0,3,1
SYN01828,6,8,8,0,100.0,6,6,100.0,0.23,0.82,0.0,0.0,0.0,3,0,1
SYN01829,8,11,7,4,63.64,6,5,83.33,0.47,1.75,0.64,1.0,0.36,1,3,0
SYN01830,5,6,6,0,100.0,4,3,75.0,0.19,1.6,0.36,1.0,0.64,2,2,1
SYN01831,7,11,10,1,90.91,6,3,50.0,0.29,2.36,2.63,3.0,0.37,1,4,1
SYN01832,8,8,6,2,75.0,5,0,0.0,1.45,1.72,2.09,1.0,0.0,6,0,0
SYN01833,9,4,1,3,25.0,2,2,100.0,0.0,0.53,0.0,2.0,2.0,3,4,1
SYN01834,5,7,6,1,85.71,4,0,0.0,2.41,3.01,1.32,0.0,0.0,0,2,0
SYN01835,9,5,1,4,20.0,3,0,0.0,0.4,2.36,0.21,0.0,0.0,7,4,0
SYN01836,5,11,11,0,100.0,6,4,66.67,0.46,2.3,2.53,3.0,0.47,7,4,1
SYN01837,6,6,4,2,66.67,3,2,66.67,2.58,3.19,2.02,2.0,0.0,1,4,0
SYN01838,2,5,0,5,0.0,2,1,50.0,0.64,1.07,0.0,1.0,1.0,0,1,0
SYN01839,1,8,4,4,50.0,4,4,100.0,2.68,3.98,0.0,0.5,0.5,1,0,0
SYN01840,5,7,5,2,71.43,5,4,80.0,0.55,4.37,0.0,0.0,0.0,2,0,1
SYN01841,6,4,2,2,50.0,2,1,50.0,0.04,1.79,2.73,5.0,2.27,3,4,1
SYN01842,5,10,8,2,80.0,4,4,100.0,0.43,0.82,0.0,0.0,0.0,6,3,1
SYN01843,6,10,4,6,40.0,8,8,100.0,0.62,1.19,0.0,0.5,0.5,7,4,1
SYN01844,3,9,2,7,22.22,5,4,80.0,2.27,2.98,3.47,2.0,0.0,6,1,0
SYN01845,1,8,5,3,62.5,6,3,50.0,1.63,2.29,1.46,3.0,1.54,7,2,0
SYN01846,7,7,4,3,57.14,5,2,40.0,0.05,0.38,0.0,0.0,0.0,0,0,1
SYN01847,2,8,4,4,50.0,5,1,20.0,0.64,0.94,3.34,2.0,0.0,7,3,1
SYN01848,3,8,7,1,87.5,5,3,60.0,1.95,3.94,2.02,1.0,0.0,5,4,1
SYN01849,8,5,2,3,40.0,2,1,50.0,1.52,3.12,1.65,2.0,0.35,1,3,0
SYN01850,1,4,3,1,75.0,3,2,66.67,0.11,4.08,0.0,0.0,0.0,7,4,1
SYN01851,4,6,4,2,66.67,4,3,75.0,1.15,2.46,3.22,3.0,0.0,5,2,1
SYN01852,6,7,1,6,14.29,4,0,0.0,2.54,3.85,4.53,2.0,0.0,6,2,0
SYN01853,9,5,1,4,20.0,4,1,25.0,1.22,2.92,5.5,5.0,0.0,5,0,0
SYN01854,4,4,2,2,50.0,2,1,50.0,2.11,5.0,1.8,1.0,0.0,6,1,0
SYN01855,3,10,10,0,100.0,8,5,62.5,1.62,1.94,5.72,3.0,0.0,0,3,1
SYN01856,2,6,4,2,66.67,4,2,50.0,0.71,1.02,1.33,1.0,0.0,4,1,1
SYN01857,9,8,1,7,12.5,3,2,66.67,0.46,0.49,2.38,1.0,0.0,5,1,1
SYN01858,2,8,0,8,0.0,6,3,50.0,0.28,2.07,0.57,0.0,0.0,6,2,0
SYN01859,7,9,7,2,77.78,7,2,28.57,0.16,1.62,2.56,2.0,0.0,5,2,0
SYN01860,8,9,5,4,55.56,6,3,50.0,0.22,2.65,0.0,1.0,1.0,1,4,0
SYN01861,7,6,5,1,83.33,3,2,66.67,1.66,2.06,0.65,2.0,1.35,5,4,0
SYN01862,5,10,4,6,40.0,7,4,57.14,0.39,1.49,1.39,2.0,0.61,1,0,0
SYN01863,6,6,4,2,66.67,4,3,75.0,1.46,3.36,3.06,2.0,0.0,1,0,1
SYN01864,4,10,8,2,80.0,5,4,80.0,1.45,1.51,2.0,1.0,0.0,4,4,1
SYN01865,5,7,3,4,42.86,5,4,80.0,0.72,1.04,3.6,2.0,0.0,2,4,1
SYN01866,7,4,2,2,50.0,3,1,33.33,1.88,3.51,0.99,1.0,0.01,2,2,0
SYN01867,7,10,6,4,60.0,7,1,14.29,0.55,1.16,2.65,2.0,0.0,4,2,1
SYN01868,2,4,3,1,75.0,3,3,100.0,1.34,3.01,1.65,1.0,0.0,1,3,1
SYN01869,2,10,6,4,60.0,5,4,80.0,2.54,4.16,1.87,2.0,0.13,1,4,0
SYN01870,7,4,3,1,75.0,3,1,33.33,0.83,1.57,1.61,2.0,0.39,3,1,0
SYN01871,5,5,2,3,40.0,3,2,66.67,0.63,1.52,0.0,1.0,1.0,1,1,0
SYN01872,4,8,2,6,25.0,5,5,100.0,3.21,3.9,0.0,0.0,0.0,5,4,1
SYN01873,9,11,11,0,100.0,6,6,100.0,2.63,5.0,0.88,1.0,0.12,5,0,1
SYN01874,2,7,3,4,42.86,3,2,66.67,5.0,5.0,3.36,2.0,0.0,7,0,0
SYN01875,9,4,2,2,50.0,3,3,100.0,0.63,1.47,4.48,3.0,0.0,1,3,1
SYN01876,5,5,3,2,60.0,3,1,33.33,0.95,2.74,1.17,1.0,0.0,5,1,1
SYN01877,9,11,7,4,63.64,9,6,66.67,2.28,2.63,5.48,3.0,0.0,0,2,1
SYN01878,5,9,5,4,55.56,7,4,57.14,0.13,0.8,1.23,1.0,0.0,4,2,1
SYN01879,8,4,2,2,50.0,3,2,66.67,0.82,0.88,4.24,3.0,0.0,1,3,0
SYN01880,3,7,4,3,57.14,3,3,100.0,1.15,2.15,2.88,3.0,0.12,5,0,1
SYN01881,8,6,4,2,66.67,4,3,75.0,0.89,2.11,0.0,1.0,1.0,0,3,1
SYN01882,2,5,0,5,0.0,2,1,50.0,0.7,1.85,4.49,5.0,0.51,0,3,0
SYN01883,9,10,10,0,100.0,7,2,28.57,1.84,2.02,2.77,1.0,0.0,2,2,1
SYN01884,6,8,5,3,62.5,5,5,100.0,0.18,0.43,0.68,1.0,0.32,2,1,1
SYN01885,7,5,4,1,80.0,4,3,75.0,0.33,0.8,1.44,2.0,0.56,6,4,1
SYN01886,9,9,2,7,22.22,5,4,80.0,1.75,3.1,0.0,0.0,0.0,1,0,0
SYN01887,1,7,3,4,42.86,4,2,50.0,0.39,1.85,0.03,0.5,0.47,6,1,0
SYN01888,4,4,2,2,50.0,3,2,66.67,1.85,2.91,1.93,0.5,0.0,3,2,0
SYN01889,6,7,7,0,100.0,4,1,25.0,0.01,1.57,4.26,2.0,0.0,0,1,1
SYN01890,1,5,2,3,40.0,4,3,75.0,0.56,2.08,2.01,2.0,0.0,7,3,1
SYN01891,1,5,4,1,80.0,4,1,25.0,0.26,0.91,2.65,2.0,0.0,4,4,1
SYN01892,6,11,5,6,45.45,7,4,57.14,0.32,1.12,4.17,3.0,0.0,6,2,1
SYN01893,2,9,4,5,44.44,5,2,40.0,2.6,3.52,3.13,3.0,0.0,0,1,0
SYN01894,5,5,3,2,60.0,3,0,0.0,0.41,0.79,0.95,2.0,1.05,3,3,0
SYN01895,7,10,9,1,90.0,7,4,57.14,0.1,0.13,2.51,3.0,0.49,1,2,1
SYN01896,8,8,1,7,12.5,6,2,33.33,1.71,1.81,1.49,1.0,0.0,4,4,0
SYN01897,9,10,3,7,30.0,5,3,60.0,2.1,3.05,2.47,2.0,0.0,6,3,1
SYN01898,1,9,1,8,11.11,6,4,66.67,0.54,4.04,0.0,0.0,0.0,6,0,0
SYN01899,1,6,2,4,33.33,3,3,100.0,0.31,1.86,0.0,0.0,0.0,7,1,1
SYN01900,1,8,3,5,37.5,5,4,80.0,0.04,4.65,0.0,0.5,0.5,2,1,0
SYN01901,7,8,2,6,25.0,6,4,66.67,1.64,4.37,1.06,0.0,0.0,2,1,0
SYN01902,1,9,4,5,44.44,7,6,85.71,1.21,2.41,4.16,5.0,0.84,6,4,1
SYN01903,5,5,0,5,0.0,3,3,100.0,0.85,2.47,0.45,1.0,0.55,6,0,0
SYN01904,1,6,2,4,33.33,3,2,66.67,0.8,0.81,2.4,3.0,0.6,2,3,0
SYN01905,8,5,5,0,100.0,3,2,66.67,1.73,2.64,1.95,1.0,0.0,2,1,1
SYN01906,8,6,4,2,66.67,3,3,100.0,0.19,0.92,3.16,2.0,0.0,1,2,1
SYN01907,6,5,3,2,60.0,3,0,0.0,0.64,1.25,1.59,1.0,0.0,6,1,1
SYN01908,9,4,1,3,25.0,3,3,100.0,1.32,2.93,6.33,5.0,0.0,0,0,0
SYN01909,6,11,2,9,18.18,6,6,100.0,0.46,0.85,1.48,0.0,0.0,4,0,1
SYN01910,7,4,1,3,25.0,2,1,50.0,1.79,2.47,0.0,2.0,2.0,3,1,0
SYN01911,4,11,6,5,54.55,8,2,25.0,0.63,1.37,5.71,5.0,0.0,4,4,1
SYN01912,9,4,3,1,75.0,2,2,100.0,0.74,0.91,1.56,2.0,0.44,7,1,1
SYN01913,4,10,8,2,80.0,5,2,40.0,0.95,1.29,0.49,2.0,1.51,6,4,0
SYN01914,3,6,5,1,83.33,5,4,80.0,1.93,2.58,0.62,1.0,0.38,7,4,0
SYN01915,5,8,3,5,37.5,3,1,33.33,0.07,0.42,1.88,1.0,0.0,5,0,1
SYN01916,2,6,4,2,66.67,3,3,100.0,1.87,2.51,1.75,0.0,0.0,3,4,1
SYN01917,7,7,4,3,57.14,4,1,25.0,0.01,0.2,0.0,1.0,1.0,7,3,1
SYN01918,6,7,4,3,57.14,3,2,66.67,1.39,1.55,0.74,0.0,0.0,4,2,1
SYN01919,4,8,8,0,100.0,4,0,0.0,0.07,1.64,4.36,2.0,0.0,2,2,1
SYN01920,1,7,1,6,14.29,3,2,66.67,2.3,3.18,7.2,5.0,0.0,6,4,0
SYN01921,5,8,4,4,50.0,4,2,50.0,1.58,1.75,0.0,2.0,2.0,7,0,0
SYN01922,5,10,9,1,90.0,8,8,100.0,0.44,1.18,4.61,2.0,0.0,3,0,1
SYN01923,6,7,2,5,28.57,4,2,50.0,1.71,2.65,2.15,1.0,0.0,6,0,0
SYN01924,1,6,3,3,50.0,3,3,100.0,0.45,0.9,0.0,0.5,0.5,3,4,1
SYN01925,1,5,2,3,40.0,3,1,33.33,2.23,2.28,1.08,2.0,0.92,3,3,0
SYN01926,8,6,3,3,50.0,5,3,60.0,2.54,2.64,2.51,1.0,0.0,4,2,0
SYN01927,2,5,1,4,20.0,2,1,50.0,0.42,0.51,1.43,1.0,0.0,4,0,0
SYN01928,9,5,4,1,80.0,4,3,75.0,0.36,3.08,2.31,3.0,0.69,7,0,1
SYN01929,2,11,8,3,72.73,6,5,83.33,0.8,0.9,1.08,1.0,0.0,7,4,1
SYN01930,4,4,3,1,75.0,3,3,100.0,0.1,1.53,1.66,1.0,0.0,6,4,0
SYN01931,8,7,3,4,42.86,4,3,75.0,2.75,3.69,0.0,0.0,0.0,4,3,1
SYN01932,2,10,6,4,60.0,4,3,75.0,1.41,4.26,1.85,2.0,0.15,0,4,0
SYN01933,9,11,4,7,36.36,7,3,42.86,1.5,3.19,1.58,0.5,0.0,2,3,0
SYN01934,1,5,3,2,60.0,2,2,100.0,1.3,2.06,1.16,2.0,0.84,1,3,1
SYN01935,2,5,5,0,100.0,4,4,100.0,0.0,1.23,0.0,1.0,1.0,0,4,1
SYN01936,3,6,4,2,66.67,4,1,25.0,1.53,1.62,1.24,2.0,0.76,5,2,0
SYN01937,7,8,2,6,25.0,5,4,80.0,1.03,1.73,1.93,3.0,1.07,2,0,1
SYN01938,6,11,7,4,63.64,5,4,80.0,2.71,2.81,0.0,0.5,0.5,0,0,0
SYN01939,4,5,1,4,20.0,3,3,100.0,1.03,2.38,0.0,2.0,2.0,1,3,0
SYN01940,6,5,2,3,40.0,3,3,100.0,0.29,0.4,0.78,0.5,0.0,0,0,1
SYN01941,5,6,2,4,33.33,5,3,60.0,1.53,2.18,1.04,0.0,0.0,1,1,0
SYN01942,8,10,5,5,50.0,7,5,71.43,0.8,1.11,0.03,1.0,0.97,3,4,0
SYN01943,4,4,3,1,75.0,3,1,33.33,0.77,1.04,0.22,1.0,0.78,5,2,1
SYN01944,9,7,5,2,71.43,5,3,60.0,0.28,0.45,4.78,5.0,0.22,6,2,1
SYN01945,5,4,3,1,75.0,3,1,33.33,2.53,5.0,0.91,2.0,1.09,3,1,0
SYN01946,8,5,2,3,40.0,3,3,100.0,0.48,2.89,4.18,3.0,0.0,5,1,0
SYN01947,7,11,5,6,45.45,5,4,80.0,0.07,1.18,0.0,0.0,0.0,0,0,0
SYN01948,4,4,3,1,75.0,3,1,33.33,0.23,2.12,1.37,2.0,0.63,1,4,1
SYN01949,3,6,3,3,50.0,3,2,66.67,0.16,0.22,1.08,2.0,0.92,2,3,1
SYN01950,5,11,6,5,54.55,5,5,100.0,0.05,0.74,1.21,0.0,0.0,5,4,1
SYN01951,1,8,6,2,75.0,6,6,100.0,0.11,0.36,1.72,2.0,0.28,1,1,1
SYN01952,4,4,2,2,50.0,2,1,50.0,0.35,1.01,5.39,3.0,0.0,0,0,1
SYN01953,5,7,5,2,71.43,5,0,0.0,0.18,1.11,3.42,3.0,0.0,4,0,0
SYN01954,4,11,11,0,100.0,5,4,80.0,0.52,0.62,4.39,3.0,0.0,3,4,1
SYN01955,1,7,4,3,57.14,4,2,50.0,2.8,2.9,0.0,0.0,0.0,3,4,1
SYN01956,6,8,7,1,87.5,6,5,83.33,1.46,1.94,1.87,3.0,1.13,3,4,1
SYN01957,9,8,6,2,75.0,4,4,100.0,1.32,1.76,2.96,3.0,0.04,7,0,1
SYN01958,4,9,2,7,22.22,6,6,100.0,0.09,0.42,1.19,2.0,0.81,0,2,1
SYN01959,4,5,2,3,40.0,3,3,100.0,0.6,0.71,0.0,0.5,0.5,4,1,1
SYN01960,7,10,4,6,40.0,7,7,100.0,1.0,1.22,2.22,1.0,0.0,6,2,1
SYN01961,1,11,4,7,36.36,5,5,100.0,0.76,0.92,0.04,0.0,0.0,6,0,0
SYN01962,9,5,3,2,60.0,4,4,100.0,0.92,0.93,0.0,0.0,0.0,0,1,1
SYN01963,5,10,8,2,80.0,6,6,100.0,0.8,1.03,3.45,3.0,0.0,2,2,1
SYN01964,7,10,9,1,90.0,6,4,66.67,1.17,5.0,5.06,5.0,0.0,7,1,1
SYN01965,3,9,6,3,66.67,5,1,20.0,2.88,5.0,4.69,3.0,0.0,6,4,0
SYN01966,2,6,3,3,50.0,3,3,100.0,0.34,0.62,1.52,1.0,0.0,7,0,0
SYN01967,7,7,1,6,14.29,4,3,75.0,0.32,1.48,1.81,2.0,0.19,5,4,0
SYN01968,3,10,6,4,60.0,4,4,100.0,0.22,1.3,1.83,1.0,0.0,0,0,1
SYN01969,7,5,3,2,60.0,3,1,33.33,0.29,0.68,0.96,1.0,0.04,7,3,1
SYN01970,7,10,6,4,60.0,7,6,85.71,0.44,3.73,1.22,1.0,0.0,6,3,1
SYN01971,7,11,11,0,100.0,7,0,0.0,1.08,5.0,4.47,3.0,0.0,5,2,1
SYN01972,8,9,8,1,88.89,4,2,50.0,0.63,0.82,0.6,2.0,1.4,0,0,1
SYN01973,4,6,5,1,83.33,3,2,66.67,2.12,3.08,0.96,2.0,1.04,7,4,1
SYN01974,9,8,3,5,37.5,5,4,80.0,0.32,0.95,0.0,0.0,0.0,7,4,1
SYN01975,8,4,2,2,50.0,3,3,100.0,1.32,2.86,0.67,1.0,0.33,6,3,1
SYN01976,5,11,6,5,54.55,8,3,37.5,0.85,0.87,2.39,1.0,0.0,2,4,1
SYN01977,1,6,2,4,33.33,4,3,75.0,0.16,0.99,0.3,2.0,1.7,7,4,1
SYN01978,1,4,3,1,75.0,3,3,100.0,1.19,1.52,2.96,3.0,0.04,0,4,1
SYN01979,5,10,7,3,70.0,4,4,100.0,0.78,1.93,0.0,0.5,0.5,4,1,1
SYN01980,1,9,3,6,33.33,7,6,85.71,1.36,1.73,2.04,0.0,0.0,6,4,1
SYN01981,9,8,7,1,87.5,4,2,50.0,1.73,3.42,4.06,3.0,0.0,1,3,0
SYN01982,4,4,3,1,75.0,2,1,50.0,0.27,0.38,1.29,1.0,0.0,7,0,1
SYN01983,4,10,2,8,20.0,5,5,100.0,1.24,1.64,2.16,1.0,0.0,4,0,1
SYN01984,5,9,5,4,55.56,4,3,75.0,0.58,1.04,1.42,3.0,1.58,1,1,1
SYN01985,9,10,7,3,70.0,7,5,71.43,0.03,1.29,4.43,2.0,0.0,7,2,1
SYN01986,6,10,8,2,80.0,5,1,20.0,0.05,0.73,0.99,2.0,1.01,1,4,0
SYN01987,7,5,3,2,60.0,3,1,33.33,1.51,3.62,2.01,0.5,0.0,7,4,1
SYN01988,6,5,4,1,80.0,2,2,100.0,1.46,2.88,2.66,2.0,0.0,7,4,1
SYN01989,4,11,7,4,63.64,9,7,77.78,0.08,2.18,1.32,1.0,0.0,7,3,1
SYN01990,1,8,2,6,25.0,6,1,16.67,0.74,3.39,3.46,2.0,0.0,2,0,0
SYN01991,7,7,2,5,28.57,5,4,80.0,0.69,0.81,2.2,1.0,0.0,3,3,1
SYN01992,5,6,5,1,83.33,4,1,25.0,2.43,2.92,0.13,0.0,0.0,6,1,1
SYN01993,9,9,8,1,88.89,7,7,100.0,1.13,2.7,0.49,1.0,0.51,6,1,1
SYN01994,2,10,7,3,70.0,6,4,66.67,2.2,2.27,1.15,1.0,0.0,1,2,0
SYN01995,8,4,4,0,100.0,2,1,50.0,1.61,2.09,0.88,1.0,0.12,3,1,1
SYN01996,7,8,7,1,87.5,4,4,100.0,0.43,1.27,0.42,0.0,0.0,3,3,1
SYN01997,2,11,8,3,72.73,6,4,66.67,0.3,0.53,4.22,3.0,0.0,5,4,1
SYN01998,5,6,2,4,33.33,4,4,100.0,0.12,0.98,1.56,1.0,0.0,6,1,1
SYN01999,8,6,6,0,100.0,2,1,50.0,0.78,1.22,1.22,1.0,0.0,3,1,1
SYN02000,7,11,8,3,72.73,5,3,60.0,0.06,0.15,1.22,2.0,0.78,7,4,1
SYN02001,3,4,2,2,50.0,3,2,66.67,2.87,3.48,2.39,2.0,0.0,2,0,0
SYN02002,7,7,3,4,42.86,3,2,66.67,1.42,3.02,0.0,1.0,1.0,6,4,0
SYN02003,1,7,5,2,71.43,3,3,100.0,0.83,0.95,0.0,0.0,0.0,3,1,1
SYN02004,2,10,2,8,20.0,4,2,50.0,0.26,0.47,1.23,0.5,0.0,0,4,0
SYN02005,4,5,4,1,80.0,3,2,66.67,2.1,2.63,1.56,0.5,0.0,2,3,1
SYN02006,1,7,3,4,42.86,3,1,33.33,1.73,2.35,0.48,0.5,0.02,6,0,0
SYN02007,6,5,3,2,60.0,2,0,0.0,0.04,0.47,2.24,2.0,0.0,3,2,1
SYN02008,2,10,5,5,50.0,5,4,80.0,1.35,2.93,1.44,1.0,0.0,6,1,0
SYN02009,3,9,5,4,55.56,6,5,83.33,0.36,0.87,1.32,0.5,0.0,5,0,1
SYN02010,6,7,3,4,42.86,3,2,66.67,2.25,5.0,1.76,2.0,0.24,3,3,0
SYN02011,8,7,4,3,57.14,3,1,33.33,0.07,2.76,0.0,0.0,0.0,1,3,1
SYN02012,2,5,5,0,100.0,4,3,75.0,0.27,0.99,3.46,3.0,0.0,5,4,1
SYN02013,3,11,10,1,90.91,8,6,75.0,3.41,3.91,3.35,1.0,0.0,5,3,1
SYN02014,4,9,6,3,66.67,4,2,50.0,0.45,1.34,0.0,1.0,1.0,2,3,1
SYN02015,2,6,4,2,66.67,3,1,33.33,0.36,1.27,0.85,1.0,0.15,0,3,1
SYN02016,2,7,6,1,85.71,3,2,66.67,0.01,0.42,0.54,1.0,0.46,3,3,1
SYN02017,5,9,8,1,88.89,6,5,83.33,1.02,1.68,3.9,1.0,0.0,0,0,0
SYN02018,4,9,4,5,44.44,5,4,80.0,0.09,3.64,3.85,5.0,1.15,6,3,1
SYN02019,6,7,4,3,57.14,5,2,40.0,0.98,1.01,0.0,0.0,0.0,1,0,0
SYN02020,8,6,1,5,16.67,4,3,75.0,0.45,1.91,0.56,1.0,0.44,3,2,1
SYN02021,3,9,8,1,88.89,6,5,83.33,0.56,0.69,0.49,2.0,1.51,1,2,1
SYN02022,2,9,9,0,100.0,4,1,25.0,0.47,2.14,0.0,1.0,1.0,7,4,1
SYN02023,9,8,5,3,62.5,6,4,66.67,0.57,2.7,1.68,1.0,0.0,6,1,1
SYN02024,4,4,0,4,0.0,3,3,100.0,1.3,2.8,3.85,3.0,0.0,7,0,0
SYN02025,1,7,5,2,71.43,5,1,20.0,0.71,1.32,0.33,1.0,0.67,6,0,0
SYN02026,9,8,3,5,37.5,3,3,100.0,2.69,3.75,1.69,0.0,0.0,0,1,0
SYN02027,6,11,5,6,45.45,8,8,100.0,2.28,2.54,0.3,3.0,2.7,5,4,1
SYN02028,9,8,6,2,75.0,6,4,66.67,2.34,2.92,0.0,0.0,0.0,3,3,1
SYN02029,8,6,4,2,66.67,5,3,60.0,3.37,4.83,1.01,2.0,0.99,5,4,0
SYN02030,6,8,4,4,50.0,5,5,100.0,0.07,2.71,0.0,0.0,0.0,5,3,1
SYN02031,8,5,2,3,40.0,3,2,66.67,1.81,3.26,0.0,0.0,0.0,5,0,0
SYN02032,2,4,3,1,75.0,2,0,0.0,0.14,0.57,0.76,1.0,0.24,5,0,1
SYN02033,6,9,4,5,44.44,6,4,66.67,0.34,0.67,3.58,3.0,0.0,6,2,1
SYN02034,2,11,4,7,36.36,8,6,75.0,0.16,2.16,1.75,0.0,0.0,6,2,1
SYN02035,1,10,5,5,50.0,6,5,83.33,0.37,0.39,1.96,1.0,0.0,4,2,1
SYN02036,8,8,5,3,62.5,4,2,50.0,0.17,1.69,1.07,1.0,0.0,0,2,1
SYN02037,1,4,2,2,50.0,2,1,50.0,1.49,5.0,0.0,0.0,0.0,0,2,0
SYN02038,1,11,3,8,27.27,7,6,85.71,1.99,2.2,1.32,0.0,0.0,0,1,0
SYN02039,5,7,6,1,85.71,5,3,60.0,2.15,2.54,5.26,3.0,0.0,6,2,0
SYN02040,4,6,0,6,0.0,3,1,33.33,0.87,1.92,2.77,2.0,0.0,3,1,0
SYN02041,9,11,5,6,45.45,6,6,100.0,1.17,1.57,0.41,1.0,0.59,3,2,1
SYN02042,7,9,4,5,44.44,7,4,57.14,1.13,1.25,0.81,0.5,0.0,2,4,1
SYN02043,1,9,6,3,66.67,5,5,100.0,1.0,1.09,0.7,0.0,0.0,7,2,1
SYN02044,2,6,4,2,66.67,3,1,33.33,0.21,0.51,0.33,1.0,0.67,1,4,1
SYN02045,8,11,10,1,90.91,6,4,66.67,1.26,1.57,2.04,1.0,0.0,7,0,1
SYN02046,8,7,3,4,42.86,4,3,75.0,0.02,0.27,3.32,3.0,0.0,5,3,1
SYN02047,8,8,6,2,75.0,4,3,75.0,2.35,2.35,1.9,0.5,0.0,3,3,1
SYN02048,3,10,6,4,60.0,7,2,28.57,0.04,1.19,0.0,1.0,1.0,5,0,0
SYN02049,9,9,2,7,22.22,6,0,0.0,1.97,2.5,0.0,2.0,2.0,7,2,0
SYN02050,5,5,5,0,100.0,3,3,100.0,1.98,2.32,0.53,1.0,0.47,0,3,1
SYN02051,2,6,1,5,16.67,4,3,75.0,2.14,2.24,2.03,2.0,0.0,0,0,1
SYN02052,8,6,4,2,66.67,2,2,100.0,2.05,3.07,0.0,2.0,2.0,1,4,1
SYN02053,1,11,8,3,72.73,5,5,100.0,0.78,1.09,0.0,0.0,0.0,5,1,1
SYN02054,2,9,6,3,66.67,4,3,75.0,0.03,0.5,4.54,3.0,0.0,4,3,1
SYN02055,4,6,3,3,50.0,3,2,66.67,3.22,5.0,1.64,1.0,0.0,5,1,1
SYN02056,8,9,7,2,77.78,6,5,83.33,0.08,0.49,0.17,0.0,0.0,3,0,1
SYN02057,5,9,2,7,22.22,4,4,100.0,0.85,0.93,0.73,2.0,1.27,6,1,0
SYN02058,2,7,4,3,57.14,5,3,60.0,1.55,2.17,3.5,2.0,0.0,3,0,0
SYN02059,8,7,3,4,42.86,3,3,100.0,0.6,1.18,0.0,0.0,0.0,3,0,0
SYN02060,5,11,5,6,45.45,5,1,20.0,0.38,0.7,1.11,1.0,0.0,3,2,0
SYN02061,9,8,6,2,75.0,4,1,25.0,0.27,0.28,3.49,3.0,0.0,1,3,0
SYN02062,6,5,4,1,80.0,3,3,100.0,0.57,1.3,2.21,2.0,0.0,7,4,1
SYN02063,3,9,5,4,55.56,6,3,50.0,0.19,2.72,2.79,1.0,0.0,0,2,0
SYN02064,2,8,6,2,75.0,6,6,100.0,3.2,3.43,1.69,1.0,0.0,0,2,0
SYN02065,8,8,5,3,62.5,4,4,100.0,0.01,0.03,2.41,2.0,0.0,3,2,1
SYN02066,1,9,3,6,33.33,6,6,100.0,0.18,1.51,1.9,2.0,0.1,5,4,1
SYN02067,8,11,6,5,54.55,8,7,87.5,0.79,1.1,0.52,0.0,0.0,3,1,1
SYN02068,7,6,3,3,50.0,3,1,33.33,0.83,1.5,0.75,1.0,0.25,6,3,0
SYN02069,4,7,3,4,42.86,3,1,33.33,1.66,3.81,1.23,1.0,0.0,2,3,0
SYN02070,6,5,4,1,80.0,2,2,100.0,2.15,2.89,1.59,2.0,0.41,1,0,0
SYN02071,5,9,6,3,66.67,4,1,25.0,0.35,1.11,1.4,2.0,0.6,5,4,1
SYN02072,1,7,1,6,14.29,5,5,100.0,1.26,1.64,0.9,2.0,1.1,1,2,0
SYN02073,8,6,1,5,16.67,3,3,100.0,0.77,1.12,0.67,1.0,0.33,4,2,0
SYN02074,7,9,6,3,66.67,5,3,60.0,0.84,1.35,0.6,1.0,0.4,5,1,1
SYN02075,8,7,3,4,42.86,5,4,80.0,0.38,0.95,4.2,2.0,0.0,0,2,0
SYN02076,6,7,5,2,71.43,4,3,75.0,1.01,1.35,4.19,3.0,0.0,1,2,1
SYN02077,9,7,6,1,85.71,5,3,60.0,0.34,1.58,1.84,2.0,0.16,0,4,1
SYN02078,1,6,2,4,33.33,3,3,100.0,0.17,1.61,2.49,3.0,0.51,1,1,0
SYN02079,6,5,1,4,20.0,3,3,100.0,0.33,0.41,3.74,3.0,0.0,7,3,1
SYN02080,9,10,10,0,100.0,4,3,75.0,0.31,0.76,2.83,0.5,0.0,0,4,1
SYN02081,5,4,3,1,75.0,2,1,50.0,2.42,3.11,1.96,1.0,0.0,5,2,1
SYN02082,5,6,3,3,50.0,3,3,100.0,0.24,0.9,0.0,1.0,1.0,1,0,1
SYN02083,8,9,3,6,33.33,6,1,16.67,0.03,1.95,2.04,1.0,0.0,3,3,1
SYN02084,4,5,2,3,40.0,3,2,66.67,0.18,0.62,3.25,2.0,0.0,0,2,0
SYN02085,1,9,3,6,33.33,6,5,83.33,0.44,2.04,3.64,1.0,0.0,3,1,1
SYN02086,3,9,7,2,77.78,4,2,50.0,1.5,1.69,0.2,0.5,0.3,7,4,1
SYN02087,8,9,4,5,44.44,7,6,85.71,0.34,5.0,1.17,1.0,0.0,0,0,0
SYN02088,3,6,5,1,83.33,3,2,66.67,0.33,0.89,0.54,0.0,0.0,2,4,1
SYN02089,2,4,2,2,50.0,3,1,33.33,0.04,2.76,0.08,1.0,0.92,2,3,0
SYN02090,4,11,4,7,36.36,8,7,87.5,0.64,3.02,0.0,0.0,0.0,5,3,1
SYN02091,5,6,3,3,50.0,4,1,25.0,0.65,0.82,0.48,0.0,0.0,6,3,1
SYN02092,9,10,0,10,0.0,6,5,83.33,0.36,2.37,0.0,1.0,1.0,2,4,0
SYN02093,7,5,3,2,60.0,4,0,0.0,0.32,1.74,0.42,2.0,1.58,1,2,0
SYN02094,8,5,3,2,60.0,3,2,66.67,1.77,2.19,2.98,2.0,0.0,7,4,1
SYN02095,1,10,8,2,80.0,5,3,60.0,0.71,2.58,0.6,0.0,0.0,0,0,1
SYN02096,8,11,1,10,9.09,8,4,50.0,0.41,2.0,6.5,5.0,0.0,6,4,0
SYN02097,4,10,9,1,90.0,4,3,75.0,0.03,4.74,0.56,0.0,0.0,4,4,1
SYN02098,1,10,8,2,80.0,6,4,66.67,0.13,0.16,2.01,2.0,0.0,6,1,1
SYN02099,3,5,5,0,100.0,3,3,100.0,1.37,3.02,4.55,3.0,0.0,6,3,1
SYN02100,6,11,6,5,54.55,8,6,75.0,0.77,0.94,2.49,3.0,0.51,5,1,1
SYN02101,1,9,8,1,88.89,5,4,80.0,1.43,1.45,0.6,1.0,0.4,3,1,1
SYN02102,7,5,1,4,20.0,2,1,50.0,0.95,3.06,0.92,1.0,0.08,2,2,0
SYN02103,2,5,4,1,80.0,3,2,66.67,0.22,2.07,2.54,2.0,0.0,5,1,1
SYN02104,8,10,4,6,40.0,5,3,60.0,4.65,5.0,1.92,2.0,0.08,4,1,0
SYN02105,2,6,1,5,16.67,4,3,75.0,0.24,0.79,0.22,2.0,1.78,7,2,0
SYN02106,8,10,3,7,30.0,6,4,66.67,1.31,5.0,0.68,1.0,0.32,6,4,0
SYN02107,7,5,3,2,60.0,4,4,100.0,0.3,1.58,2.96,3.0,0.04,7,0,1
SYN02108,2,6,2,4,33.33,3,2,66.67,1.3,1.88,3.14,3.0,0.0,3,2,0
SYN02109,4,6,4,2,66.67,3,2,66.67,1.28,3.44,1.46,2.0,0.54,3,2,0
SYN02110,1,6,1,5,16.67,4,1,25.0,1.11,2.48,3.61,3.0,0.0,7,3,0
SYN02111,1,9,1,8,11.11,4,4,100.0,4.85,5.0,0.0,1.0,1.0,2,4,0
SYN02112,4,11,10,1,90.91,5,2,40.0,0.36,1.07,1.0,0.5,0.0,6,2,1
SYN02113,3,11,9,2,81.82,6,2,33.33,0.03,0.16,4.15,2.0,0.0,4,3,1
SYN02114,7,9,3,6,33.33,5,5,100.0,0.35,2.28,1.27,2.0,0.73,3,0,0
SYN02115,7,5,3,2,60.0,3,3,100.0,0.5,4.34,1.07,1.0,0.0,7,4,1
SYN02116,3,11,9,2,81.82,7,6,85.71,0.43,0.51,0.7,1.0,0.3,2,4,1
SYN02117,3,8,6,2,75.0,6,5,83.33,2.3,2.35,1.72,2.0,0.28,5,1,1
SYN02118,8,8,5,3,62.5,5,3,60.0,2.71,3.84,0.0,0.5,0.5,2,3,1
SYN02119,4,9,8,1,88.89,5,3,60.0,0.81,1.0,4.39,2.0,0.0,7,0,1
SYN02120,6,10,4,6,40.0,4,3,75.0,2.11,2.43,3.46,3.0,0.0,4,2,0
SYN02121,6,11,7,4,63.64,5,5,100.0,0.81,3.75,0.0,0.5,0.5,4,4,1
SYN02122,7,8,5,3,62.5,5,3,60.0,1.74,2.0,1.06,2.0,0.94,2,0,0
SYN02123,9,8,4,4,50.0,5,5,100.0,0.12,0.43,0.57,0.5,0.0,0,4,1
SYN02124,7,9,5,4,55.56,4,2,50.0,1.78,2.64,0.0,1.0,1.0,7,4,1
SYN02125,1,6,4,2,66.67,3,1,33.33,0.74,1.77,4.26,3.0,0.0,3,2,1
SYN02126,4,6,4,2,66.67,3,1,33.33,4.74,5.0,0.0,0.0,0.0,5,3,0
SYN02127,2,9,3,6,33.33,5,1,20.0,0.22,0.24,0.47,0.0,0.0,7,1,0
SYN02128,3,4,3,1,75.0,3,2,66.67,1.66,1.86,5.52,5.0,0.0,2,2,1
SYN02129,2,6,2,4,33.33,3,2,66.67,1.15,1.15,1.66,0.5,0.0,0,3,1
SYN02130,8,9,5,4,55.56,4,3,75.0,0.83,0.83,1.59,1.0,0.0,6,2,0
SYN02131,8,11,6,5,54.55,6,4,66.67,0.27,0.3,1.89,1.0,0.0,4,0,1
SYN02132,2,8,6,2,75.0,4,4,100.0,1.53,1.97,1.22,0.0,0.0,5,4,1
SYN02133,5,7,0,7,0.0,3,2,66.67,0.19,0.43,0.1,0.5,0.4,3,4,0
SYN02134,5,7,6,1,85.71,4,3,75.0,0.1,1.71,4.58,2.0,0.0,7,2,1
SYN02135,7,9,4,5,44.44,5,2,40.0,0.31,0.95,1.42,1.0,0.0,3,3,0
SYN02136,8,8,7,1,87.5,3,3,100.0,0.23,0.45,0.97,1.0,0.03,0,0,1
SYN02137,5,4,2,2,50.0,3,1,33.33,0.28,1.77,0.99,2.0,1.01,4,0,0
SYN02138,4,8,5,3,62.5,5,4,80.0,1.26,3.14,0.75,1.0,0.25,6,4,1
SYN02139,5,7,7,0,100.0,3,2,66.67,0.21,0.7,1.48,1.0,0.0,3,0,1
SYN02140,5,9,5,4,55.56,7,6,85.71,2.51,3.39,5.11,5.0,0.0,3,4,1
SYN02141,9,11,10,1,90.91,6,4,66.67,1.44,3.08,4.19,2.0,0.0,7,0,1
SYN02142,2,11,7,4,63.64,9,6,66.67,0.29,1.7,0.53,1.0,0.47,4,2,0
SYN02143,2,8,6,2,75.0,6,3,50.0,0.48,4.9,1.82,1.0,0.0,2,3,0
SYN02144,4,6,4,2,66.67,3,3,100.0,1.08,2.25,0.65,2.0,1.35,2,0,0
SYN02145,4,7,6,1,85.71,3,2,66.67,0.2,1.42,4.62,2.0,0.0,6,0,1
SYN02146,5,5,2,3,40.0,4,4,100.0,4.15,4.6,0.0,1.0,1.0,5,3,0
SYN02147,9,11,4,7,36.36,6,4,66.67,0.29,2.45,3.49,1.0,0.0,0,2,1
SYN02148,6,10,4,6,40.0,5,3,60.0,0.09,1.74,0.34,0.5,0.16,6,4,1
SYN02149,3,10,6,4,60.0,6,4,66.67,3.43,4.15,2.32,5.0,2.68,2,1,0
SYN02150,3,6,3,3,50.0,4,3,75.0,0.92,1.33,3.62,2.0,0.0,1,3,0
SYN02151,1,6,5,1,83.33,4,2,50.0,0.06,0.93,1.1,1.0,0.0,1,2,1
SYN02152,1,10,9,1,90.0,7,5,71.43,1.44,2.27,0.46,1.0,0.54,7,0,1
SYN02153,3,8,3,5,37.5,6,4,66.67,0.08,0.19,3.77,3.0,0.0,1,3,1
SYN02154,7,9,4,5,44.44,6,4,66.67,0.16,1.37,1.8,1.0,0.0,4,4,1
SYN02155,8,7,2,5,28.57,5,4,80.0,0.23,0.73,2.5,2.0,0.0,4,1,0
SYN02156,7,7,7,0,100.0,4,3,75.0,0.5,1.95,3.36,2.0,0.0,3,3,1
SYN02157,9,9,6,3,66.67,7,5,71.43,0.07,2.73,3.3,3.0,0.0,2,1,1
SYN02158,3,10,7,3,70.0,8,8,100.0,0.64,2.81,1.78,1.0,0.0,0,4,1
SYN02159,6,6,2,4,33.33,4,3,75.0,1.0,1.09,1.37,2.0,0.63,0,1,1
SYN02160,7,10,6,4,60.0,7,7,100.0,0.47,0.74,1.92,1.0,0.0,3,3,1
SYN02161,9,5,4,1,80.0,3,2,66.67,0.0,0.77,2.38,3.0,0.62,6,4,1
SYN02162,3,7,4,3,57.14,4,4,100.0,1.53,1.86,0.0,0.0,0.0,6,2,1
SYN02163,2,11,10,1,90.91,8,4,50.0,0.47,0.5,0.75,1.0,0.25,5,2,1
SYN02164,9,11,11,0,100.0,4,4,100.0,2.26,2.69,0.67,1.0,0.33,2,2,1
SYN02165,6,11,4,7,36.36,5,2,40.0,0.46,1.15,4.11,3.0,0.0,7,1,0
SYN02166,8,6,2,4,33.33,3,2,66.67,0.05,0.87,0.0,0.5,0.5,3,0,1
SYN02167,6,10,4,6,40.0,6,3,50.0,0.61,2.72,1.31,0.0,0.0,6,2,0
SYN02168,2,11,11,0,100.0,7,5,71.43,2.38,2.98,1.25,2.0,0.75,1,3,1
SYN02169,2,11,9,2,81.82,5,3,60.0,2.06,2.35,0.0,1.0,1.0,4,0,0
SYN02170,3,4,2,2,50.0,2,1,50.0,1.61,3.26,0.0,1.0,1.0,1,4,1
SYN02171,6,9,5,4,55.56,4,2,50.0,0.62,0.66,0.0,0.0,0.0,3,3,1
SYN02172,9,11,4,7,36.36,6,6,100.0,0.21,0.41,3.53,3.0,0.0,6,3,1
SYN02173,5,10,8,2,80.0,4,3,75.0,0.26,2.24,1.84,2.0,0.16,7,1,1
SYN02174,5,5,3,2,60.0,3,1,33.33,0.0,0.09,0.55,2.0,1.45,0,3,1
SYN02175,7,10,5,5,50.0,5,5,100.0,0.41,1.52,2.07,3.0,0.93,3,4,1
SYN02176,7,4,3,1,75.0,2,1,50.0,0.04,0.93,0.57,2.0,1.43,0,1,0
SYN02177,8,7,4,3,57.14,4,3,75.0,1.12,3.9,1.31,1.0,0.0,4,3,1
SYN02178,3,9,5,4,55.56,5,4,80.0,0.76,0.92,0.39,0.5,0.11,7,2,1
SYN02179,3,7,4,3,57.14,5,4,80.0,0.32,1.96,2.74,2.0,0.0,2,3,1
SYN02180,7,9,7,2,77.78,4,4,100.0,1.59,2.11,0.0,2.0,2.0,3,1,0
SYN02181,1,5,5,0,100.0,3,1,33.33,0.09,0.4,0.0,0.0,0.0,2,1,0
SYN02182,7,8,6,2,75.0,5,4,80.0,1.26,3.07,5.43,3.0,0.0,6,4,1
SYN02183,9,9,7,2,77.78,4,4,100.0,1.25,2.0,1.77,1.0,0.0,6,0,1
SYN02184,6,9,5,4,55.56,7,3,42.86,0.56,0.65,0.64,1.0,0.36,6,4,1
SYN02185,7,6,3,3,50.0,5,2,40.0,2.18,2.87,0.0,1.0,1.0,1,0,0
SYN02186,5,6,5,1,83.33,4,2,50.0,1.16,2.35,4.33,3.0,0.0,1,4,0
SYN02187,4,6,4,2,66.67,5,4,80.0,1.24,5.0,2.34,0.5,0.0,1,4,1
SYN02188,2,7,2,5,28.57,4,1,25.0,3.34,3.49,0.0,1.0,1.0,1,4,0
SYN02189,5,8,4,4,50.0,5,4,80.0,2.02,3.02,0.0,1.0,1.0,5,4,1
SYN02190,9,6,3,3,50.0,3,1,33.33,0.75,1.71,5.33,5.0,0.0,4,4,1
SYN02191,8,7,3,4,42.86,3,3,100.0,0.03,0.38,1.45,1.0,0.0,6,1,1
SYN02192,4,6,6,0,100.0,3,2,66.67,0.0,1.79,1.58,1.0,0.0,5,4,1
SYN02193,2,5,4,1,80.0,3,3,100.0,1.96,2.34,5.21,3.0,0.0,7,4,1
SYN02194,9,9,8,1,88.89,5,4,80.0,1.08,1.27,0.83,2.0,1.17,0,2,1
SYN02195,1,10,7,3,70.0,5,3,60.0,3.42,5.0,0.55,0.5,0.0,5,3,1
SYN02196,2,6,4,2,66.67,4,2,50.0,0.9,4.13,1.37,0.5,0.0,0,4,1
SYN02197,5,10,4,6,40.0,5,4,80.0,1.34,1.54,2.85,2.0,0.0,2,3,1
SYN02198,8,8,5,3,62.5,4,3,75.0,3.53,3.56,0.22,1.0,0.78,3,3,0
SYN02199,1,5,3,2,60.0,2,2,100.0,1.2,2.92,0.0,0.0,0.0,4,4,1
SYN02200,3,6,2,4,33.33,4,2,50.0,0.78,0.99,0.45,1.0,0.55,1,4,0
SYN02201,9,4,2,2,50.0,2,2,100.0,0.61,1.01,5.04,3.0,0.0,1,4,1
SYN02202,1,4,2,2,50.0,3,3,100.0,2.04,2.9,0.83,2.0,1.17,1,4,0
SYN02203,2,6,4,2,66.67,3,2,66.67,0.48,1.88,0.61,1.0,0.39,1,2,0
SYN02204,1,7,5,2,71.43,4,4,100.0,1.14,1.69,1.43,0.5,0.0,5,2,1
SYN02205,7,10,5,5,50.0,8,3,37.5,0.62,0.75,0.0,1.0,1.0,7,2,0
SYN02206,3,5,4,1,80.0,2,1,50.0,3.43,3.73,5.31,5.0,0.0,2,1,0
SYN02207,7,10,6,4,60.0,6,2,33.33,0.51,2.04,0.0,2.0,2.0,6,3,1
SYN02208,1,5,0,5,0.0,2,2,100.0,1.39,1.47,1.23,1.0,0.0,6,3,1
SYN02209,2,5,2,3,40.0,2,0,0.0,2.62,3.55,2.06,2.0,0.0,2,1,0
SYN02210,2,9,8,1,88.89,5,1,20.0,1.18,1.79,0.2,0.0,0.0,1,4,1
SYN02211,1,10,2,8,20.0,5,2,40.0,0.21,0.94,0.0,1.0,1.0,3,1,1
SYN02212,1,8,5,3,62.5,5,5,100.0,0.24,1.16,0.77,0.5,0.0,0,2,1
SYN02213,3,4,4,0,100.0,3,3,100.0,0.16,1.95,2.95,3.0,0.05,7,4,1
SYN02214,8,4,2,2,50.0,2,1,50.0,1.02,1.94,3.56,2.0,0.0,6,3,1
SYN02215,5,7,4,3,57.14,3,3,100.0,0.79,2.32,1.77,1.0,0.0,3,0,1
SYN02216,7,7,2,5,28.57,5,3,60.0,0.81,0.84,0.0,1.0,1.0,4,1,0
SYN02217,2,11,11,0,100.0,6,5,83.33,1.26,2.37,2.0,3.0,1.0,2,2,1
SYN02218,9,6,3,3,50.0,5,5,100.0,0.14,0.63,0.0,0.5,0.5,0,3,1
SYN02219,9,5,3,2,60.0,3,2,66.67,1.46,2.63,0.22,0.0,0.0,1,1,0
SYN02220,6,11,10,1,90.91,7,3,42.86,0.01,0.34,2.8,3.0,0.2,0,2,1
SYN02221,8,5,4,1,80.0,4,3,75.0,0.0,1.29,2.79,3.0,0.21,3,2,1
SYN02222,4,4,2,2,50.0,2,2,100.0,0.28,2.95,3.88,0.5,0.0,3,2,1
SYN02223,3,7,3,4,42.86,5,3,60.0,0.13,0.7,0.0,0.5,0.5,2,0,0
SYN02224,8,7,5,2,71.43,5,5,100.0,0.36,1.72,3.67,2.0,0.0,5,2,1
SYN02225,2,8,4,4,50.0,6,4,66.67,2.18,2.34,0.0,0.0,0.0,5,4,0
SYN02226,4,11,1,10,9.09,5,3,60.0,3.31,4.24,0.0,2.0,2.0,4,3,0
SYN02227,1,11,6,5,54.55,6,5,83.33,0.19,0.6,2.23,2.0,0.0,2,3,1
SYN02228,3,6,1,5,16.67,3,2,66.67,0.79,1.2,3.34,2.0,0.0,2,3,1
SYN02229,8,11,11,0,100.0,9,9,100.0,1.33,1.47,1.76,1.0,0.0,3,0,1
SYN02230,7,9,6,3,66.67,4,3,75.0,0.15,1.67,2.31,2.0,0.0,5,2,1
SYN02231,8,4,1,3,25.0,2,1,50.0,0.37,1.22,3.03,3.0,0.0,2,1,0
SYN02232,8,11,5,6,45.45,8,6,75.0,0.83,3.31,1.41,2.0,0.59,5,2,0
SYN02233,5,5,1,4,20.0,3,3,100.0,0.02,1.31,2.08,1.0,0.0,2,0,1
SYN02234,9,8,3,5,37.5,5,4,80.0,0.65,1.05,4.48,5.0,0.52,4,1,0
SYN02235,6,10,9,1,90.0,5,4,80.0,0.16,0.35,0.23,1.0,0.77,2,0,1
SYN02236,6,5,5,0,100.0,3,1,33.33,0.53,1.65,0.49,0.0,0.0,0,0,1
SYN02237,4,6,5,1,83.33,3,0,0.0,0.01,1.43,0.14,0.5,0.36,3,2,0
SYN02238,3,7,4,3,57.14,4,4,100.0,0.46,1.67,2.54,1.0,0.0,5,3,1
SYN02239,8,11,5,6,45.45,7,5,71.43,0.08,1.45,1.06,0.5,0.0,3,1,1
SYN02240,9,5,2,3,40.0,3,2,66.67,1.36,2.15,1.07,2.0,0.93,6,3,0
SYN02241,8,9,9,0,100.0,5,4,80.0,0.36,1.35,0.0,0.0,0.0,0,2,0
SYN02242,7,7,4,3,57.14,3,3,100.0,0.21,0.28,0.31,1.0,0.69,0,3,1
SYN02243,3,4,4,0,100.0,3,3,100.0,0.66,1.24,5.81,3.0,0.0,7,1,1
SYN02244,8,9,9,0,100.0,4,4,100.0,1.57,2.65,0.0,0.0,0.0,4,2,1
SYN02245,9,10,2,8,20.0,5,2,40.0,0.03,0.12,1.91,1.0,0.0,2,1,1
SYN02246,5,8,3,5,37.5,4,2,50.0,0.41,1.84,1.43,3.0,1.57,5,2,0
SYN02247,3,5,2,3,40.0,3,0,0.0,0.88,3.0,0.0,0.0,0.0,6,4,1
SYN02248,6,5,3,2,60.0,3,2,66.67,0.39,0.94,0.77,1.0,0.23,7,0,0
SYN02249,2,7,4,3,57.14,4,4,100.0,2.06,3.17,2.04,0.0,0.0,7,4,1
SYN02250,9,8,8,0,100.0,6,6,100.0,1.1,1.3,0.45,2.0,1.55,2,4,1
SYN02251,8,8,3,5,37.5,5,4,80.0,4.2,5.0,0.24,1.0,0.76,0,0,0
SYN02252,6,5,3,2,60.0,4,2,50.0,0.51,1.49,4.08,3.0,0.0,3,2,1
SYN02253,5,8,6,2,75.0,5,2,40.0,2.38,2.9,3.91,2.0,0.0,0,3,0
SYN02254,2,6,4,2,66.67,3,1,33.33,0.27,0.64,2.52,2.0,0.0,4,1,1
SYN02255,1,9,6,3,66.67,7,4,57.14,1.73,1.92,3.81,3.0,0.0,1,0,0
SYN02256,1,10,3,7,30.0,7,3,42.86,0.22,0.26,0.0,0.0,0.0,5,1,0
SYN02257,1,9,6,3,66.67,6,6,100.0,2.15,3.05,0.41,2.0,1.59,7,3,1
SYN02258,4,4,3,1,75.0,2,1,50.0,0.57,0.95,0.63,2.0,1.37,1,2,1
SYN02259,3,11,8,3,72.73,5,3,60.0,0.53,2.17,0.95,2.0,1.05,4,4,0
SYN02260,4,4,3,1,75.0,3,0,0.0,0.47,1.37,2.27,2.0,0.0,7,1,0
SYN02261,2,11,10,1,90.91,6,4,66.67,1.09,1.1,0.0,0.0,0.0,2,3,1
SYN02262,7,4,3,1,75.0,3,2,66.67,0.66,1.3,2.3,2.0,0.0,6,3,1
SYN02263,9,8,5,3,62.5,4,2,50.0,3.31,4.82,1.62,2.0,0.38,0,3,0
SYN02264,1,4,1,3,25.0,2,1,50.0,0.74,1.08,1.32,2.0,0.68,5,2,0
SYN02265,7,4,2,2,50.0,2,1,50.0,3.66,4.27,4.06,3.0,0.0,0,4,0
SYN02266,9,9,5,4,55.56,4,2,50.0,0.55,0.6,0.0,1.0,1.0,0,0,0
SYN02267,4,9,6,3,66.67,4,2,50.0,0.24,2.25,6.72,5.0,0.0,4,0,0
SYN02268,6,4,2,2,50.0,3,3,100.0,1.13,1.64,1.0,0.0,0.0,6,0,1
SYN02269,8,11,4,7,36.36,7,5,71.43,0.51,0.8,0.0,0.0,0.0,5,3,1
SYN02270,6,6,2,4,33.33,5,4,80.0,0.74,2.16,2.44,1.0,0.0,3,1,1
SYN02271,3,6,1,5,16.67,4,2,50.0,0.68,0.84,0.0,0.5,0.5,3,0,0
SYN02272,3,6,3,3,50.0,4,2,50.0,2.26,2.54,2.55,1.0,0.0,3,0,0
SYN02273,1,7,2,5,28.57,4,3,75.0,0.89,0.98,1.4,1.0,0.0,2,0,1
SYN02274,8,5,2,3,40.0,4,4,100.0,0.27,4.15,0.11,2.0,1.89,0,2,0
SYN02275,4,7,4,3,57.14,5,3,60.0,0.73,0.97,1.45,3.0,1.55,6,3,1
SYN02276,8,5,1,4,20.0,3,2,66.67,0.85,1.2,1.51,2.0,0.49,4,1,0
SYN02277,4,4,3,1,75.0,2,1,50.0,0.81,2.57,2.04,1.0,0.0,6,1,0
SYN02278,5,6,5,1,83.33,4,0,0.0,1.47,2.78,4.8,5.0,0.2,4,4,1
SYN02279,2,9,4,5,44.44,4,2,50.0,0.02,2.42,1.77,2.0,0.23,3,0,0
SYN02280,1,10,5,5,50.0,4,4,100.0,0.03,1.06,2.05,2.0,0.0,0,4,1
SYN02281,6,6,4,2,66.67,4,3,75.0,1.12,1.89,0.0,0.5,0.5,5,0,1
SYN02282,7,6,3,3,50.0,4,4,100.0,0.03,0.5,2.99,2.0,0.0,4,3,1
SYN02283,4,10,4,6,40.0,5,3,60.0,3.54,4.57,1.61,0.0,0.0,6,4,0
SYN02284,6,9,8,1,88.89,4,0,0.0,1.69,1.74,1.45,0.5,0.0,1,1,0
SYN02285,3,10,8,2,80.0,8,3,37.5,1.89,1.96,0.0,0.0,0.0,3,1,0
SYN02286,7,11,8,3,72.73,5,4,80.0,0.06,0.25,0.94,2.0,1.06,1,1,1
SYN02287,6,10,8,2,80.0,4,3,75.0,1.29,2.38,0.0,0.0,0.0,1,2,1
SYN02288,8,11,1,10,9.09,8,5,62.5,0.54,1.27,0.0,1.0,1.0,7,1,0
SYN02289,7,7,7,0,100.0,5,3,60.0,0.74,4.81,4.72,2.0,0.0,2,1,1
SYN02290,8,7,5,2,71.43,4,4,100.0,1.73,2.51,0.91,1.0,0.09,0,0,0
SYN02291,9,6,5,1,83.33,4,2,50.0,1.01,1.92,2.09,1.0,0.0,0,4,1
SYN02292,4,5,3,2,60.0,3,2,66.67,0.06,1.0,4.02,3.0,0.0,2,1,1
SYN02293,8,9,6,3,66.67,4,3,75.0,3.25,5.0,3.17,3.0,0.0,0,0,1
SYN02294,5,9,5,4,55.56,6,3,50.0,2.94,5.0,1.88,3.0,1.12,7,1,0
SYN02295,1,10,7,3,70.0,7,3,42.86,0.03,0.64,2.62,2.0,0.0,6,2,1
SYN02296,9,5,3,2,60.0,3,2,66.67,1.21,1.22,0.0,1.0,1.0,7,0,0
SYN02297,2,7,6,1,85.71,4,4,100.0,1.18,2.96,0.72,0.0,0.0,6,2,1
SYN02298,2,5,1,4,20.0,3,3,100.0,0.14,1.15,0.0,1.0,1.0,0,4,0
SYN02299,5,11,5,6,45.45,5,5,100.0,1.16,3.13,2.48,3.0,0.52,5,3,1
SYN02300,7,6,6,0,100.0,3,1,33.33,0.27,1.73,0.0,0.5,0.5,6,1,0
SYN02301,5,5,2,3,40.0,2,0,0.0,0.73,1.27,2.18,0.5,0.0,6,4,0
SYN02302,6,8,4,4,50.0,6,6,100.0,0.02,1.36,0.0,2.0,2.0,3,1,1
SYN02303,8,11,4,7,36.36,6,5,83.33,1.07,1.34,3.8,1.0,0.0,7,0,1
SYN02304,6,11,8,3,72.73,7,5,71.43,1.82,4.47,0.03,1.0,0.97,1,1,1
SYN02305,8,4,2,2,50.0,2,1,50.0,0.59,4.07,2.85,3.0,0.15,5,0,0
SYN02306,6,6,3,3,50.0,4,1,25.0,0.21,0.46,1.5,1.0,0.0,2,2,0
SYN02307,5,5,4,1,80.0,4,4,100.0,0.1,2.97,3.39,3.0,0.0,7,1,1
SYN02308,5,6,3,3,50.0,3,3,100.0,0.1,2.66,2.01,1.0,0.0,7,0,1
SYN02309,9,8,6,2,75.0,3,1,33.33,0.67,0.71,1.73,1.0,0.0,7,2,0
SYN02310,4,6,5,1,83.33,4,2,50.0,2.79,3.86,2.44,0.0,0.0,0,0,0
SYN02311,4,4,3,1,75.0,2,2,100.0,2.07,3.79,1.88,1.0,0.0,2,4,1
SYN02312,8,8,5,3,62.5,4,2,50.0,1.74,3.89,0.36,0.5,0.14,3,3,0
SYN02313,6,4,4,0,100.0,2,2,100.0,1.47,4.43,0.0,0.0,0.0,7,1,1
SYN02314,2,5,4,1,80.0,4,2,50.0,0.31,4.25,0.31,1.0,0.69,5,3,1
SYN02315,7,4,3,1,75.0,2,1,50.0,0.16,0.67,2.55,1.0,0.0,7,4,1
SYN02316,1,4,2,2,50.0,2,1,50.0,0.01,0.82,2.61,0.5,0.0,6,3,1
SYN02317,5,7,4,3,57.14,4,2,50.0,1.15,1.16,1.2,0.0,0.0,2,0,1
SYN02318,3,10,10,0,100.0,7,7,100.0,2.11,2.2,0.0,1.0,1.0,1,2,1
SYN02319,2,10,10,0,100.0,5,4,80.0,2.66,2.93,0.0,0.0,0.0,5,0,1
SYN02320,6,4,4,0,100.0,3,3,100.0,2.48,3.2,0.0,0.0,0.0,6,3,1
SYN02321,2,4,3,1,75.0,3,2,66.67,1.14,2.88,4.8,5.0,0.2,1,3,1
SYN02322,4,6,2,4,33.33,3,2,66.67,0.69,0.77,1.02,1.0,0.0,5,0,1
SYN02323,2,9,6,3,66.67,5,3,60.0,0.14,1.3,3.5,2.0,0.0,3,3,1
SYN02324,2,9,3,6,33.33,7,4,57.14,1.76,5.0,1.94,0.5,0.0,6,1,0
SYN02325,4,10,2,8,20.0,7,7,100.0,1.66,5.0,1.21,1.0,0.0,4,0,0
SYN02326,6,6,4,2,66.67,3,3,100.0,2.79,4.6,0.0,0.0,0.0,5,1,1
SYN02327,7,5,4,1,80.0,3,2,66.67,1.97,2.34,0.0,1.0,1.0,0,4,1
SYN02328,9,4,3,1,75.0,2,1,50.0,1.35,2.72,2.08,2.0,0.0,6,1,1
SYN02329,3,5,4,1,80.0,2,2,100.0,0.3,0.7,3.5,3.0,0.0,5,0,1
SYN02330,4,4,3,1,75.0,2,1,50.0,0.27,1.17,0.0,1.0,1.0,1,0,0
SYN02331,8,10,4,6,40.0,4,2,50.0,0.68,1.98,1.79,1.0,0.0,3,4,1
SYN02332,2,6,3,3,50.0,3,3,100.0,2.9,3.53,0.0,2.0,2.0,2,3,0
SYN02333,6,10,2,8,20.0,7,4,57.14,0.04,0.86,0.0,2.0,2.0,0,0,0
SYN02334,7,8,1,7,12.5,6,3,50.0,0.44,2.91,0.0,1.0,1.0,3,3,0
SYN02335,5,8,6,2,75.0,6,4,66.67,1.54,3.09,2.65,1.0,0.0,5,0,1
SYN02336,8,7,3,4,42.86,5,1,20.0,1.96,4.95,2.83,1.0,0.0,6,3,0
SYN02337,3,10,8,2,80.0,6,4,66.67,0.47,0.64,0.0,1.0,1.0,7,4,1
SYN02338,1,4,4,0,100.0,2,1,50.0,1.55,4.04,0.0,1.0,1.0,5,3,1
SYN02339,2,4,2,2,50.0,3,1,33.33,0.35,0.61,0.91,0.0,0.0,0,0,0
SYN02340,5,7,5,2,71.43,4,2,50.0,0.38,0.42,0.47,1.0,0.53,3,1,1
SYN02341,5,7,3,4,42.86,4,2,50.0,0.98,2.69,2.64,1.0,0.0,3,2,1
SYN02342,5,8,1,7,12.5,6,2,33.33,1.29,1.68,1.89,1.0,0.0,7,0,1
SYN02343,4,9,6,3,66.67,7,5,71.43,2.41,2.62,2.1,1.0,0.0,1,4,0
SYN02344,5,8,4,4,50.0,4,2,50.0,3.58,4.11,1.01,2.0,0.99,7,3,0
SYN02345,9,6,3,3,50.0,4,3,75.0,0.3,0.65,1.53,1.0,0.0,1,0,1
SYN02346,5,6,6,0,100.0,3,3,100.0,0.42,3.26,2.42,0.0,0.0,5,3,1
SYN02347,7,10,2,8,20.0,4,2,50.0,0.32,0.46,1.17,1.0,0.0,3,3,0
SYN02348,8,5,3,2,60.0,2,2,100.0,0.29,0.39,0.0,0.0,0.0,7,0,1
SYN02349,2,8,3,5,37.5,4,3,75.0,2.86,3.37,0.48,1.0,0.52,2,2,0
SYN02350,3,8,7,1,87.5,5,3,60.0,0.24,0.56,0.0,1.0,1.0,3,1,1
SYN02351,6,10,7,3,70.0,5,4,80.0,0.46,0.91,0.0,1.0,1.0,5,1,1
SYN02352,7,9,6,3,66.67,4,3,75.0,0.22,0.39,0.0,1.0,1.0,1,4,1
SYN02353,8,7,3,4,42.86,6,4,66.67,1.19,3.1,0.0,1.0,1.0,2,0,0
SYN02354,7,6,2,4,33.33,4,2,50.0,1.6,2.37,0.0,1.0,1.0,6,2,0
SYN02355,9,6,5,1,83.33,3,2,66.67,1.32,1.47,0.0,0.0,0.0,6,1,1
SYN02356,9,7,7,0,100.0,4,3,75.0,0.06,1.42,4.06,5.0,0.94,5,1,1
SYN02357,9,5,4,1,80.0,3,0,0.0,1.19,1.77,1.81,1.0,0.0,1,2,0
SYN02358,6,9,3,6,33.33,5,5,100.0,1.11,2.63,1.62,2.0,0.38,1,2,1
SYN02359,8,5,3,2,60.0,3,3,100.0,0.4,0.7,0.13,0.5,0.37,7,1,1
SYN02360,9,9,9,0,100.0,7,5,71.43,2.36,3.25,3.92,3.0,0.0,7,2,1
SYN02361,3,10,6,4,60.0,5,4,80.0,2.91,2.94,3.03,1.0,0.0,3,3,1
SYN02362,6,11,11,0,100.0,7,7,100.0,2.62,5.0,3.73,1.0,0.0,4,0,1
SYN02363,6,4,2,2,50.0,2,1,50.0,0.59,1.75,2.17,2.0,0.0,0,2,0
SYN02364,4,10,6,4,60.0,7,6,85.71,2.56,5.0,0.66,1.0,0.34,5,2,0
SYN02365,7,4,3,1,75.0,2,1,50.0,1.31,2.17,2.5,3.0,0.5,0,1,1
SYN02366,7,6,4,2,66.67,3,3,100.0,0.84,0.84,1.21,0.5,0.0,0,2,0
SYN02367,8,5,2,3,40.0,4,2,50.0,0.02,1.86,1.81,2.0,0.19,4,4,0
SYN02368,3,5,2,3,40.0,3,3,100.0,0.4,2.06,4.82,5.0,0.18,6,3,1
SYN02369,8,5,4,1,80.0,2,1,50.0,1.54,1.73,0.9,1.0,0.1,7,2,1
SYN02370,9,4,4,0,100.0,2,2,100.0,0.63,1.24,1.87,3.0,1.13,3,3,1
SYN02371,5,10,10,0,100.0,5,3,60.0,0.48,1.36,0.0,0.0,0.0,4,4,1
SYN02372,4,4,4,0,100.0,3,3,100.0,0.24,2.24,1.2,2.0,0.8,4,0,1
SYN02373,3,7,4,3,57.14,4,3,75.0,1.25,3.26,2.75,1.0,0.0,3,2,1
SYN02374,7,9,5,4,55.56,4,3,75.0,0.87,1.4,2.69,1.0,0.0,5,0,1
SYN02375,5,11,10,1,90.91,7,5,71.43,1.36,1.41,2.13,1.0,0.0,6,4,1
SYN02376,6,10,8,2,80.0,6,3,50.0,1.62,2.24,0.41,1.0,0.59,3,3,1
SYN02377,9,5,2,3,40.0,2,0,0.0,0.55,1.14,1.05,2.0,0.95,1,4,0
SYN02378,7,11,4,7,36.36,8,8,100.0,0.77,1.18,2.95,1.0,0.0,6,2,1
SYN02379,5,9,7,2,77.78,4,2,50.0,0.14,3.11,0.0,1.0,1.0,5,2,1
SYN02380,2,5,3,2,60.0,4,4,100.0,1.11,4.58,0.55,0.5,0.0,3,0,1
SYN02381,2,7,4,3,57.14,5,4,80.0,0.28,1.81,4.03,2.0,0.0,1,3,1
SYN02382,7,11,10,1,90.91,5,5,100.0,0.26,0.27,0.15,0.0,0.0,3,4,1
SYN02383,4,7,6,1,85.71,5,4,80.0,0.76,0.77,0.65,1.0,0.35,6,0,1
SYN02384,1,5,5,0,100.0,4,0,0.0,1.53,4.03,6.39,5.0,0.0,2,1,1
SYN02385,7,11,1,10,9.09,7,6,85.71,0.47,2.88,5.09,5.0,0.0,7,2,1
SYN02386,7,11,7,4,63.64,7,4,57.14,1.18,1.38,1.24,1.0,0.0,1,2,0
SYN02387,9,11,9,2,81.82,5,5,100.0,0.42,0.45,2.32,0.5,0.0,1,2,1
SYN02388,3,11,2,9,18.18,5,4,80.0,1.27,3.72,0.0,1.0,1.0,0,0,0
SYN02389,4,10,4,6,40.0,7,6,85.71,0.77,3.37,1.43,1.0,0.0,1,2,1
SYN02390,6,7,3,4,42.86,3,2,66.67,0.05,0.76,0.0,0.0,0.0,2,2,0
SYN02391,8,5,3,2,60.0,2,1,50.0,0.48,0.88,4.75,5.0,0.25,5,0,0
SYN02392,2,8,8,0,100.0,5,3,60.0,2.64,5.0,1.14,1.0,0.0,4,3,1
SYN02393,3,5,5,0,100.0,2,0,0.0,1.74,1.77,0.19,1.0,0.81,5,4,1
SYN02394,6,7,3,4,42.86,5,2,40.0,0.77,2.02,1.27,1.0,0.0,0,0,1
SYN02395,4,9,7,2,77.78,7,2,28.57,0.28,0.77,3.46,3.0,0.0,4,0,0
SYN02396,9,11,8,3,72.73,8,2,25.0,1.55,1.76,2.24,2.0,0.0,5,2,1
SYN02397,3,6,4,2,66.67,3,2,66.67,1.12,1.95,0.63,0.5,0.0,4,3,1
SYN02398,1,6,4,2,66.67,3,2,66.67,1.27,1.39,1.86,2.0,0.14,5,0,0
SYN02399,7,9,6,3,66.67,7,4,57.14,0.16,0.53,2.88,3.0,0.12,1,4,1
SYN02400,7,4,4,0,100.0,2,1,50.0,0.88,2.85,2.1,2.0,0.0,3,2,1
SYN02401,9,8,7,1,87.5,5,2,40.0,2.27,3.99,0.0,0.0,0.0,5,0,0
SYN02402,3,9,3,6,33.33,6,3,50.0,0.63,1.61,2.52,1.0,0.0,1,2,1
SYN02403,8,8,6,2,75.0,4,2,50.0,0.31,0.48,1.89,2.0,0.11,1,2,1
SYN02404,9,7,6,1,85.71,4,3,75.0,1.68,2.81,0.02,0.5,0.48,5,1,1
SYN02405,6,10,7,3,70.0,7,2,28.57,0.34,0.98,1.48,1.0,0.0,4,2,1
SYN02406,3,6,5,1,83.33,3,3,100.0,0.39,1.02,1.86,2.0,0.14,1,1,1
SYN02407,5,9,6,3,66.67,7,3,42.86,1.39,2.13,3.49,2.0,0.0,2,4,1
SYN02408,6,7,5,2,71.43,4,3,75.0,0.76,1.42,1.07,0.0,0.0,7,1,1
SYN02409,8,4,3,1,75.0,2,2,100.0,0.25,0.48,1.11,1.0,0.0,2,4,1
SYN02410,5,8,1,7,12.5,5,4,80.0,0.43,0.51,2.13,1.0,0.0,2,4,0
SYN02411,9,4,2,2,50.0,2,2,100.0,1.35,1.72,0.78,0.5,0.0,6,2,1
SYN02412,3,11,5,6,45.45,5,0,0.0,1.55,1.99,0.0,1.0,1.0,1,0,0
SYN02413,8,8,2,6,25.0,6,3,50.0,0.33,0.62,2.07,1.0,0.0,3,4,1
SYN02414,7,6,6,0,100.0,4,4,100.0,0.15,0.19,0.0,0.0,0.0,2,2,0
SYN02415,6,7,5,2,71.43,4,3,75.0,0.19,1.16,0.0,1.0,1.0,3,1,0
SYN02416,6,8,5,3,62.5,6,6,100.0,0.49,1.38,5.84,5.0,0.0,2,0,0
SYN02417,8,6,3,3,50.0,4,4,100.0,0.43,0.48,1.53,1.0,0.0,7,1,1
SYN02418,1,6,4,2,66.67,3,2,66.67,0.95,2.03,1.45,1.0,0.0,1,3,1
SYN02419,5,7,6,1,85.71,3,2,66.67,0.59,1.81,2.67,1.0,0.0,4,2,1
SYN02420,9,6,2,4,33.33,3,1,33.33,0.29,0.55,0.97,1.0,0.03,5,0,1
SYN02421,4,10,6,4,60.0,6,3,50.0,2.6,2.77,0.55,1.0,0.45,6,3,1
SYN02422,2,4,3,1,75.0,2,1,50.0,0.29,1.33,3.96,3.0,0.0,0,1,1
SYN02423,9,10,1,9,10.0,7,3,42.86,0.44,1.47,1.14,2.0,0.86,6,0,0
SYN02424,7,6,4,2,66.67,3,1,33.33,0.32,0.49,0.71,1.0,0.29,1,3,1
SYN02425,5,8,4,4,50.0,5,4,80.0,0.23,0.75,1.3,1.0,0.0,5,3,1
SYN02426,9,5,3,2,60.0,4,4,100.0,0.24,1.33,1.4,1.0,0.0,0,4,1
SYN02427,6,7,3,4,42.86,6,5,83.33,0.03,1.63,0.6,1.0,0.4,1,0,0
SYN02428,8,10,6,4,60.0,5,3,60.0,0.09,0.57,0.41,1.0,0.59,4,1,0
SYN02429,2,6,6,0,100.0,5,5,100.0,0.33,1.58,0.0,1.0,1.0,0,1,1
SYN02430,4,5,3,2,60.0,4,3,75.0,0.16,2.42,0.06,1.0,0.94,3,2,1
SYN02431,5,8,5,3,62.5,3,2,66.67,0.39,0.77,3.18,1.0,0.0,3,4,1
SYN02432,5,5,5,0,100.0,3,2,66.67,2.11,2.68,1.68,2.0,0.32,3,0,1
SYN02433,4,6,3,3,50.0,3,2,66.67,0.09,0.77,1.23,1.0,0.0,0,3,1
SYN02434,1,7,7,0,100.0,5,4,80.0,0.23,1.59,1.21,3.0,1.79,5,2,1
SYN02435,3,8,5,3,62.5,5,3,60.0,4.28,4.46,4.08,1.0,0.0,2,2,0
SYN02436,8,9,9,0,100.0,5,2,40.0,1.35,2.33,0.97,2.0,1.03,5,4,1
SYN02437,9,9,7,2,77.78,6,3,50.0,2.0,3.73,0.59,2.0,1.41,1,3,0
SYN02438,1,10,7,3,70.0,5,4,80.0,0.07,0.26,1.93,2.0,0.07,1,0,1
SYN02439,9,4,2,2,50.0,2,2,100.0,0.06,0.66,0.93,2.0,1.07,0,2,0
SYN02440,9,6,3,3,50.0,4,2,50.0,1.95,2.44,0.44,0.0,0.0,6,3,1
SYN02441,9,4,2,2,50.0,3,1,33.33,0.03,0.95,0.0,1.0,1.0,3,0,0
SYN02442,3,4,3,1,75.0,3,3,100.0,1.7,3.14,4.36,3.0,0.0,1,2,1
SYN02443,4,5,3,2,60.0,2,2,100.0,0.0,0.19,2.13,1.0,0.0,1,2,1
SYN02444,2,8,4,4,50.0,4,0,0.0,1.29,5.0,1.86,2.0,0.14,1,0,0
SYN02445,6,11,6,5,54.55,5,5,100.0,0.94,1.13,1.01,3.0,1.99,0,4,1
SYN02446,2,10,8,2,80.0,6,4,66.67,1.95,3.16,0.03,1.0,0.97,0,1,0
SYN02447,3,9,8,1,88.89,4,3,75.0,0.19,0.71,3.08,3.0,0.0,5,1,1
SYN02448,6,10,4,6,40.0,8,8,100.0,0.08,0.51,0.0,1.0,1.0,4,0,1
SYN02449,5,5,2,3,40.0,3,3,100.0,0.31,0.39,0.0,0.0,0.0,7,0,1
SYN02450,4,10,7,3,70.0,6,6,100.0,0.58,2.73,3.26,2.0,0.0,7,0,1
SYN02451,3,11,11,0,100.0,6,4,66.67,0.01,0.53,2.19,2.0,0.0,4,3,1
SYN02452,3,4,4,0,100.0,2,1,50.0,1.09,2.38,1.15,1.0,0.0,4,1,1
SYN02453,6,7,2,5,28.57,4,0,0.0,1.29,1.69,1.13,0.5,0.0,7,2,0
SYN02454,2,10,5,5,50.0,7,6,85.71,0.62,0.72,1.8,2.0,0.2,7,3,1
SYN02455,3,7,3,4,42.86,3,3,100.0,0.57,2.99,1.93,2.0,0.07,1,1,1
SYN02456,1,10,5,5,50.0,7,3,42.86,0.41,0.83,2.55,2.0,0.0,4,2,1
SYN02457,3,11,11,0,100.0,5,3,60.0,0.66,1.46,1.97,1.0,0.0,6,2,1
SYN02458,3,7,2,5,28.57,4,2,50.0,0.03,1.18,1.6,1.0,0.0,6,4,1
SYN02459,4,4,1,3,25.0,3,1,33.33,1.52,5.0,2.75,1.0,0.0,3,4,0
SYN02460,3,6,2,4,33.33,3,3,100.0,0.36,1.8,0.53,0.5,0.0,5,1,1
SYN02461,1,5,3,2,60.0,2,1,50.0,2.57,3.19,0.38,2.0,1.62,3,1,0
SYN02462,4,7,5,2,71.43,5,3,60.0,0.05,0.65,1.31,0.0,0.0,5,2,1
SYN02463,9,8,6,2,75.0,4,4,100.0,1.06,2.46,0.71,1.0,0.29,5,1,1
SYN02464,6,7,6,1,85.71,3,1,33.33,1.18,1.23,2.08,3.0,0.92,4,2,0
SYN02465,2,5,1,4,20.0,2,2,100.0,0.18,1.07,1.85,1.0,0.0,6,2,1
SYN02466,9,6,5,1,83.33,3,1,33.33,3.63,4.62,2.44,2.0,0.0,0,2,0
SYN02467,6,9,5,4,55.56,5,3,60.0,2.01,2.32,0.0,0.5,0.5,0,2,0
SYN02468,7,4,3,1,75.0,2,1,50.0,1.02,2.62,1.8,1.0,0.0,6,4,1
SYN02469,1,5,1,4,20.0,4,4,100.0,2.68,5.0,4.25,2.0,0.0,3,0,0
SYN02470,3,11,7,4,63.64,8,5,62.5,0.92,1.9,3.39,3.0,0.0,3,3,0
SYN02471,4,4,3,1,75.0,2,1,50.0,1.47,1.63,1.69,2.0,0.31,6,2,1
SYN02472,7,7,6,1,85.71,4,2,50.0,0.25,1.13,0.0,0.5,0.5,4,3,1
SYN02473,1,5,1,4,20.0,2,1,50.0,0.1,0.4,2.46,0.0,0.0,4,2,0
SYN02474,3,4,2,2,50.0,2,2,100.0,2.25,5.0,1.38,2.0,0.62,7,3,1
SYN02475,9,7,2,5,28.57,3,2,66.67,0.47,0.57,0.0,1.0,1.0,2,3,1
SYN02476,3,8,6,2,75.0,6,5,83.33,1.2,5.0,0.63,0.5,0.0,2,3,1
SYN02477,8,5,4,1,80.0,3,2,66.67,0.13,0.21,2.21,1.0,0.0,0,2,1
SYN02478,2,4,4,0,100.0,2,1,50.0,0.4,1.81,1.48,0.0,0.0,7,4,1
SYN02479,8,5,2,3,40.0,3,3,100.0,1.22,1.8,0.0,0.0,0.0,0,1,0
SYN02480,4,9,7,2,77.78,7,7,100.0,0.8,2.21,2.88,3.0,0.12,3,3,1
SYN02481,2,10,9,1,90.0,5,5,100.0,0.14,0.3,1.0,1.0,0.0,3,1,1
SYN02482,6,5,1,4,20.0,2,2,100.0,0.69,2.35,1.67,0.5,0.0,7,3,1
SYN02483,6,6,5,1,83.33,5,5,100.0,1.19,1.48,3.71,3.0,0.0,3,4,1
SYN02484,2,6,5,1,83.33,3,2,66.67,0.74,1.29,5.32,5.0,0.0,0,0,1
SYN02485,8,6,3,3,50.0,4,2,50.0,0.52,1.83,4.1,3.0,0.0,1,3,0
SYN02486,7,5,1,4,20.0,3,3,100.0,2.27,3.39,0.37,2.0,1.63,4,2,0
SYN02487,4,4,3,1,75.0,2,2,100.0,0.01,0.73,5.51,5.0,0.0,6,1,1
SYN02488,9,8,2,6,25.0,4,2,50.0,1.35,1.45,0.77,0.5,0.0,0,1,0
SYN02489,1,6,3,3,50.0,3,1,33.33,0.3,1.07,2.94,3.0,0.06,5,3,0
SYN02490,9,6,4,2,66.67,4,2,50.0,0.56,2.47,0.7,1.0,0.3,1,4,1
SYN02491,4,6,5,1,83.33,4,2,50.0,3.92,4.15,0.16,0.0,0.0,1,1,0
SYN02492,8,11,5,6,45.45,8,8,100.0,0.11,0.52,0.0,0.0,0.0,1,1,1
SYN02493,9,8,3,5,37.5,5,4,80.0,5.0,5.0,3.77,0.5,0.0,1,4,0
SYN02494,8,7,4,3,57.14,5,2,40.0,0.46,0.46,3.63,2.0,0.0,4,3,1
SYN02495,2,5,4,1,80.0,4,1,25.0,0.11,1.25,4.31,3.0,0.0,6,3,1
SYN02496,4,10,10,0,100.0,7,3,42.86,0.21,2.62,0.0,0.0,0.0,0,2,1
SYN02497,1,11,2,9,18.18,5,2,40.0,0.57,0.69,0.85,2.0,1.15,7,0,0
SYN02498,3,4,3,1,75.0,2,1,50.0,0.01,0.37,1.75,2.0,0.25,1,0,0
SYN02499,6,11,4,7,36.36,7,7,100.0,1.26,1.27,0.14,0.0,0.0,7,0,1
SYN02500,7,9,8,1,88.89,6,2,33.33,0.89,0.9,0.26,2.0,1.74,6,1,0
SYN02501,3,4,1,3,25.0,2,2,100.0,0.37,0.53,0.58,0.0,0.0,5,0,1
SYN02502,1,10,4,6,40.0,6,2,33.33,0.04,0.31,2.3,1.0,0.0,3,2,1
SYN02503,4,4,2,2,50.0,2,1,50.0,0.77,1.23,0.0,1.0,1.0,7,0,1
SYN02504,6,4,2,2,50.0,2,2,100.0,0.2,1.8,1.92,3.0,1.08,3,4,0
SYN02505,4,4,3,1,75.0,3,3,100.0,1.63,1.69,1.47,0.0,0.0,1,2,1
SYN02506,9,7,5,2,71.43,4,2,50.0,1.63,5.0,1.45,1.0,0.0,2,0,1
SYN02507,7,8,5,3,62.5,5,4,80.0,2.3,5.0,0.0,1.0,1.0,1,0,0
SYN02508,6,7,2,5,28.57,4,3,75.0,0.03,0.38,2.88,2.0,0.0,2,0,0
SYN02509,1,4,3,1,75.0,3,2,66.67,0.73,1.57,2.29,3.0,0.71,0,3,1
SYN02510,9,5,3,2,60.0,2,1,50.0,1.99,2.2,0.72,1.0,0.28,3,3,0
SYN02511,6,10,9,1,90.0,6,0,0.0,1.67,4.06,0.63,2.0,1.37,4,2,0
SYN02512,9,11,5,6,45.45,6,2,33.33,0.51,1.52,2.02,2.0,0.0,4,3,1
SYN02513,5,10,2,8,20.0,7,7,100.0,0.1,0.24,1.72,0.5,0.0,1,0,0
SYN02514,7,4,2,2,50.0,2,2,100.0,0.38,0.4,0.43,1.0,0.57,2,1,1
SYN02515,5,10,9,1,90.0,8,5,62.5,1.03,1.64,1.77,1.0,0.0,4,0,0
SYN02516,8,9,6,3,66.67,6,2,33.33,1.29,3.21,1.94,2.0,0.06,2,2,0
SYN02517,7,8,4,4,50.0,5,4,80.0,0.48,0.64,2.29,1.0,0.0,0,0,0
SYN02518,4,5,2,3,40.0,3,2,66.67,1.01,1.5,0.44,1.0,0.56,5,3,1
SYN02519,6,11,11,0,100.0,6,5,83.33,2.37,3.01,4.87,3.0,0.0,4,2,1
SYN02520,1,7,2,5,28.57,5,0,0.0,0.29,2.26,3.82,3.0,0.0,1,3,0
SYN02521,7,4,2,2,50.0,3,3,100.0,0.11,0.46,1.29,1.0,0.0,7,2,1
SYN02522,5,5,4,1,80.0,3,3,100.0,0.94,1.18,2.34,2.0,0.0,2,0,1
SYN02523,3,7,1,6,14.29,5,3,60.0,0.18,1.33,4.44,5.0,0.56,5,1,0
SYN02524,8,4,4,0,100.0,2,1,50.0,0.25,1.35,0.0,0.0,0.0,0,0,1
SYN02525,8,6,5,1,83.33,4,4,100.0,0.3,1.33,2.31,2.0,0.0,2,0,1
SYN02526,1,7,6,1,85.71,4,3,75.0,1.03,1.48,0.0,1.0,1.0,1,4,1
SYN02527,6,11,8,3,72.73,7,5,71.43,0.51,0.54,1.28,2.0,0.72,0,4,1
SYN02528,1,4,2,2,50.0,2,2,100.0,2.95,3.52,0.0,0.0,0.0,3,0,0
SYN02529,5,8,3,5,37.5,6,4,66.67,0.14,1.44,2.69,2.0,0.0,1,2,1
SYN02530,9,11,6,5,54.55,4,3,75.0,0.76,2.33,1.2,0.5,0.0,2,1,1
SYN02531,5,10,4,6,40.0,5,4,80.0,0.66,0.9,2.52,1.0,0.0,4,2,1
SYN02532,2,11,8,3,72.73,6,4,66.67,1.11,3.64,1.6,2.0,0.4,6,3,1
SYN02533,3,5,4,1,80.0,4,3,75.0,0.39,1.48,0.0,0.0,0.0,2,1,1
SYN02534,1,10,10,0,100.0,6,6,100.0,1.23,2.69,1.24,3.0,1.76,1,4,1
SYN02535,8,11,8,3,72.73,6,1,16.67,0.09,0.72,0.83,0.5,0.0,6,0,1
SYN02536,9,6,5,1,83.33,3,1,33.33,0.19,2.53,2.68,1.0,0.0,3,2,1
SYN02537,3,7,4,3,57.14,4,3,75.0,1.15,1.8,1.91,2.0,0.09,7,3,0
SYN02538,3,8,4,4,50.0,6,3,50.0,0.47,4.68,0.03,0.0,0.0,5,2,0
SYN02539,6,7,5,2,71.43,5,3,60.0,0.46,1.39,1.99,2.0,0.01,1,3,0
SYN02540,8,6,3,3,50.0,4,4,100.0,0.12,3.19,1.3,1.0,0.0,6,3,1
SYN02541,9,11,7,4,63.64,8,5,62.5,0.78,1.09,2.2,1.0,0.0,0,0,0
SYN02542,9,11,4,7,36.36,5,1,20.0,0.19,0.8,4.3,2.0,0.0,3,3,0
SYN02543,5,7,3,4,42.86,4,2,50.0,0.92,1.35,1.6,1.0,0.0,0,1,0
SYN02544,6,10,8,2,80.0,6,4,66.67,0.67,0.67,1.68,1.0,0.0,6,0,1
SYN02545,1,7,6,1,85.71,5,3,60.0,0.17,1.26,0.21,0.5,0.29,6,2,1
SYN02546,1,10,4,6,40.0,5,4,80.0,1.33,1.47,2.87,3.0,0.13,7,3,1
SYN02547,9,8,6,2,75.0,6,5,83.33,0.21,0.27,0.85,1.0,0.15,0,1,1
SYN02548,3,7,3,4,42.86,3,2,66.67,0.38,2.19,0.56,1.0,0.44,6,0,1
SYN02549,6,5,3,2,60.0,3,1,33.33,1.95,5.0,0.15,0.0,0.0,5,4,0
SYN02550,3,9,9,0,100.0,5,3,60.0,0.92,4.79,2.75,2.0,0.0,6,4,1
SYN02551,2,6,5,1,83.33,4,2,50.0,1.13,2.26,1.08,1.0,0.0,3,2,0
SYN02552,8,5,4,1,80.0,3,2,66.67,0.52,0.54,0.16,0.5,0.34,5,1,1
SYN02553,5,5,5,0,100.0,3,3,100.0,2.78,3.09,3.15,3.0,0.0,3,4,1
SYN02554,2,11,5,6,45.45,8,6,75.0,2.48,4.07,1.85,3.0,1.15,5,1,1
SYN02555,4,4,1,3,25.0,3,3,100.0,0.54,0.91,3.96,3.0,0.0,5,1,1
SYN02556,4,10,4,6,40.0,6,3,50.0,0.24,1.49,0.5,1.0,0.5,2,1,0
SYN02557,4,10,5,5,50.0,7,7,100.0,0.33,3.63,0.0,1.0,1.0,2,2,1
SYN02558,7,4,0,4,0.0,2,2,100.0,0.71,1.1,1.05,0.5,0.0,7,3,1
SYN02559,5,8,4,4,50.0,5,3,60.0,0.48,0.82,1.61,1.0,0.0,6,1,1
SYN02560,6,8,4,4,50.0,4,3,75.0,0.14,0.3,0.97,2.0,1.03,0,0,0
SYN02561,8,6,5,1,83.33,3,1,33.33,0.9,1.78,1.25,0.5,0.0,0,4,1
SYN02562,9,9,6,3,66.67,5,0,0.0,0.53,1.27,1.76,1.0,0.0,6,0,1
SYN02563,3,7,3,4,42.86,3,1,33.33,2.19,4.26,3.37,1.0,0.0,5,2,0
SYN02564,6,7,5,2,71.43,4,3,75.0,0.43,1.65,1.72,2.0,0.28,1,0,1
SYN02565,6,7,5,2,71.43,5,3,60.0,0.94,2.38,0.0,0.0,0.0,7,3,1
SYN02566,7,10,4,6,40.0,6,4,66.67,1.16,1.58,2.27,3.0,0.73,0,1,0
SYN02567,7,9,4,5,44.44,4,2,50.0,1.73,4.04,1.59,1.0,0.0,1,0,0
SYN02568,1,7,0,7,0.0,3,0,0.0,2.04,3.77,0.99,1.0,0.01,4,0,0
SYN02569,9,11,4,7,36.36,6,6,100.0,0.21,2.11,4.19,3.0,0.0,4,2,1
SYN02570,7,10,4,6,40.0,7,4,57.14,2.4,5.0,0.0,0.5,0.5,1,0,0
SYN02571,3,11,7,4,63.64,8,4,50.0,1.04,2.59,3.57,3.0,0.0,5,2,0
SYN02572,4,9,3,6,33.33,5,2,40.0,0.67,2.41,1.71,2.0,0.29,6,4,0
SYN02573,2,7,3,4,42.86,5,5,100.0,1.0,3.39,2.79,5.0,2.21,1,1,0
SYN02574,6,10,3,7,30.0,6,5,83.33,0.16,1.91,1.75,1.0,0.0,6,4,1
SYN02575,9,6,4,2,66.67,5,2,40.0,0.59,2.1,0.0,0.0,0.0,4,3,1
SYN02576,4,6,4,2,66.67,3,3,100.0,0.65,1.4,0.0,0.0,0.0,7,0,1
SYN02577,9,7,5,2,71.43,4,2,50.0,0.09,0.28,1.83,2.0,0.17,2,2,0
SYN02578,7,11,7,4,63.64,7,3,42.86,0.7,0.93,0.0,0.0,0.0,5,2,0
SYN02579,8,8,2,6,25.0,4,2,50.0,0.41,0.51,1.06,1.0,0.0,6,2,1
SYN02580,1,7,3,4,42.86,3,1,33.33,0.11,1.66,5.04,5.0,0.0,2,2,0
SYN02581,4,7,3,4,42.86,3,1,33.33,0.1,0.49,1.44,1.0,0.0,4,1,0
SYN02582,5,6,3,3,50.0,3,3,100.0,0.22,2.34,0.37,0.5,0.13,5,2,1
SYN02583,9,9,6,3,66.67,6,4,66.67,0.04,0.35,5.14,2.0,0.0,3,3,1
SYN02584,8,6,6,0,100.0,4,3,75.0,0.66,0.73,0.59,1.0,0.41,5,4,1
SYN02585,6,8,6,2,75.0,4,3,75.0,0.08,1.04,0.0,1.0,1.0,5,0,1
SYN02586,8,6,2,4,33.33,4,3,75.0,0.15,1.63,0.0,0.5,0.5,1,0,0
SYN02587,2,6,5,1,83.33,3,0,0.0,0.19,0.6,1.79,1.0,0.0,5,2,1
SYN02588,2,11,8,3,72.73,9,4,44.44,1.83,2.68,0.0,0.0,0.0,4,2,1
SYN02589,8,6,2,4,33.33,3,2,66.67,2.11,2.14,0.55,2.0,1.45,1,4,0
SYN02590,8,4,3,1,75.0,3,1,33.33,0.55,0.66,0.0,1.0,1.0,6,2,1
SYN02591,5,7,4,3,57.14,5,4,80.0,0.8,1.17,1.55,1.0,0.0,0,1,1
SYN02592,3,8,2,6,25.0,6,2,33.33,1.37,2.34,6.6,5.0,0.0,4,4,0
SYN02593,1,4,3,1,75.0,3,2,66.67,2.4,2.42,0.87,2.0,1.13,1,4,1
SYN02594,2,6,4,2,66.67,3,3,100.0,0.63,0.64,1.51,1.0,0.0,5,0,1
SYN02595,8,5,3,2,60.0,3,3,100.0,0.39,2.6,0.0,3.0,3.0,7,4,0
SYN02596,6,8,5,3,62.5,5,1,20.0,0.42,1.85,0.0,0.5,0.5,5,1,1
SYN02597,8,9,4,5,44.44,5,4,80.0,1.04,1.37,1.72,1.0,0.0,3,1,1
SYN02598,1,11,8,3,72.73,9,9,100.0,1.67,2.33,2.63,3.0,0.37,5,0,1
SYN02599,8,7,4,3,57.14,4,4,100.0,2.75,4.4,2.19,1.0,0.0,1,0,0
SYN02600,5,10,6,4,60.0,6,5,83.33,1.41,4.0,0.0,1.0,1.0,0,0,0
SYN02601,2,5,3,2,60.0,4,1,25.0,0.69,1.22,1.12,2.0,0.88,2,3,0
SYN02602,9,10,3,7,30.0,5,4,80.0,1.38,3.37,0.54,0.0,0.0,4,4,0
SYN02603,4,8,3,5,37.5,4,4,100.0,0.97,1.11,1.03,0.5,0.0,3,4,1
SYN02604,4,10,0,10,0.0,5,3,60.0,0.12,0.51,2.62,2.0,0.0,0,2,0
SYN02605,8,10,7,3,70.0,7,7,100.0,3.93,5.0,0.25,0.0,0.0,3,1,0
SYN02606,5,8,2,6,25.0,6,2,33.33,0.31,1.68,0.0,0.0,0.0,6,4,0
SYN02607,7,6,4,2,66.67,3,2,66.67,0.48,1.67,0.07,1.0,0.93,3,4,1
SYN02608,6,8,6,2,75.0,5,0,0.0,0.67,5.0,3.78,1.0,0.0,3,2,0
SYN02609,8,10,8,2,80.0,6,2,33.33,1.27,1.91,0.0,1.0,1.0,2,1,0
SYN02610,3,11,3,8,27.27,7,5,71.43,0.21,0.26,0.3,2.0,1.7,3,4,0
SYN02611,5,11,6,5,54.55,7,4,57.14,0.17,0.29,1.82,1.0,0.0,2,1,1
SYN02612,2,5,5,0,100.0,4,1,25.0,0.47,2.55,0.73,2.0,1.27,7,2,1
SYN02613,3,8,8,0,100.0,4,2,50.0,1.87,3.85,2.15,0.0,0.0,6,4,1
SYN02614,9,4,3,1,75.0,2,1,50.0,0.14,1.4,4.28,1.0,0.0,5,0,1
SYN02615,4,9,6,3,66.67,6,4,66.67,0.45,0.51,4.71,5.0,0.29,5,1,1
SYN02616,7,11,4,7,36.36,6,4,66.67,0.22,2.04,1.37,1.0,0.0,2,1,0
SYN02617,3,4,3,1,75.0,2,2,100.0,0.82,2.12,0.0,0.5,0.5,5,3,1
SYN02618,1,9,5,4,55.56,4,2,50.0,2.47,3.25,6.24,5.0,0.0,7,0,0
SYN02619,6,11,8,3,72.73,5,5,100.0,0.49,2.37,0.0,1.0,1.0,1,0,1
SYN02620,2,10,4,6,40.0,8,3,37.5,0.55,0.79,0.0,1.0,1.0,6,1,1
SYN02621,5,7,4,3,57.14,3,3,100.0,0.48,2.24,0.64,0.5,0.0,7,1,1
SYN02622,7,4,3,1,75.0,3,3,100.0,0.36,0.94,2.66,2.0,0.0,0,3,1
SYN02623,6,11,7,4,63.64,8,4,50.0,1.04,1.16,0.0,0.5,0.5,0,4,0
SYN02624,1,11,8,3,72.73,4,2,50.0,0.51,2.82,1.35,2.0,0.65,3,2,1
SYN02625,7,8,4,4,50.0,4,3,75.0,0.53,1.34,0.01,2.0,1.99,5,1,0
SYN02626,4,11,3,8,27.27,6,5,83.33,2.15,2.94,1.62,2.0,0.38,4,3,1
SYN02627,3,4,4,0,100.0,2,2,100.0,4.84,5.0,0.0,0.0,0.0,5,3,1
SYN02628,7,8,8,0,100.0,4,1,25.0,2.88,3.62,0.0,0.0,0.0,6,0,0
SYN02629,9,4,3,1,75.0,3,2,66.67,0.2,0.7,2.78,2.0,0.0,2,4,1
SYN02630,3,11,3,8,27.27,5,0,0.0,0.72,1.73,3.34,3.0,0.0,4,2,0
SYN02631,1,9,4,5,44.44,4,2,50.0,0.24,2.9,0.67,0.0,0.0,0,3,0
SYN02632,8,11,8,3,72.73,4,4,100.0,0.37,0.9,0.84,1.0,0.16,0,0,1
SYN02633,3,8,7,1,87.5,4,1,25.0,2.06,3.15,2.86,2.0,0.0,5,4,1
SYN02634,3,4,1,3,25.0,2,0,0.0,1.73,3.49,1.96,2.0,0.04,7,4,1
SYN02635,2,4,2,2,50.0,3,2,66.67,0.52,0.77,2.41,3.0,0.59,4,4,1
SYN02636,1,6,4,2,66.67,3,3,100.0,0.44,0.64,2.68,2.0,0.0,5,2,0
SYN02637,4,9,7,2,77.78,6,4,66.67,0.49,2.86,0.0,0.0,0.0,7,0,1
SYN02638,6,5,3,2,60.0,3,0,0.0,0.92,5.0,1.6,2.0,0.4,0,2,0
SYN02639,9,10,2,8,20.0,7,1,14.29,0.55,2.64,4.28,3.0,0.0,5,3,0
SYN02640,5,5,4,1,80.0,3,2,66.67,0.11,1.31,2.17,1.0,0.0,4,2,1
SYN02641,8,7,6,1,85.71,3,1,33.33,0.94,0.95,0.64,1.0,0.36,7,2,1
SYN02642,9,5,3,2,60.0,3,2,66.67,0.19,0.66,1.55,0.5,0.0,2,1,1
SYN02643,5,7,5,2,71.43,4,3,75.0,1.08,1.21,0.0,1.0,1.0,5,3,1
SYN02644,5,7,3,4,42.86,5,3,60.0,0.44,2.87,2.65,3.0,0.35,6,2,0
SYN02645,4,4,2,2,50.0,2,2,100.0,2.49,3.77,0.0,0.0,0.0,3,3,1
SYN02646,7,8,7,1,87.5,5,4,80.0,0.87,3.58,2.0,2.0,0.0,2,0,0
SYN02647,1,10,7,3,70.0,7,7,100.0,2.17,2.44,0.88,0.0,0.0,7,1,1
SYN02648,9,11,8,3,72.73,7,6,85.71,0.12,1.08,1.67,1.0,0.0,1,4,1
SYN02649,5,6,6,0,100.0,3,2,66.67,0.24,0.83,1.5,1.0,0.0,6,3,1
SYN02650,2,11,4,7,36.36,7,4,57.14,0.59,0.72,0.16,0.0,0.0,6,3,1
SYN02651,3,11,5,6,45.45,8,5,62.5,1.39,2.27,1.81,2.0,0.19,0,2,0
SYN02652,5,11,7,4,63.64,7,6,85.71,0.81,2.61,2.44,1.0,0.0,2,2,1
SYN02653,1,6,3,3,50.0,3,1,33.33,0.8,1.88,0.14,2.0,1.86,4,3,0
SYN02654,8,10,8,2,80.0,5,5,100.0,0.84,3.57,4.2,5.0,0.8,0,3,1
SYN02655,8,8,4,4,50.0,4,2,50.0,1.28,2.17,1.49,1.0,0.0,1,2,1
SYN02656,6,4,1,3,25.0,3,2,66.67,0.15,0.44,1.83,0.0,0.0,2,4,0
SYN02657,7,6,4,2,66.67,3,2,66.67,0.08,0.21,1.58,2.0,0.42,7,1,1
SYN02658,1,9,6,3,66.67,6,3,50.0,1.2,2.28,0.69,1.0,0.31,3,1,1
SYN02659,9,5,4,1,80.0,3,3,100.0,0.16,0.43,0.0,0.0,0.0,5,3,1
SYN02660,4,7,5,2,71.43,5,3,60.0,0.2,2.71,2.35,3.0,0.65,4,3,1
SYN02661,5,10,7,3,70.0,7,4,57.14,1.45,4.44,1.35,0.5,0.0,3,2,1
SYN02662,3,5,3,2,60.0,3,1,33.33,0.61,1.94,3.9,2.0,0.0,0,4,0
SYN02663,5,7,4,3,57.14,4,3,75.0,1.65,2.51,0.65,1.0,0.35,7,4,0
SYN02664,1,5,2,3,40.0,2,1,50.0,0.66,0.69,1.04,2.0,0.96,4,1,0
SYN02665,6,8,5,3,62.5,6,2,33.33,0.58,0.59,2.08,2.0,0.0,2,3,0
SYN02666,3,5,3,2,60.0,4,2,50.0,0.13,1.84,0.0,1.0,1.0,3,4,0
SYN02667,8,11,11,0,100.0,6,5,83.33,0.1,1.01,2.48,1.0,0.0,3,4,1
SYN02668,2,4,4,0,100.0,3,3,100.0,1.42,3.01,0.0,0.5,0.5,7,2,1
SYN02669,2,11,8,3,72.73,9,6,66.67,0.18,0.22,0.38,0.0,0.0,3,3,1
SYN02670,6,10,7,3,70.0,6,4,66.67,0.41,0.59,2.36,2.0,0.0,7,3,0
SYN02671,1,10,6,4,60.0,7,4,57.14,0.73,2.67,3.75,3.0,0.0,1,4,0
SYN02672,6,10,3,7,30.0,7,4,57.14,1.05,1.88,2.31,2.0,0.0,1,1,0
SYN02673,6,5,3,2,60.0,2,1,50.0,1.44,2.55,2.0,2.0,0.0,1,0,1
SYN02674,5,11,7,4,63.64,5,1,20.0,0.19,1.89,1.51,1.0,0.0,7,3,1
SYN02675,5,8,5,3,62.5,5,2,40.0,1.88,2.24,2.0,1.0,0.0,4,3,0
SYN02676,7,11,8,3,72.73,8,7,87.5,0.31,0.61,4.16,2.0,0.0,3,4,1
SYN02677,6,11,9,2,81.82,6,3,50.0,3.4,4.12,0.0,0.0,0.0,0,0,0
SYN02678,8,8,3,5,37.5,6,3,50.0,0.1,0.15,0.0,1.0,1.0,1,0,0
SYN02679,8,6,3,3,50.0,4,2,50.0,0.13,3.82,0.0,0.5,0.5,7,2,0
SYN02680,3,4,4,0,100.0,3,3,100.0,0.26,1.12,0.0,1.0,1.0,7,3,1
SYN02681,9,4,3,1,75.0,2,1,50.0,0.16,0.22,0.56,2.0,1.44,2,4,1
SYN02682,6,7,4,3,57.14,4,3,75.0,0.09,0.45,0.0,1.0,1.0,5,3,1
SYN02683,4,10,6,4,60.0,5,3,60.0,4.56,5.0,1.5,2.0,0.5,2,3,0
SYN02684,8,8,5,3,62.5,4,3,75.0,0.26,1.35,6.03,5.0,0.0,7,1,0
SYN02685,7,7,4,3,57.14,3,2,66.67,0.06,0.98,3.75,3.0,0.0,1,2,1
SYN02686,7,5,4,1,80.0,2,1,50.0,0.16,4.3,1.25,2.0,0.75,0,0,0
SYN02687,5,8,8,0,100.0,4,3,75.0,1.87,1.92,2.36,3.0,0.64,2,3,1
SYN02688,1,9,6,3,66.67,6,4,66.67,0.02,1.75,3.41,1.0,0.0,1,0,0
SYN02689,6,11,8,3,72.73,6,6,100.0,2.27,2.33,2.71,2.0,0.0,5,0,1
SYN02690,7,9,2,7,22.22,5,3,60.0,0.22,0.55,2.21,2.0,0.0,7,0,0
SYN02691,8,8,4,4,50.0,6,1,16.67,0.37,1.07,5.15,5.0,0.0,7,4,1
SYN02692,1,11,10,1,90.91,7,6,85.71,3.65,4.43,0.65,1.0,0.35,7,0,1
SYN02693,3,7,5,2,71.43,5,4,80.0,1.05,2.25,3.4,1.0,0.0,1,1,0
SYN02694,7,11,0,11,0.0,7,5,71.43,1.93,2.51,1.77,2.0,0.23,0,4,0
SYN02695,1,6,5,1,83.33,2,1,50.0,0.56,0.68,2.18,2.0,0.0,1,0,1
SYN02696,8,5,5,0,100.0,4,0,0.0,0.02,1.17,0.0,0.0,0.0,6,2,1
SYN02697,7,7,1,6,14.29,5,1,20.0,0.38,0.99,0.24,1.0,0.76,1,0,0
SYN02698,8,5,5,0,100.0,3,3,100.0,0.32,1.6,0.34,1.0,0.66,5,2,1
SYN02699,3,4,0,4,0.0,2,1,50.0,0.75,2.02,2.58,2.0,0.0,4,4,1
SYN02700,6,11,9,2,81.82,6,6,100.0,0.54,0.95,2.07,3.0,0.93,6,1,1
SYN02701,3,10,6,4,60.0,6,1,16.67,1.06,2.31,2.06,2.0,0.0,0,2,0
SYN02702,2,5,0,5,0.0,4,1,25.0,0.31,0.92,2.27,3.0,0.73,3,4,0
SYN02703,2,10,7,3,70.0,6,5,83.33,0.62,3.33,0.0,1.0,1.0,0,2,1
SYN02704,2,4,4,0,100.0,2,1,50.0,1.06,2.0,0.0,0.0,0.0,0,4,0
SYN02705,9,6,4,2,66.67,3,2,66.67,0.53,1.0,0.79,1.0,0.21,5,1,1
SYN02706,1,9,7,2,77.78,4,3,75.0,0.44,0.7,1.12,1.0,0.0,4,1,1
SYN02707,8,6,3,3,50.0,3,2,66.67,1.48,1.56,1.77,2.0,0.23,6,0,0
SYN02708,5,9,1,8,11.11,5,2,40.0,0.98,1.24,1.0,2.0,1.0,0,1,0
SYN02709,7,10,8,2,80.0,8,3,37.5,1.32,1.52,0.83,1.0,0.17,2,0,1
SYN02710,6,4,4,0,100.0,2,2,100.0,1.07,1.74,0.61,1.0,0.39,1,2,1
SYN02711,5,4,4,0,100.0,2,2,100.0,0.1,0.13,3.75,5.0,1.25,4,0,1
SYN02712,9,11,1,10,9.09,5,2,40.0,0.5,0.51,0.1,0.0,0.0,4,0,0
SYN02713,1,8,2,6,25.0,5,2,40.0,0.58,0.8,2.67,0.5,0.0,5,2,0
SYN02714,5,8,3,5,37.5,5,3,60.0,0.76,1.88,1.82,2.0,0.18,0,3,1
SYN02715,9,7,1,6,14.29,4,3,75.0,2.26,4.31,0.25,2.0,1.75,0,0,0
SYN02716,6,7,4,3,57.14,5,3,60.0,0.48,0.79,2.76,1.0,0.0,6,3,1
SYN02717,2,9,6,3,66.67,7,6,85.71,0.53,0.81,1.51,0.0,0.0,5,2,1
SYN02718,3,8,2,6,25.0,6,4,66.67,0.3,1.26,2.72,1.0,0.0,0,0,1
SYN02719,7,5,4,1,80.0,4,2,50.0,2.02,2.74,0.0,0.0,0.0,2,2,1
SYN02720,6,9,7,2,77.78,5,5,100.0,2.43,5.0,0.0,0.0,0.0,3,4,0
SYN02721,5,9,4,5,44.44,6,3,50.0,1.52,2.45,0.0,1.0,1.0,3,2,1
SYN02722,1,4,2,2,50.0,2,2,100.0,0.54,1.21,1.37,0.0,0.0,5,4,1
SYN02723,3,7,1,6,14.29,5,5,100.0,1.4,2.51,2.93,1.0,0.0,2,4,0
SYN02724,4,10,5,5,50.0,5,4,80.0,0.44,0.84,0.9,2.0,1.1,4,1,0
SYN02725,5,8,5,3,62.5,4,0,0.0,1.7,3.21,0.0,0.0,0.0,5,0,0
SYN02726,6,5,3,2,60.0,2,1,50.0,1.37,3.25,0.98,1.0,0.02,0,3,0
SYN02727,6,4,3,1,75.0,3,2,66.67,1.83,1.89,0.0,1.0,1.0,3,2,1
SYN02728,5,8,5,3,62.5,5,3,60.0,0.21,1.29,0.0,0.0,0.0,2,1,1
SYN02729,7,7,4,3,57.14,3,1,33.33,0.43,2.11,1.71,2.0,0.29,6,0,1
SYN02730,6,11,7,4,63.64,7,6,85.71,1.26,1.39,0.49,0.0,0.0,1,0,0
SYN02731,7,8,7,1,87.5,4,4,100.0,2.06,2.24,2.06,3.0,0.94,2,4,1
SYN02732,3,11,6,5,54.55,8,8,100.0,2.48,3.59,2.16,2.0,0.0,4,0,1
SYN02733,1,5,3,2,60.0,2,1,50.0,0.76,1.96,0.85,1.0,0.15,4,4,1
SYN02734,9,7,4,3,57.14,3,1,33.33,0.43,1.32,0.23,3.0,2.77,0,1,0
SYN02735,8,5,2,3,40.0,3,2,66.67,0.46,2.87,1.65,1.0,0.0,7,0,1
SYN02736,3,8,6,2,75.0,5,5,100.0,1.6,1.62,0.46,1.0,0.54,0,2,1
SYN02737,7,5,2,3,40.0,4,3,75.0,0.05,0.63,0.0,1.0,1.0,3,0,0
SYN02738,3,7,5,2,71.43,4,3,75.0,0.12,0.5,1.13,2.0,0.87,0,1,0
SYN02739,8,6,4,2,66.67,5,3,60.0,0.03,0.52,2.24,2.0,0.0,4,0,0
SYN02740,2,5,3,2,60.0,3,2,66.67,1.24,2.32,2.06,2.0,0.0,2,0,1
SYN02741,4,4,2,2,50.0,2,2,100.0,0.05,0.6,3.77,3.0,0.0,5,0,1
SYN02742,5,8,4,4,50.0,6,4,66.67,0.14,1.77,5.52,5.0,0.0,5,4,1
SYN02743,7,11,2,9,18.18,5,4,80.0,1.38,2.42,0.0,0.5,0.5,7,0,1
SYN02744,3,5,3,2,60.0,4,3,75.0,0.04,0.25,0.0,3.0,3.0,0,1,1
SYN02745,6,7,5,2,71.43,3,2,66.67,0.27,0.41,0.15,0.0,0.0,5,0,1
SYN02746,4,5,4,1,80.0,3,2,66.67,0.27,0.54,5.76,5.0,0.0,2,0,1
SYN02747,4,10,5,5,50.0,5,2,40.0,3.89,4.07,0.76,1.0,0.24,4,0,0
SYN02748,8,7,7,0,100.0,4,2,50.0,0.25,0.77,1.79,1.0,0.0,7,0,0
SYN02749,2,11,6,5,54.55,8,5,62.5,0.27,0.62,0.0,1.0,1.0,6,0,0
SYN02750,7,5,2,3,40.0,2,1,50.0,0.04,0.5,0.08,0.5,0.42,7,2,0
SYN02751,6,4,1,3,25.0,2,1,50.0,1.21,2.08,0.9,2.0,1.1,7,1,1
SYN02752,7,8,1,7,12.5,4,3,75.0,1.73,1.84,0.84,0.0,0.0,6,0,0
SYN02753,7,9,9,0,100.0,5,5,100.0,0.61,0.77,0.0,1.0,1.0,7,1,1
SYN02754,8,11,10,1,90.91,6,6,100.0,0.38,0.64,5.47,3.0,0.0,5,2,1
SYN02755,4,10,8,2,80.0,8,8,100.0,0.16,2.47,1.4,2.0,0.6,0,2,0
SYN02756,4,11,4,7,36.36,5,1,20.0,0.12,0.55,2.96,2.0,0.0,7,0,0
SYN02757,8,9,9,0,100.0,5,2,40.0,0.37,0.92,4.41,5.0,0.59,5,4,1
SYN02758,5,6,3,3,50.0,3,2,66.67,2.39,5.0,1.61,0.0,0.0,6,1,1
SYN02759,8,7,4,3,57.14,4,3,75.0,0.04,0.43,2.56,1.0,0.0,2,1,1
SYN02760,9,5,5,0,100.0,3,2,66.67,3.18,3.86,0.0,0.0,0.0,4,2,1
SYN02761,7,7,5,2,71.43,5,2,40.0,0.07,2.21,0.83,0.5,0.0,3,1,1
SYN02762,8,6,6,0,100.0,4,2,50.0,4.69,5.0,2.03,0.5,0.0,0,3,0
SYN02763,2,4,3,1,75.0,3,2,66.67,0.06,2.85,2.37,2.0,0.0,5,4,1
SYN02764,7,5,3,2,60.0,3,1,33.33,0.29,0.63,0.0,1.0,1.0,2,4,0
SYN02765,5,8,4,4,50.0,5,5,100.0,1.14,1.53,2.08,2.0,0.0,1,1,0
SYN02766,5,6,1,5,16.67,5,3,60.0,0.62,0.81,1.1,2.0,0.9,1,0,0
SYN02767,9,11,6,5,54.55,8,8,100.0,0.45,0.95,1.18,1.0,0.0,5,0,1
SYN02768,3,7,6,1,85.71,5,2,40.0,5.0,5.0,0.06,1.0,0.94,5,1,0
SYN02769,3,11,8,3,72.73,6,5,83.33,3.26,4.96,0.45,0.0,0.0,2,3,0
SYN02770,2,9,5,4,55.56,7,5,71.43,0.84,3.91,0.0,2.0,2.0,2,2,0
SYN02771,1,4,1,3,25.0,3,3,100.0,0.3,1.22,0.0,1.0,1.0,6,1,1
SYN02772,2,5,3,2,60.0,4,2,50.0,0.98,1.2,1.05,2.0,0.95,3,0,0
SYN02773,5,9,8,1,88.89,6,6,100.0,0.23,2.52,0.81,1.0,0.19,2,2,1
SYN02774,4,8,6,2,75.0,6,1,16.67,0.42,1.23,0.19,2.0,1.81,6,4,1
SYN02775,3,6,4,2,66.67,3,3,100.0,0.8,0.83,0.0,1.0,1.0,0,3,1
SYN02776,9,8,3,5,37.5,6,4,66.67,0.81,2.44,1.93,1.0,0.0,5,1,1
SYN02777,7,11,9,2,81.82,7,3,42.86,0.61,1.66,2.08,1.0,0.0,4,2,1
SYN02778,2,7,0,7,0.0,5,5,100.0,2.63,4.1,0.0,2.0,2.0,3,2,0
SYN02779,9,4,3,1,75.0,3,3,100.0,0.25,0.29,0.3,1.0,0.7,5,4,1
SYN02780,6,6,6,0,100.0,3,0,0.0,0.9,1.66,3.53,2.0,0.0,2,1,1
SYN02781,4,11,2,9,18.18,6,4,66.67,0.61,1.69,0.46,0.0,0.0,4,1,0
SYN02782,4,10,5,5,50.0,6,5,83.33,0.47,1.05,3.49,3.0,0.0,2,2,1
SYN02783,8,10,6,4,60.0,7,5,71.43,0.02,0.04,3.68,3.0,0.0,6,0,1
SYN02784,4,11,5,6,45.45,8,8,100.0,0.66,2.16,0.0,0.5,0.5,3,4,1
SYN02785,7,4,3,1,75.0,3,3,100.0,0.68,1.05,0.26,0.0,0.0,6,1,1
SYN02786,5,6,4,2,66.67,4,3,75.0,3.43,5.0,1.57,1.0,0.0,4,4,1
SYN02787,7,4,3,1,75.0,3,3,100.0,1.02,2.73,0.13,0.0,0.0,0,2,1
SYN02788,7,4,3,1,75.0,2,2,100.0,0.42,0.78,0.03,0.5,0.47,4,3,1
SYN02789,1,10,6,4,60.0,7,4,57.14,1.02,1.63,0.94,1.0,0.06,0,3,1
SYN02790,2,11,11,0,100.0,8,4,50.0,0.06,2.53,0.63,2.0,1.37,5,3,1
SYN02791,7,5,3,2,60.0,3,3,100.0,0.39,1.47,1.24,0.5,0.0,1,3,1
SYN02792,3,9,6,3,66.67,7,3,42.86,0.36,1.38,1.28,3.0,1.72,7,3,1
SYN02793,7,8,1,7,12.5,6,3,50.0,0.79,0.95,0.0,0.5,0.5,1,1,0
SYN02794,4,4,2,2,50.0,2,1,50.0,1.62,2.32,1.32,0.5,0.0,3,0,0
SYN02795,1,11,10,1,90.91,8,6,75.0,1.32,3.18,0.85,0.5,0.0,4,4,0
SYN02796,4,10,3,7,30.0,6,4,66.67,0.6,0.78,2.42,3.0,0.58,1,4,1
SYN02797,9,8,0,8,0.0,5,1,20.0,0.96,1.23,0.95,3.0,2.05,1,1,0
SYN02798,9,9,5,4,55.56,4,4,100.0,0.17,0.85,0.0,0.0,0.0,7,0,1
SYN02799,5,7,7,0,100.0,3,2,66.67,0.23,0.81,1.24,2.0,0.76,2,4,1
SYN02800,6,10,6,4,60.0,5,5,100.0,0.96,1.03,0.58,0.0,0.0,6,0,1
SYN02801,7,7,4,3,57.14,5,4,80.0,0.13,3.51,0.0,0.0,0.0,3,0,0
SYN02802,4,11,1,10,9.09,5,5,100.0,0.28,0.52,0.0,0.0,0.0,1,4,1
SYN02803,7,4,3,1,75.0,2,2,100.0,0.74,1.73,0.34,2.0,1.66,4,3,1
SYN02804,8,5,4,1,80.0,3,3,100.0,0.39,1.29,0.49,1.0,0.51,1,3,1
SYN02805,8,11,2,9,18.18,6,5,83.33,0.26,1.19,1.13,1.0,0.0,7,3,0
SYN02806,6,6,5,1,83.33,4,3,75.0,0.48,3.52,0.0,0.0,0.0,5,3,1
SYN02807,1,6,5,1,83.33,3,3,100.0,0.44,4.68,2.09,3.0,0.91,5,2,1
SYN02808,7,10,9,1,90.0,4,4,100.0,0.18,1.48,5.95,5.0,0.0,0,3,1
SYN02809,6,5,4,1,80.0,4,2,50.0,0.1,0.32,1.83,0.5,0.0,2,3,1
SYN02810,5,8,6,2,75.0,6,5,83.33,1.54,3.17,2.33,2.0,0.0,3,1,0
SYN02811,3,6,4,2,66.67,4,3,75.0,2.66,2.9,1.66,2.0,0.34,2,2,0
SYN02812,5,5,4,1,80.0,4,3,75.0,2.29,3.02,4.25,5.0,0.75,0,1,0
SYN02813,4,11,2,9,18.18,5,3,60.0,0.15,0.57,1.65,1.0,0.0,0,3,1
SYN02814,2,5,1,4,20.0,4,0,0.0,1.93,2.03,0.12,0.5,0.38,4,0,1
SYN02815,2,4,2,2,50.0,2,1,50.0,0.08,0.57,2.1,1.0,0.0,3,4,0
SYN02816,3,9,5,4,55.56,5,5,100.0,0.26,0.38,3.17,2.0,0.0,1,1,1
SYN02817,6,10,7,3,70.0,5,2,40.0,0.61,0.61,1.49,1.0,0.0,4,0,0
SYN02818,1,5,3,2,60.0,4,4,100.0,1.13,1.21,0.0,0.0,0.0,7,0,1
SYN02819,7,9,8,1,88.89,4,3,75.0,0.13,0.88,1.5,2.0,0.5,7,2,1
SYN02820,1,8,7,1,87.5,4,2,50.0,0.99,1.48,1.03,3.0,1.97,7,1,1
SYN02821,3,10,4,6,40.0,4,4,100.0,1.41,1.64,0.94,1.0,0.06,2,3,0
SYN02822,9,5,3,2,60.0,3,3,100.0,0.02,2.42,0.9,1.0,0.1,1,2,1
SYN02823,2,11,4,7,36.36,6,5,83.33,0.58,0.64,0.0,1.0,1.0,1,1,0
SYN02824,3,8,4,4,50.0,5,5,100.0,1.15,3.62,3.84,1.0,0.0,2,1,0
SYN02825,9,10,7,3,70.0,5,4,80.0,0.2,2.73,0.67,0.0,0.0,0,1,0
SYN02826,1,6,0,6,0.0,4,1,25.0,4.18,4.78,0.0,1.0,1.0,2,3,0
SYN02827,3,11,11,0,100.0,5,3,60.0,0.11,0.15,3.47,1.0,0.0,4,0,1
SYN02828,5,9,7,2,77.78,7,1,14.29,0.05,2.64,4.4,5.0,0.6,1,4,0
SYN02829,3,5,2,3,40.0,3,3,100.0,3.2,5.0,1.0,0.0,0.0,7,1,1
SYN02830,6,11,11,0,100.0,5,5,100.0,0.17,0.48,1.11,1.0,0.0,6,0,1
SYN02831,8,10,5,5,50.0,5,5,100.0,2.2,2.48,0.45,1.0,0.55,2,3,1
SYN02832,5,6,4,2,66.67,3,2,66.67,0.78,1.34,1.6,2.0,0.4,3,3,1
SYN02833,4,8,4,4,50.0,5,5,100.0,0.51,0.56,2.72,1.0,0.0,3,3,1
SYN02834,3,7,7,0,100.0,4,1,25.0,3.44,3.62,2.05,1.0,0.0,2,1,0
SYN02835,3,8,5,3,62.5,6,4,66.67,2.02,5.0,0.85,1.0,0.15,0,0,0
SYN02836,6,11,7,4,63.64,7,2,28.57,1.18,1.76,0.0,1.0,1.0,3,4,0
SYN02837,1,11,10,1,90.91,5,3,60.0,0.43,1.36,1.37,1.0,0.0,4,2,1
SYN02838,2,5,4,1,80.0,3,3,100.0,2.51,3.09,0.5,2.0,1.5,2,2,0
SYN02839,8,11,6,5,54.55,5,5,100.0,0.01,0.09,1.65,1.0,0.0,1,1,1
SYN02840,4,7,6,1,85.71,3,3,100.0,0.59,1.2,1.14,2.0,0.86,4,3,1
SYN02841,7,9,9,0,100.0,5,3,60.0,0.45,0.54,0.0,0.0,0.0,0,4,1
SYN02842,8,10,7,3,70.0,4,1,25.0,0.0,1.14,1.23,2.0,0.77,5,3,1
SYN02843,3,7,4,3,57.14,3,2,66.67,1.85,5.0,6.22,5.0,0.0,5,3,0
SYN02844,4,7,4,3,57.14,5,5,100.0,0.1,0.5,0.0,1.0,1.0,7,3,1
SYN02845,6,7,6,1,85.71,5,4,80.0,0.46,0.63,2.89,2.0,0.0,1,0,1
SYN02846,7,10,5,5,50.0,8,2,25.0,0.41,1.32,1.41,1.0,0.0,6,2,0
SYN02847,1,7,4,3,57.14,4,3,75.0,1.24,3.73,1.91,2.0,0.09,0,1,0
SYN02848,6,6,1,5,16.67,4,0,0.0,0.49,0.92,0.46,1.0,0.54,6,2,0
SYN02849,3,6,2,4,33.33,3,3,100.0,0.33,2.75,5.58,5.0,0.0,1,4,1
SYN02850,5,5,2,3,40.0,2,1,50.0,0.27,0.32,0.0,0.5,0.5,6,4,0
SYN02851,8,7,4,3,57.14,5,2,40.0,1.02,5.0,0.0,0.5,0.5,1,2,0
SYN02852,2,4,4,0,100.0,2,2,100.0,0.21,0.82,0.08,0.0,0.0,6,0,1
SYN02853,9,4,3,1,75.0,2,2,100.0,1.61,2.71,3.06,1.0,0.0,4,1,1
SYN02854,4,9,3,6,33.33,7,5,71.43,0.04,1.54,0.18,2.0,1.82,0,3,0
SYN02855,7,4,2,2,50.0,3,3,100.0,0.51,0.93,2.6,2.0,0.0,2,2,1
SYN02856,2,8,8,0,100.0,5,4,80.0,1.07,1.94,0.33,0.5,0.17,3,2,1
SYN02857,7,10,9,1,90.0,5,2,40.0,0.97,2.33,1.74,2.0,0.26,5,1,0
SYN02858,8,9,5,4,55.56,4,3,75.0,0.83,1.66,0.0,0.5,0.5,5,4,1
SYN02859,7,7,3,4,42.86,6,3,50.0,0.32,1.49,0.0,2.0,2.0,4,4,0
SYN02860,9,5,4,1,80.0,2,2,100.0,0.94,1.45,1.41,1.0,0.0,5,3,1
SYN02861,1,11,4,7,36.36,6,4,66.67,1.81,2.6,0.0,1.0,1.0,2,4,1
SYN02862,9,10,7,3,70.0,5,4,80.0,1.35,1.65,2.22,1.0,0.0,2,0,1
SYN02863,5,8,8,0,100.0,6,1,16.67,0.57,0.74,0.0,1.0,1.0,1,0,0
SYN02864,3,4,3,1,75.0,3,2,66.67,0.81,4.03,2.66,2.0,0.0,5,3,1
SYN02865,7,4,2,2,50.0,2,1,50.0,0.07,2.06,4.31,5.0,0.69,5,3,0
SYN02866,5,6,4,2,66.67,5,2,40.0,0.74,4.03,0.25,1.0,0.75,7,1,1
SYN02867,7,5,2,3,40.0,2,1,50.0,0.04,0.11,0.0,1.0,1.0,4,4,1
SYN02868,7,10,3,7,30.0,8,6,75.0,0.37,4.35,1.52,1.0,0.0,4,3,1
SYN02869,7,5,4,1,80.0,2,1,50.0,1.7,2.26,2.86,2.0,0.0,5,1,0
SYN02870,8,6,5,1,83.33,3,1,33.33,0.45,4.25,0.62,1.0,0.38,6,3,1
SYN02871,3,11,6,5,54.55,5,3,60.0,0.87,1.19,2.71,2.0,0.0,4,4,1
SYN02872,3,10,5,5,50.0,8,4,50.0,0.52,0.55,2.02,2.0,0.0,5,3,1
SYN02873,6,5,2,3,40.0,4,3,75.0,0.44,1.29,0.0,1.0,1.0,6,2,1
SYN02874,3,7,4,3,57.14,4,3,75.0,1.75,3.88,5.45,5.0,0.0,4,4,1
SYN02875,8,8,4,4,50.0,4,2,50.0,2.42,3.34,0.0,0.0,0.0,4,1,0
SYN02876,9,9,3,6,33.33,5,3,60.0,0.41,0.6,0.0,2.0,2.0,5,4,1
SYN02877,5,11,11,0,100.0,6,4,66.67,0.29,0.56,0.53,1.0,0.47,6,4,1
SYN02878,8,10,7,3,70.0,5,5,100.0,0.3,0.49,0.0,0.0,0.0,4,1,1
SYN02879,4,11,8,3,72.73,4,3,75.0,0.69,2.57,0.0,0.0,0.0,4,3,1
SYN02880,8,4,3,1,75.0,3,3,100.0,1.35,2.24,1.7,2.0,0.3,1,4,1
SYN02881,1,5,4,1,80.0,3,3,100.0,1.38,1.41,0.0,0.0,0.0,7,1,1
SYN02882,9,8,4,4,50.0,6,6,100.0,0.34,0.8,2.0,3.0,1.0,0,3,1
SYN02883,5,4,3,1,75.0,2,2,100.0,0.03,1.28,1.63,1.0,0.0,6,2,1
SYN02884,9,6,3,3,50.0,3,3,100.0,0.31,0.85,0.86,1.0,0.14,3,2,0
SYN02885,7,5,4,1,80.0,3,1,33.33,1.28,2.52,1.49,2.0,0.51,2,3,0
SYN02886,7,11,8,3,72.73,5,4,80.0,1.0,1.94,0.55,0.5,0.0,1,2,1
SYN02887,4,4,2,2,50.0,3,3,100.0,1.69,2.08,1.45,0.0,0.0,5,3,0
SYN02888,6,5,1,4,20.0,4,4,100.0,3.37,3.6,0.0,1.0,1.0,2,4,0
SYN02889,7,5,3,2,60.0,2,1,50.0,0.2,1.49,2.56,1.0,0.0,1,1,0
SYN02890,7,5,3,2,60.0,3,3,100.0,0.47,1.82,0.26,1.0,0.74,3,0,1
SYN02891,9,8,1,7,12.5,6,4,66.67,1.06,5.0,0.07,1.0,0.93,7,3,0
SYN02892,1,6,4,2,66.67,4,4,100.0,1.41,1.78,1.52,2.0,0.48,6,4,1
SYN02893,2,11,9,2,81.82,7,2,28.57,0.91,5.0,0.94,2.0,1.06,2,4,0
SYN02894,4,6,6,0,100.0,4,2,50.0,1.68,2.13,0.0,1.0,1.0,5,2,1
SYN02895,6,8,4,4,50.0,5,1,20.0,0.16,1.17,3.02,2.0,0.0,3,4,0
SYN02896,6,9,4,5,44.44,4,3,75.0,0.1,0.12,0.19,0.0,0.0,3,4,1
SYN02897,4,9,3,6,33.33,6,6,100.0,0.24,3.48,0.0,1.0,1.0,0,1,0
SYN02898,2,10,7,3,70.0,8,5,62.5,1.76,1.84,1.81,1.0,0.0,1,0,0
SYN02899,3,5,3,2,60.0,2,1,50.0,0.28,0.46,1.63,1.0,0.0,6,4,1
SYN02900,8,8,3,5,37.5,4,3,75.0,0.47,1.53,0.0,0.0,0.0,7,0,1
SYN02901,6,10,6,4,60.0,7,4,57.14,5.0,5.0,0.22,0.0,0.0,7,0,0
SYN02902,1,10,1,9,10.0,6,5,83.33,1.6,3.51,1.74,1.0,0.0,7,1,1
SYN02903,4,8,7,1,87.5,4,3,75.0,0.26,0.95,0.0,1.0,1.0,3,3,1
SYN02904,4,9,4,5,44.44,6,2,33.33,0.09,0.87,1.34,1.0,0.0,0,3,0
SYN02905,6,10,6,4,60.0,7,4,57.14,0.52,5.0,0.19,1.0,0.81,1,1,0
SYN02906,8,8,2,6,25.0,5,4,80.0,2.34,3.0,1.15,0.5,0.0,6,3,1
SYN02907,6,11,5,6,45.45,5,5,100.0,0.22,1.31,0.88,2.0,1.12,5,4,1
SYN02908,9,5,3,2,60.0,2,2,100.0,0.37,2.78,2.25,1.0,0.0,7,0,1
SYN02909,4,6,4,2,66.67,3,2,66.67,0.57,2.96,0.0,0.0,0.0,2,4,1
SYN02910,8,4,3,1,75.0,3,2,66.67,1.01,1.76,0.0,0.5,0.5,3,3,1
SYN02911,1,4,4,0,100.0,2,2,100.0,1.01,1.92,0.13,1.0,0.87,7,4,1
SYN02912,3,7,5,2,71.43,4,2,50.0,2.93,3.4,3.05,2.0,0.0,7,0,0
SYN02913,9,5,4,1,80.0,4,2,50.0,0.16,0.74,1.13,2.0,0.87,2,1,1
SYN02914,1,7,7,0,100.0,4,2,50.0,3.22,5.0,1.77,0.5,0.0,7,1,1
SYN02915,9,7,5,2,71.43,4,1,25.0,0.2,1.11,1.26,1.0,0.0,4,3,1
SYN02916,5,8,5,3,62.5,4,3,75.0,0.46,2.22,0.0,1.0,1.0,7,3,1
SYN02917,3,11,9,2,81.82,8,8,100.0,0.26,0.32,2.03,2.0,0.0,0,1,1
SYN02918,1,10,9,1,90.0,7,3,42.86,0.97,1.16,2.06,2.0,0.0,4,1,0
SYN02919,8,7,5,2,71.43,5,4,80.0,0.18,0.48,0.0,0.0,0.0,7,2,1
SYN02920,2,6,1,5,16.67,3,1,33.33,0.83,1.46,5.01,5.0,0.0,7,0,0
SYN02921,9,10,4,6,40.0,6,2,33.33,0.87,0.97,1.65,1.0,0.0,4,4,0
SYN02922,9,4,2,2,50.0,2,2,100.0,0.32,0.44,6.35,5.0,0.0,0,4,0
SYN02923,2,8,6,2,75.0,6,2,33.33,1.0,1.84,2.3,1.0,0.0,7,3,1
SYN02924,7,7,4,3,57.14,3,1,33.33,0.27,1.24,3.87,1.0,0.0,1,2,1
SYN02925,5,5,4,1,80.0,3,2,66.67,0.3,1.84,1.0,1.0,0.0,2,3,1
SYN02926,6,8,7,1,87.5,5,4,80.0,1.18,4.13,0.66,0.0,0.0,7,1,1
SYN02927,1,6,5,1,83.33,3,3,100.0,0.09,1.06,1.27,2.0,0.73,4,0,1
SYN02928,4,5,5,0,100.0,3,3,100.0,0.2,1.59,2.26,0.0,0.0,2,1,1
SYN02929,4,9,3,6,33.33,4,2,50.0,0.84,3.66,0.0,0.5,0.5,0,2,0
SYN02930,6,5,4,1,80.0,3,1,33.33,0.16,0.56,3.21,1.0,0.0,1,4,1
SYN02931,3,9,4,5,44.44,7,7,100.0,0.96,2.08,7.05,5.0,0.0,6,0,1
SYN02932,4,5,1,4,20.0,3,3,100.0,0.68,1.42,4.06,5.0,0.94,5,1,1
SYN02933,2,7,4,3,57.14,6,5,83.33,2.43,2.57,2.24,1.0,0.0,1,0,0
SYN02934,3,10,9,1,90.0,5,2,40.0,2.81,3.04,1.55,1.0,0.0,7,2,1
SYN02935,6,5,4,1,80.0,3,3,100.0,0.88,1.18,0.01,0.5,0.49,3,4,1
SYN02936,6,10,10,0,100.0,8,7,87.5,1.02,1.25,0.84,1.0,0.16,5,0,1
SYN02937,2,9,6,3,66.67,7,5,71.43,4.28,5.0,5.32,5.0,0.0,5,2,0
SYN02938,6,11,11,0,100.0,6,3,50.0,0.23,0.44,2.43,2.0,0.0,0,0,1
SYN02939,4,5,3,2,60.0,3,2,66.67,0.15,1.49,3.79,2.0,0.0,0,0,0
SYN02940,3,9,5,4,55.56,7,7,100.0,1.05,1.18,1.69,1.0,0.0,4,2,1
SYN02941,8,11,3,8,27.27,8,3,37.5,0.22,2.74,1.08,2.0,0.92,6,2,0
SYN02942,8,10,9,1,90.0,7,3,42.86,0.35,2.93,5.89,5.0,0.0,7,4,1
SYN02943,7,5,2,3,40.0,2,1,50.0,2.18,5.0,2.9,5.0,2.1,6,1,0
SYN02944,4,10,4,6,40.0,4,2,50.0,1.65,3.07,0.54,1.0,0.46,4,3,0
SYN02945,8,4,4,0,100.0,3,2,66.67,0.69,1.48,0.15,0.5,0.35,4,0,1
SYN02946,4,8,7,1,87.5,5,5,100.0,0.69,3.15,5.79,5.0,0.0,3,2,1
SYN02947,3,7,6,1,85.71,3,2,66.67,1.56,3.69,3.12,1.0,0.0,4,4,1
SYN02948,5,8,4,4,50.0,4,3,75.0,0.45,1.23,0.26,0.0,0.0,7,1,1
SYN02949,6,8,5,3,62.5,4,3,75.0,0.49,1.32,0.0,0.0,0.0,0,0,1
SYN02950,6,4,2,2,50.0,2,2,100.0,0.55,1.79,0.16,1.0,0.84,3,2,1
SYN02951,3,8,6,2,75.0,4,1,25.0,2.07,2.21,3.0,2.0,0.0,3,0,1
SYN02952,5,11,11,0,100.0,6,6,100.0,0.3,0.48,2.77,3.0,0.23,2,3,1
SYN02953,5,7,5,2,71.43,3,1,33.33,1.97,2.25,2.4,3.0,0.6,6,1,0
SYN02954,3,6,6,0,100.0,4,2,50.0,1.56,1.66,2.14,1.0,0.0,4,3,1
SYN02955,6,11,9,2,81.82,7,5,71.43,0.62,2.37,6.4,5.0,0.0,0,3,1
SYN02956,3,4,2,2,50.0,2,1,50.0,0.74,2.28,0.0,0.0,0.0,5,4,1
SYN02957,4,7,6,1,85.71,4,3,75.0,3.07,3.32,0.0,0.0,0.0,7,0,1
SYN02958,9,8,8,0,100.0,5,3,60.0,0.12,0.39,0.0,0.0,0.0,1,4,1
SYN02959,5,7,7,0,100.0,4,2,50.0,0.57,3.35,0.63,2.0,1.37,3,1,0
SYN02960,5,11,10,1,90.91,7,7,100.0,1.36,2.64,1.47,3.0,1.53,1,0,1
SYN02961,6,7,4,3,57.14,5,4,80.0,1.31,1.4,0.75,2.0,1.25,0,4,0
SYN02962,2,11,6,5,54.55,7,5,71.43,0.48,0.93,4.26,3.0,0.0,3,2,1
SYN02963,2,4,3,1,75.0,2,2,100.0,0.01,1.09,1.78,1.0,0.0,2,2,1
SYN02964,4,9,9,0,100.0,5,2,40.0,2.73,4.28,4.95,2.0,0.0,7,1,1
SYN02965,1,8,6,2,75.0,3,3,100.0,2.14,2.91,0.23,1.0,0.77,4,0,0
SYN02966,3,5,4,1,80.0,3,1,33.33,0.44,0.73,3.6,2.0,0.0,5,0,1
SYN02967,1,5,3,2,60.0,3,2,66.67,0.26,0.46,2.59,2.0,0.0,7,4,1
SYN02968,6,9,5,4,55.56,6,3,50.0,0.34,1.27,0.33,1.0,0.67,4,0,0
SYN02969,8,9,5,4,55.56,4,2,50.0,0.66,3.6,0.0,0.0,0.0,5,2,0
SYN02970,1,8,5,3,62.5,5,3,60.0,0.26,1.05,0.33,1.0,0.67,4,1,0
SYN02971,9,4,4,0,100.0,2,1,50.0,0.61,1.8,3.31,3.0,0.0,4,4,1
SYN02972,5,8,4,4,50.0,4,4,100.0,0.15,0.21,2.18,1.0,0.0,1,3,1
SYN02973,2,11,7,4,63.64,8,3,37.5,0.07,1.0,0.56,1.0,0.44,7,0,0
SYN02974,3,4,2,2,50.0,2,2,100.0,0.33,0.94,4.02,3.0,0.0,2,0,0
SYN02975,4,7,5,2,71.43,4,3,75.0,0.12,0.21,2.53,1.0,0.0,2,0,1
SYN02976,4,7,7,0,100.0,4,2,50.0,0.36,0.75,2.79,1.0,0.0,2,3,1
SYN02977,3,11,11,0,100.0,8,6,75.0,2.02,2.96,0.59,2.0,1.41,3,0,1
SYN02978,9,6,4,2,66.67,3,2,66.67,0.49,3.74,0.94,1.0,0.06,2,1,1
SYN02979,6,7,5,2,71.43,5,2,40.0,1.59,1.79,1.85,1.0,0.0,6,2,1
SYN02980,2,9,5,4,55.56,7,2,28.57,0.19,0.89,0.7,2.0,1.3,5,0,0
SYN02981,3,4,3,1,75.0,3,3,100.0,2.13,2.57,0.0,1.0,1.0,4,1,1
SYN02982,4,10,7,3,70.0,5,4,80.0,2.26,2.68,0.97,1.0,0.03,2,1,1
SYN02983,9,10,6,4,60.0,7,5,71.43,0.5,1.63,0.0,0.0,0.0,1,2,1
SYN02984,8,9,6,3,66.67,4,2,50.0,0.02,4.97,2.79,3.0,0.21,5,0,0
SYN02985,2,9,6,3,66.67,7,4,57.14,1.14,2.01,0.43,1.0,0.57,6,1,0
SYN02986,7,9,5,4,55.56,5,3,60.0,0.35,1.94,5.59,3.0,0.0,3,2,1
SYN02987,5,10,5,5,50.0,5,1,20.0,0.36,0.68,1.45,2.0,0.55,2,2,0
SYN02988,2,11,11,0,100.0,6,4,66.67,3.11,3.45,1.2,0.5,0.0,3,4,1
SYN02989,2,7,7,0,100.0,5,4,80.0,0.06,0.13,1.62,1.0,0.0,4,1,1
SYN02990,6,7,2,5,28.57,5,3,60.0,0.89,1.36,0.0,1.0,1.0,0,1,0
SYN02991,4,9,3,6,33.33,5,5,100.0,0.87,5.0,3.76,2.0,0.0,6,0,1
SYN02992,1,5,2,3,40.0,3,1,33.33,0.31,2.45,1.75,1.0,0.0,5,3,1
SYN02993,2,10,6,4,60.0,7,3,42.86,0.36,1.63,2.19,2.0,0.0,2,2,1
SYN02994,1,10,8,2,80.0,7,5,71.43,0.03,0.2,3.27,2.0,0.0,6,0,1
SYN02995,1,9,7,2,77.78,6,4,66.67,0.28,1.02,0.94,1.0,0.06,6,4,1
SYN02996,2,6,4,2,66.67,3,0,0.0,0.17,1.79,4.06,3.0,0.0,4,4,0
SYN02997,9,6,4,2,66.67,4,3,75.0,0.15,0.91,0.0,1.0,1.0,6,4,1
SYN02998,4,7,3,4,42.86,5,4,80.0,0.14,0.6,2.98,2.0,0.0,1,3,1
SYN02999,6,9,5,4,55.56,4,0,0.0,0.15,1.75,0.72,0.5,0.0,2,0,0
SYN03000,9,10,6,4,60.0,6,4,66.67,0.22,2.22,0.74,0.5,0.0,7,4,1
SYN03001,7,9,2,7,22.22,4,2,50.0,0.37,1.16,0.99,2.0,1.01,1,2,0
SYN03002,9,11,3,8,27.27,6,3,50.0,0.35,0.53,0.74,1.0,0.26,6,4,0
SYN03003,4,11,4,7,36.36,8,2,25.0,1.38,3.34,2.7,3.0,0.3,6,1,0
SYN03004,1,9,7,2,77.78,4,3,75.0,0.43,1.01,0.63,2.0,1.37,3,3,1
SYN03005,2,6,4,2,66.67,4,4,100.0,0.51,1.81,2.43,2.0,0.0,3,2,1
SYN03006,9,8,6,2,75.0,3,2,66.67,1.8,3.52,2.89,1.0,0.0,7,2,1
SYN03007,9,7,1,6,14.29,5,0,0.0,0.16,0.53,1.29,3.0,1.71,2,1,0
SYN03008,6,9,2,7,22.22,7,5,71.43,0.32,1.07,3.59,3.0,0.0,2,0,0
SYN03009,4,10,8,2,80.0,6,4,66.67,0.05,0.18,0.5,1.0,0.5,0,4,1
SYN03010,2,6,0,6,0.0,4,1,25.0,0.1,0.95,0.36,1.0,0.64,2,3,0
SYN03011,7,8,7,1,87.5,4,3,75.0,0.15,0.73,3.09,3.0,0.0,1,4,1
SYN03012,4,4,1,3,25.0,3,3,100.0,3.12,5.0,0.11,0.0,0.0,1,2,1
SYN03013,9,9,7,2,77.78,6,3,50.0,0.94,4.97,1.22,1.0,0.0,4,1,0
SYN03014,7,7,3,4,42.86,3,1,33.33,0.26,0.55,3.64,5.0,1.36,6,3,1
SYN03015,6,7,6,1,85.71,6,1,16.67,0.44,1.33,2.31,1.0,0.0,6,1,1
SYN03016,8,8,8,0,100.0,3,1,33.33,0.01,1.9,5.1,5.0,0.0,2,4,1
SYN03017,4,5,0,5,0.0,3,2,66.67,2.4,3.07,1.71,1.0,0.0,4,2,0
SYN03018,6,8,6,2,75.0,4,2,50.0,2.19,5.0,2.46,1.0,0.0,0,3,0
SYN03019,3,9,1,8,11.11,6,3,50.0,1.35,2.99,0.0,1.0,1.0,2,3,0
SYN03020,9,6,4,2,66.67,3,2,66.67,0.01,0.57,1.76,1.0,0.0,2,1,0
SYN03021,1,5,3,2,60.0,2,2,100.0,0.36,1.1,2.8,3.0,0.2,7,3,1
SYN03022,3,7,4,3,57.14,4,3,75.0,1.15,1.42,3.22,2.0,0.0,6,2,1
SYN03023,1,5,2,3,40.0,4,4,100.0,0.98,1.01,2.04,3.0,0.96,2,0,1
SYN03024,9,6,5,1,83.33,3,1,33.33,0.08,0.52,2.12,1.0,0.0,1,2,1
SYN03025,7,9,2,7,22.22,6,2,33.33,0.23,1.94,3.73,5.0,1.27,1,0,0
SYN03026,3,4,4,0,100.0,2,1,50.0,0.03,0.53,2.48,2.0,0.0,4,3,1
SYN03027,9,9,4,5,44.44,7,3,42.86,4.75,5.0,0.34,0.0,0.0,7,3,0
SYN03028,7,5,1,4,20.0,3,0,0.0,1.65,1.84,0.81,1.0,0.19,4,4,0
SYN03029,7,11,11,0,100.0,7,3,42.86,2.68,2.74,0.0,0.5,0.5,3,2,0
SYN03030,5,9,5,4,55.56,7,7,100.0,0.09,1.82,0.06,0.5,0.44,6,4,1
SYN03031,3,6,6,0,100.0,3,3,100.0,2.08,2.56,4.11,3.0,0.0,3,3,1
SYN03032,9,8,7,1,87.5,5,4,80.0,0.92,1.38,6.79,5.0,0.0,1,1,1
SYN03033,2,4,2,2,50.0,3,2,66.67,3.19,3.4,2.34,0.0,0.0,6,1,0
SYN03034,3,4,2,2,50.0,2,2,100.0,0.36,0.4,0.63,0.0,0.0,7,4,1
SYN03035,2,11,7,4,63.64,6,2,33.33,1.91,2.68,1.3,1.0,0.0,2,0,1
SYN03036,7,10,10,0,100.0,5,2,40.0,1.4,3.61,2.54,2.0,0.0,7,0,1
SYN03037,8,5,4,1,80.0,4,4,100.0,2.13,3.03,4.31,2.0,0.0,4,0,1
SYN03038,8,6,4,2,66.67,5,3,60.0,1.16,2.68,1.62,1.0,0.0,1,3,1
SYN03039,3,5,3,2,60.0,3,1,33.33,1.01,2.77,1.1,1.0,0.0,6,3,0
SYN03040,5,7,4,3,57.14,5,4,80.0,0.96,1.27,4.67,5.0,0.33,1,2,1
SYN03041,5,6,6,0,100.0,3,2,66.67,0.61,1.49,0.81,1.0,0.19,2,2,1
SYN03042,9,6,4,2,66.67,2,1,50.0,1.42,2.0,0.46,0.0,0.0,2,0,1
SYN03043,9,8,4,4,50.0,4,2,50.0,0.33,2.48,1.1,2.0,0.9,7,0,0
SYN03044,3,5,2,3,40.0,2,1,50.0,1.44,3.84,4.25,5.0,0.75,7,3,0
SYN03045,9,11,5,6,45.45,5,4,80.0,0.38,1.93,1.92,2.0,0.08,1,1,0
SYN03046,9,9,2,7,22.22,6,6,100.0,2.93,5.0,2.46,3.0,0.54,0,4,0
SYN03047,2,10,4,6,40.0,5,3,60.0,2.19,2.68,3.72,3.0,0.0,6,4,1
SYN03048,7,5,5,0,100.0,2,1,50.0,0.22,1.04,1.31,0.5,0.0,4,3,1
SYN03049,9,9,5,4,55.56,5,5,100.0,0.85,1.31,2.32,2.0,0.0,3,2,1
SYN03050,3,10,8,2,80.0,5,5,100.0,0.17,1.92,3.59,3.0,0.0,0,1,1
SYN03051,3,5,0,5,0.0,2,1,50.0,0.85,0.88,0.14,0.0,0.0,4,4,0
SYN03052,8,10,7,3,70.0,5,1,20.0,0.12,0.29,0.0,2.0,2.0,1,0,1
SYN03053,8,6,3,3,50.0,3,1,33.33,0.14,1.35,0.0,1.0,1.0,4,4,0
SYN03054,8,10,5,5,50.0,6,2,33.33,2.54,2.84,2.85,2.0,0.0,1,4,0
SYN03055,3,7,5,2,71.43,5,3,60.0,0.32,0.48,0.0,0.5,0.5,1,0,0
SYN03056,3,10,5,5,50.0,7,4,57.14,0.37,3.44,2.03,1.0,0.0,1,1,0
SYN03057,1,5,0,5,0.0,4,4,100.0,1.43,2.45,3.09,2.0,0.0,1,4,0
SYN03058,7,7,6,1,85.71,5,1,20.0,0.1,0.11,0.68,1.0,0.32,5,3,1
SYN03059,8,6,4,2,66.67,5,2,40.0,0.75,2.69,0.0,0.0,0.0,5,1,1
SYN03060,8,5,3,2,60.0,3,2,66.67,0.72,1.85,0.51,0.5,0.0,3,4,1
SYN03061,5,6,2,4,33.33,4,3,75.0,0.07,0.17,2.95,3.0,0.05,6,3,1
SYN03062,1,7,2,5,28.57,4,0,0.0,1.41,2.69,5.75,5.0,0.0,7,4,0
SYN03063,9,5,3,2,60.0,3,0,0.0,1.66,2.09,0.0,2.0,2.0,1,2,0
SYN03064,8,9,9,0,100.0,5,3,60.0,0.59,1.44,0.0,0.0,0.0,1,2,1
SYN03065,4,8,5,3,62.5,4,4,100.0,1.26,2.41,0.79,2.0,1.21,6,3,1
SYN03066,7,10,3,7,30.0,7,7,100.0,2.2,2.48,0.0,2.0,2.0,4,0,1
SYN03067,4,9,6,3,66.67,4,2,50.0,1.38,2.79,0.41,1.0,0.59,2,3,0
SYN03068,8,5,3,2,60.0,3,2,66.67,1.24,1.58,0.0,0.5,0.5,4,3,1
SYN03069,6,4,3,1,75.0,3,1,33.33,0.3,1.36,0.04,0.5,0.46,4,0,0
SYN03070,9,7,5,2,71.43,4,3,75.0,0.74,2.04,0.0,0.0,0.0,4,4,0
SYN03071,8,7,0,7,0.0,3,3,100.0,0.62,0.8,2.54,2.0,0.0,4,2,1
SYN03072,6,5,4,1,80.0,3,3,100.0,0.2,0.76,0.7,1.0,0.3,0,2,1
SYN03073,1,10,3,7,30.0,5,3,60.0,0.72,0.74,0.0,1.0,1.0,5,1,1
SYN03074,4,8,2,6,25.0,6,2,33.33,0.53,1.57,1.42,1.0,0.0,1,4,0
SYN03075,6,9,5,4,55.56,6,4,66.67,0.67,0.97,4.9,2.0,0.0,4,0,0
SYN03076,5,4,3,1,75.0,3,3,100.0,0.23,2.19,2.29,1.0,0.0,4,4,1
SYN03077,3,10,2,8,20.0,6,3,50.0,2.1,3.62,1.82,1.0,0.0,0,2,0
SYN03078,6,5,4,1,80.0,3,0,0.0,2.32,2.51,0.27,0.5,0.23,2,1,0
SYN03079,3,7,6,1,85.71,5,3,60.0,1.8,4.18,0.0,0.0,0.0,2,3,0
SYN03080,9,7,4,3,57.14,3,2,66.67,0.11,0.75,0.33,1.0,0.67,1,3,0
SYN03081,1,10,4,6,40.0,5,1,20.0,1.09,1.2,1.29,1.0,0.0,3,1,1
SYN03082,3,6,2,4,33.33,2,1,50.0,0.2,0.26,0.0,1.0,1.0,2,4,1
SYN03083,1,5,4,1,80.0,3,2,66.67,0.15,1.28,1.26,1.0,0.0,4,0,1
SYN03084,2,6,1,5,16.67,5,5,100.0,1.65,2.64,0.0,0.0,0.0,0,0,0
SYN03085,3,6,5,1,83.33,4,1,25.0,0.12,0.27,0.0,0.5,0.5,1,4,1
SYN03086,9,5,3,2,60.0,3,3,100.0,0.28,0.72,1.19,2.0,0.81,4,3,1
SYN03087,6,5,3,2,60.0,4,4,100.0,0.07,0.18,2.5,1.0,0.0,2,2,1
SYN03088,2,5,1,4,20.0,2,2,100.0,2.17,2.36,2.17,2.0,0.0,3,1,0
SYN03089,4,7,4,3,57.14,3,1,33.33,0.44,2.49,0.0,0.0,0.0,0,3,1
SYN03090,2,6,5,1,83.33,5,2,40.0,2.56,4.45,1.19,2.0,0.81,2,3,0
SYN03091,2,7,2,5,28.57,5,3,60.0,0.91,3.24,2.08,1.0,0.0,2,0,0
SYN03092,6,9,7,2,77.78,6,4,66.67,0.94,2.31,1.64,2.0,0.36,0,2,1
SYN03093,5,5,3,2,60.0,2,1,50.0,1.24,1.63,1.63,1.0,0.0,4,3,0
SYN03094,2,11,5,6,45.45,9,9,100.0,0.44,0.7,0.53,1.0,0.47,0,2,0
SYN03095,8,10,8,2,80.0,7,4,57.14,2.92,3.11,2.22,2.0,0.0,7,3,1
SYN03096,9,5,0,5,0.0,3,0,0.0,0.8,2.87,0.04,0.0,0.0,0,4,0
SYN03097,8,6,4,2,66.67,3,2,66.67,0.87,1.02,0.0,0.0,0.0,1,0,1
SYN03098,8,5,5,0,100.0,3,2,66.67,0.11,0.87,0.69,0.0,0.0,4,2,1
SYN03099,6,6,6,0,100.0,4,3,75.0,4.13,4.53,6.84,5.0,0.0,0,2,0
SYN03100,3,6,4,2,66.67,4,3,75.0,0.42,0.52,3.46,3.0,0.0,4,1,1
SYN03101,5,5,3,2,60.0,3,3,100.0,0.2,1.94,2.12,2.0,0.0,3,0,1
SYN03102,2,4,2,2,50.0,2,1,50.0,0.75,1.78,0.0,1.0,1.0,0,4,1
SYN03103,4,7,4,3,57.14,5,3,60.0,1.32,3.76,1.13,0.0,0.0,4,0,1
SYN03104,4,9,7,2,77.78,6,6,100.0,0.18,1.13,1.39,2.0,0.61,0,2,1
SYN03105,5,6,2,4,33.33,3,0,0.0,1.99,4.49,1.17,0.5,0.0,4,3,0
SYN03106,8,10,8,2,80.0,4,3,75.0,0.83,1.38,1.91,1.0,0.0,5,2,1
SYN03107,7,6,6,0,100.0,3,3,100.0,2.6,2.87,3.19,2.0,0.0,2,3,1
SYN03108,7,11,6,5,54.55,8,8,100.0,0.09,0.49,2.21,1.0,0.0,4,0,1
SYN03109,4,5,1,4,20.0,2,2,100.0,1.33,1.63,3.16,2.0,0.0,0,2,0
SYN03110,1,8,2,6,25.0,3,3,100.0,0.41,3.29,0.49,2.0,1.51,6,4,1
SYN03111,8,10,8,2,80.0,8,3,37.5,2.82,3.77,0.97,2.0,1.03,7,2,0
SYN03112,2,4,2,2,50.0,3,3,100.0,0.72,1.63,0.35,2.0,1.65,1,4,0
SYN03113,6,11,9,2,81.82,4,1,25.0,0.77,2.34,0.0,1.0,1.0,4,2,1
SYN03114,2,6,3,3,50.0,3,1,33.33,0.84,1.0,3.83,2.0,0.0,3,1,1
SYN03115,4,7,6,1,85.71,5,4,80.0,1.27,1.63,0.82,2.0,1.18,6,2,1
SYN03116,2,9,5,4,55.56,5,3,60.0,1.19,1.32,0.65,2.0,1.35,1,1,0
SYN03117,9,9,4,5,44.44,5,4,80.0,0.89,1.32,2.93,3.0,0.07,3,1,0
SYN03118,4,4,2,2,50.0,2,2,100.0,0.31,0.36,4.1,5.0,0.9,2,2,1
SYN03119,8,10,3,7,30.0,5,5,100.0,1.36,4.75,4.71,2.0,0.0,6,1,0
SYN03120,4,8,8,0,100.0,6,5,83.33,0.29,1.24,2.67,3.0,0.33,4,0,1
SYN03121,4,11,6,5,54.55,5,2,40.0,2.07,3.64,1.53,1.0,0.0,6,1,0
SYN03122,4,7,5,2,71.43,4,3,75.0,0.89,5.0,4.06,5.0,0.94,0,0,0
SYN03123,7,8,4,4,50.0,4,2,50.0,0.15,0.46,1.01,3.0,1.99,0,4,0
SYN03124,7,7,2,5,28.57,3,3,100.0,1.93,2.24,0.0,0.0,0.0,7,4,1
SYN03125,9,11,6,5,54.55,5,3,60.0,1.77,2.45,0.14,1.0,0.86,0,1,0
SYN03126,1,10,9,1,90.0,7,5,71.43,0.23,1.05,0.13,1.0,0.87,5,4,1
SYN03127,6,11,5,6,45.45,5,1,20.0,0.57,1.02,0.08,2.0,1.92,1,1,0
SYN03128,3,8,3,5,37.5,4,0,0.0,1.08,1.43,0.16,0.0,0.0,4,1,1
SYN03129,9,10,6,4,60.0,5,1,20.0,2.35,2.42,0.6,1.0,0.4,6,2,0
SYN03130,3,6,4,2,66.67,4,4,100.0,1.64,2.46,0.0,1.0,1.0,3,4,1
SYN03131,1,7,7,0,100.0,4,1,25.0,5.0,5.0,1.13,1.0,0.0,2,3,0
SYN03132,4,10,7,3,70.0,8,7,87.5,0.45,0.64,5.91,5.0,0.0,1,3,1
SYN03133,9,4,3,1,75.0,3,1,33.33,2.39,4.12,2.44,1.0,0.0,3,3,0
SYN03134,6,9,7,2,77.78,6,3,50.0,0.25,1.35,0.0,1.0,1.0,7,4,1
SYN03135,7,4,1,3,25.0,3,2,66.67,0.5,0.52,2.12,3.0,0.88,4,3,0
SYN03136,6,8,3,5,37.5,3,3,100.0,0.4,1.45,0.0,0.0,0.0,3,2,1
SYN03137,2,7,2,5,28.57,5,4,80.0,0.08,4.22,0.22,1.0,0.78,5,1,0
SYN03138,9,7,2,5,28.57,5,4,80.0,0.59,2.56,2.67,1.0,0.0,4,2,1
SYN03139,2,7,6,1,85.71,4,4,100.0,1.55,1.79,2.13,3.0,0.87,3,0,1
SYN03140,3,7,5,2,71.43,5,2,40.0,0.92,1.86,2.43,3.0,0.57,1,3,0
SYN03141,7,7,4,3,57.14,3,3,100.0,1.23,1.76,1.01,2.0,0.99,3,4,1
SYN03142,9,7,0,7,0.0,4,4,100.0,1.67,1.71,2.95,1.0,0.0,2,0,0
SYN03143,3,8,8,0,100.0,6,5,83.33,0.37,1.04,0.0,1.0,1.0,2,4,1
SYN03144,9,10,4,6,40.0,8,5,62.5,1.48,2.98,0.33,1.0,0.67,2,3,1
SYN03145,1,8,8,0,100.0,4,2,50.0,2.01,3.79,0.0,1.0,1.0,0,4,0
SYN03146,5,9,2,7,22.22,6,2,33.33,2.83,3.22,0.0,1.0,1.0,4,3,0
SYN03147,2,10,4,6,40.0,7,3,42.86,0.25,0.47,1.32,0.0,0.0,1,4,1
SYN03148,8,11,1,10,9.09,5,2,40.0,2.03,2.25,0.84,3.0,2.16,3,3,0
SYN03149,1,4,3,1,75.0,3,2,66.67,2.73,5.0,1.45,2.0,0.55,7,1,0
SYN03150,6,9,3,6,33.33,6,4,66.67,0.97,2.34,0.0,0.0,0.0,6,2,0
SYN03151,2,5,2,3,40.0,4,3,75.0,0.86,3.28,4.1,5.0,0.9,7,0,0
SYN03152,1,5,1,4,20.0,4,3,75.0,0.23,0.48,0.0,1.0,1.0,1,4,0
SYN03153,5,10,8,2,80.0,4,1,25.0,1.27,1.84,1.8,2.0,0.2,6,3,1
SYN03154,3,4,3,1,75.0,2,1,50.0,1.37,1.46,0.0,0.5,0.5,6,2,0
SYN03155,5,10,10,0,100.0,5,3,60.0,0.48,0.53,3.97,3.0,0.0,2,3,1
SYN03156,3,10,4,6,40.0,5,2,40.0,1.57,3.14,0.62,0.0,0.0,2,3,0
SYN03157,5,11,7,4,63.64,6,2,33.33,0.69,0.71,7.33,5.0,0.0,1,1,1
SYN03158,2,9,2,7,22.22,7,7,100.0,0.73,0.94,2.13,2.0,0.0,7,3,1
SYN03159,7,10,5,5,50.0,6,1,16.67,0.89,1.0,1.21,0.5,0.0,4,3,0
SYN03160,9,4,2,2,50.0,3,3,100.0,0.41,0.96,0.07,0.5,0.43,2,3,1
SYN03161,1,11,8,3,72.73,6,4,66.67,1.88,2.93,4.05,2.0,0.0,0,4,1
SYN03162,4,5,4,1,80.0,3,3,100.0,0.13,3.32,0.01,0.0,0.0,4,1,1
SYN03163,9,6,5,1,83.33,4,4,100.0,0.61,0.81,0.0,0.0,0.0,7,0,1
SYN03164,9,5,2,3,40.0,3,2,66.67,0.51,1.34,2.65,2.0,0.0,3,4,0
SYN03165,9,7,6,1,85.71,4,4,100.0,2.45,2.74,0.0,0.0,0.0,6,1,1
SYN03166,1,9,5,4,55.56,7,2,28.57,2.14,3.52,0.4,1.0,0.6,2,1,0
SYN03167,9,6,3,3,50.0,4,2,50.0,0.04,0.24,1.65,1.0,0.0,7,1,1
SYN03168,1,10,4,6,40.0,5,2,40.0,0.21,0.23,0.88,0.0,0.0,5,3,1
SYN03169,3,8,4,4,50.0,5,1,20.0,2.34,2.57,1.72,1.0,0.0,6,1,0
SYN03170,5,9,9,0,100.0,6,3,50.0,0.29,0.68,0.0,0.0,0.0,4,0,1
SYN03171,8,11,7,4,63.64,6,6,100.0,0.12,0.21,5.32,5.0,0.0,3,3,1
SYN03172,4,7,5,2,71.43,5,3,60.0,0.22,0.55,1.65,0.5,0.0,0,2,1
SYN03173,7,6,3,3,50.0,4,4,100.0,2.17,4.67,0.69,2.0,1.31,2,3,0
SYN03174,6,11,11,0,100.0,6,6,100.0,0.19,0.64,2.0,2.0,0.0,1,1,1
SYN03175,5,8,7,1,87.5,6,6,100.0,0.76,1.55,0.0,2.0,2.0,6,1,1
SYN03176,2,8,3,5,37.5,5,5,100.0,0.16,0.6,1.89,1.0,0.0,4,2,1
SYN03177,9,6,3,3,50.0,3,3,100.0,0.52,0.57,0.0,0.5,0.5,4,4,1
SYN03178,1,5,3,2,60.0,2,1,50.0,2.22,2.81,0.09,1.0,0.91,7,3,1
SYN03179,3,5,3,2,60.0,3,2,66.67,2.32,2.76,1.85,2.0,0.15,7,2,1
SYN03180,8,5,2,3,40.0,3,2,66.67,0.19,4.46,2.74,2.0,0.0,5,0,0
SYN03181,6,5,4,1,80.0,2,1,50.0,0.18,1.53,2.87,0.0,0.0,2,2,1
SYN03182,3,9,9,0,100.0,6,4,66.67,0.51,0.66,0.14,2.0,1.86,0,0,1
SYN03183,2,4,1,3,25.0,2,2,100.0,0.54,0.65,0.0,0.0,0.0,4,3,1
SYN03184,2,9,3,6,33.33,4,2,50.0,1.08,1.34,1.27,1.0,0.0,7,2,0
SYN03185,3,11,5,6,45.45,7,2,28.57,0.8,1.77,0.13,1.0,0.87,3,4,0
SYN03186,8,10,5,5,50.0,5,4,80.0,0.0,0.12,1.0,0.0,0.0,7,4,1
SYN03187,8,7,7,0,100.0,5,2,40.0,3.55,4.01,4.8,5.0,0.2,1,1,1
SYN03188,7,4,3,1,75.0,3,1,33.33,0.39,0.78,3.06,2.0,0.0,0,0,0
SYN03189,6,10,8,2,80.0,5,3,60.0,0.23,0.68,0.2,0.5,0.3,4,2,0
SYN03190,3,4,2,2,50.0,2,1,50.0,0.18,0.42,0.65,0.0,0.0,2,0,1
SYN03191,7,9,5,4,55.56,5,5,100.0,0.71,0.92,0.85,2.0,1.15,0,3,1
SYN03192,9,9,2,7,22.22,4,2,50.0,0.43,0.97,4.32,2.0,0.0,7,4,1
SYN03193,4,5,4,1,80.0,3,3,100.0,0.25,0.26,0.0,0.0,0.0,2,4,1
SYN03194,6,9,7,2,77.78,6,4,66.67,1.9,3.13,0.15,1.0,0.85,2,3,1
SYN03195,9,5,5,0,100.0,3,2,66.67,0.44,0.69,0.3,2.0,1.7,4,3,1
SYN03196,2,5,3,2,60.0,3,2,66.67,0.08,0.5,1.96,1.0,0.0,6,1,1
SYN03197,5,10,6,4,60.0,8,2,25.0,1.67,2.57,1.65,1.0,0.0,1,4,0
SYN03198,7,11,7,4,63.64,5,4,80.0,0.6,0.79,0.0,1.0,1.0,2,3,0
SYN03199,3,6,5,1,83.33,5,4,80.0,0.49,1.43,2.2,1.0,0.0,6,0,1
SYN03200,1,11,3,8,27.27,8,7,87.5,0.94,1.1,0.0,0.5,0.5,5,2,1
SYN03201,2,11,9,2,81.82,6,2,33.33,0.03,3.28,1.46,1.0,0.0,1,2,0
SYN03202,8,10,6,4,60.0,5,1,20.0,0.04,0.89,0.75,0.0,0.0,0,0,0
SYN03203,3,5,2,3,40.0,2,1,50.0,0.77,1.99,0.0,0.0,0.0,5,1,0
SYN03204,8,6,0,6,0.0,5,5,100.0,1.37,2.5,6.09,5.0,0.0,1,4,0
SYN03205,8,9,5,4,55.56,4,3,75.0,0.03,0.8,0.0,0.0,0.0,0,2,1
SYN03206,6,11,11,0,100.0,8,3,37.5,0.28,1.93,0.41,0.0,0.0,7,0,1
SYN03207,3,10,10,0,100.0,6,1,16.67,2.17,2.18,2.67,3.0,0.33,5,4,1
SYN03208,4,7,5,2,71.43,4,2,50.0,2.13,3.12,2.76,5.0,2.24,3,1,0
SYN03209,3,5,5,0,100.0,3,1,33.33,1.07,3.16,1.85,2.0,0.15,3,2,1
SYN03210,4,11,6,5,54.55,5,5,100.0,1.16,3.37,0.0,0.0,0.0,6,0,1
SYN03211,4,6,5,1,83.33,3,3,100.0,3.78,4.79,3.67,2.0,0.0,6,0,0
SYN03212,4,6,3,3,50.0,5,2,40.0,0.18,0.57,0.36,2.0,1.64,4,4,0
SYN03213,3,11,5,6,45.45,5,4,80.0,0.95,1.46,3.47,2.0,0.0,4,3,1
SYN03214,4,8,3,5,37.5,6,5,83.33,0.88,1.32,0.0,0.0,0.0,4,3,1
SYN03215,5,6,1,5,16.67,5,2,40.0,0.26,1.84,1.49,1.0,0.0,3,0,0
SYN03216,5,4,4,0,100.0,2,1,50.0,0.86,0.99,0.0,1.0,1.0,4,3,1
SYN03217,9,7,3,4,42.86,4,3,75.0,1.23,2.75,1.63,2.0,0.37,5,0,0
SYN03218,2,11,4,7,36.36,5,3,60.0,0.21,0.58,0.2,1.0,0.8,5,0,0
SYN03219,9,7,2,5,28.57,5,1,20.0,0.18,0.97,3.52,1.0,0.0,3,3,0
SYN03220,8,9,5,4,55.56,7,5,71.43,2.56,2.93,1.17,2.0,0.83,6,2,0
SYN03221,9,6,6,0,100.0,5,4,80.0,0.28,1.58,4.38,3.0,0.0,2,4,1
SYN03222,8,10,10,0,100.0,8,8,100.0,0.76,2.93,4.4,3.0,0.0,5,1,1
SYN03223,6,10,2,8,20.0,5,2,40.0,0.11,0.84,3.37,2.0,0.0,3,1,0
SYN03224,4,8,4,4,50.0,5,2,40.0,0.62,2.34,0.0,0.5,0.5,7,4,0
SYN03225,9,10,3,7,30.0,5,3,60.0,1.15,1.55,5.17,3.0,0.0,5,2,0
SYN03226,8,8,7,1,87.5,6,4,66.67,0.18,0.75,2.91,0.5,0.0,5,4,1
SYN03227,4,7,5,2,71.43,3,2,66.67,0.11,0.72,0.44,0.0,0.0,4,2,1
SYN03228,3,9,4,5,44.44,4,3,75.0,1.26,1.79,0.44,1.0,0.56,1,0,1
SYN03229,2,10,6,4,60.0,4,1,25.0,1.58,2.8,0.97,2.0,1.03,7,0,0
SYN03230,7,10,5,5,50.0,5,4,80.0,0.95,2.21,0.57,0.0,0.0,5,1,0
SYN03231,9,5,5,0,100.0,2,1,50.0,2.55,3.4,1.08,1.0,0.0,0,2,0
SYN03232,8,9,7,2,77.78,4,2,50.0,0.72,3.14,0.22,0.0,0.0,2,3,0
SYN03233,8,4,3,1,75.0,3,3,100.0,1.1,2.82,0.38,2.0,1.62,1,0,0
SYN03234,8,8,0,8,0.0,6,2,33.33,0.31,0.42,2.04,2.0,0.0,1,1,0
SYN03235,4,8,5,3,62.5,4,2,50.0,0.22,1.72,2.37,1.0,0.0,3,4,1
SYN03236,8,6,6,0,100.0,4,1,25.0,1.52,2.09,1.98,1.0,0.0,6,1,1
SYN03237,3,11,10,1,90.91,6,4,66.67,0.49,2.47,1.5,2.0,0.5,5,3,0
SYN03238,6,11,2,9,18.18,8,8,100.0,0.14,0.14,0.87,1.0,0.13,7,1,1
SYN03239,4,4,2,2,50.0,2,1,50.0,0.39,0.63,0.0,1.0,1.0,0,1,0
SYN03240,3,5,1,4,20.0,3,2,66.67,0.46,1.51,0.2,1.0,0.8,5,3,0
SYN03241,4,5,5,0,100.0,3,3,100.0,1.21,2.02,1.59,2.0,0.41,2,1,1
SYN03242,7,11,7,4,63.64,5,4,80.0,2.46,3.64,2.76,2.0,0.0,0,3,0
SYN03243,8,8,3,5,37.5,5,4,80.0,0.11,0.79,0.0,0.0,0.0,7,0,1
SYN03244,6,9,5,4,55.56,6,5,83.33,3.99,5.0,1.76,3.0,1.24,1,3,0
SYN03245,4,10,0,10,0.0,7,0,0.0,3.29,3.38,1.91,1.0,0.0,2,4,0
SYN03246,6,10,3,7,30.0,5,3,60.0,0.46,2.9,2.49,3.0,0.51,4,4,0
SYN03247,5,4,2,2,50.0,2,1,50.0,1.58,4.22,0.0,1.0,1.0,3,4,0
SYN03248,4,5,4,1,80.0,4,2,50.0,0.81,1.38,1.97,1.0,0.0,1,0,0
SYN03249,2,7,1,6,14.29,3,3,100.0,0.22,0.53,1.05,0.5,0.0,1,4,0
SYN03250,5,6,3,3,50.0,3,2,66.67,0.54,4.56,0.75,1.0,0.25,5,3,0
SYN03251,7,9,8,1,88.89,5,5,100.0,0.16,1.01,0.58,1.0,0.42,0,2,1
SYN03252,6,5,1,4,20.0,2,1,50.0,0.57,2.72,3.46,3.0,0.0,0,4,1
SYN03253,6,6,4,2,66.67,3,1,33.33,0.74,0.87,3.65,3.0,0.0,2,4,1
SYN03254,7,5,3,2,60.0,2,2,100.0,0.04,0.12,1.25,1.0,0.0,7,4,1
SYN03255,2,5,5,0,100.0,3,2,66.67,2.33,2.46,3.14,3.0,0.0,1,2,0
SYN03256,8,5,3,2,60.0,3,2,66.67,0.61,3.88,2.27,3.0,0.73,5,3,1
SYN03257,3,5,3,2,60.0,4,2,50.0,0.9,3.1,2.34,3.0,0.66,3,1,0
SYN03258,3,8,7,1,87.5,5,3,60.0,1.08,3.09,0.79,1.0,0.21,4,3,1
SYN03259,3,7,2,5,28.57,4,2,50.0,1.91,3.04,0.0,0.5,0.5,1,2,0
SYN03260,8,7,4,3,57.14,5,4,80.0,0.43,0.88,1.71,3.0,1.29,7,3,1
SYN03261,6,7,3,4,42.86,5,4,80.0,1.86,2.87,0.89,1.0,0.11,3,2,0
SYN03262,1,9,5,4,55.56,5,5,100.0,0.45,1.15,2.19,1.0,0.0,0,0,1
SYN03263,1,10,8,2,80.0,5,3,60.0,1.34,3.33,0.0,1.0,1.0,2,1,1
SYN03264,7,8,6,2,75.0,5,3,60.0,0.07,0.35,0.0,0.0,0.0,2,1,1
SYN03265,6,9,4,5,44.44,6,3,50.0,1.82,2.26,0.83,0.5,0.0,7,1,1
SYN03266,4,9,6,3,66.67,6,6,100.0,0.7,1.04,2.29,1.0,0.0,0,0,1
SYN03267,3,9,9,0,100.0,6,5,83.33,0.19,0.57,3.16,1.0,0.0,2,1,0
SYN03268,7,5,2,3,40.0,4,0,0.0,3.75,3.75,0.69,1.0,0.31,1,2,1
SYN03269,9,11,7,4,63.64,9,1,11.11,0.96,1.29,3.37,1.0,0.0,1,2,0
SYN03270,8,5,3,2,60.0,3,1,33.33,0.55,1.11,0.55,0.0,0.0,7,3,0
SYN03271,8,7,4,3,57.14,6,4,66.67,0.56,2.48,0.98,0.0,0.0,6,0,1
SYN03272,1,9,2,7,22.22,7,4,57.14,0.3,1.26,0.0,1.0,1.0,7,0,0
SYN03273,6,7,7,0,100.0,3,2,66.67,0.48,0.94,1.04,0.5,0.0,6,0,1
SYN03274,3,5,2,3,40.0,3,2,66.67,0.5,2.25,4.08,3.0,0.0,6,3,1
SYN03275,3,11,9,2,81.82,5,5,100.0,0.06,0.79,0.17,1.0,0.83,4,3,1
SYN03276,8,4,2,2,50.0,2,2,100.0,1.12,1.93,0.0,1.0,1.0,4,2,1
SYN03277,3,5,2,3,40.0,3,2,66.67,0.02,1.37,1.18,1.0,0.0,2,2,0
SYN03278,7,11,10,1,90.91,7,7,100.0,0.36,1.04,1.74,2.0,0.26,0,3,1
SYN03279,1,9,8,1,88.89,4,1,25.0,0.86,1.62,1.61,0.0,0.0,6,1,1
SYN03280,7,4,3,1,75.0,2,1,50.0,1.88,2.4,1.35,2.0,0.65,3,3,0
SYN03281,4,10,8,2,80.0,4,3,75.0,0.23,0.78,0.0,0.0,0.0,5,4,1
SYN03282,1,11,6,5,54.55,7,6,85.71,1.38,1.78,0.0,1.0,1.0,7,1,1
SYN03283,2,4,2,2,50.0,3,1,33.33,2.03,2.5,0.24,1.0,0.76,3,2,0
SYN03284,4,7,3,4,42.86,6,3,50.0,2.41,2.84,4.2,1.0,0.0,1,1,0
SYN03285,6,7,6,1,85.71,4,3,75.0,3.73,4.68,0.1,2.0,1.9,3,1,0
SYN03286,8,5,2,3,40.0,3,2,66.67,0.15,1.03,0.4,2.0,1.6,7,1,0
SYN03287,8,5,5,0,100.0,4,4,100.0,0.01,0.39,0.93,1.0,0.07,0,1,1
SYN03288,8,5,3,2,60.0,2,2,100.0,2.79,4.18,2.87,0.5,0.0,2,1,1
SYN03289,1,5,3,2,60.0,4,3,75.0,0.37,1.74,2.89,2.0,0.0,0,1,1
SYN03290,8,7,6,1,85.71,5,4,80.0,4.86,5.0,2.86,1.0,0.0,6,4,0
SYN03291,9,7,4,3,57.14,4,2,50.0,1.23,1.72,0.54,1.0,0.46,1,1,1
SYN03292,6,5,3,2,60.0,2,1,50.0,3.2,4.02,0.0,1.0,1.0,2,0,1
SYN03293,4,6,4,2,66.67,2,2,100.0,0.89,3.24,0.46,1.0,0.54,1,4,1
SYN03294,8,5,4,1,80.0,3,2,66.67,2.13,3.1,1.85,2.0,0.15,0,4,0
SYN03295,1,10,4,6,40.0,6,5,83.33,0.43,0.45,1.01,1.0,0.0,7,4,1
SYN03296,1,5,3,2,60.0,4,4,100.0,1.14,1.63,2.74,3.0,0.26,3,0,1
SYN03297,1,11,7,4,63.64,7,6,85.71,1.35,3.32,2.71,2.0,0.0,6,2,1
SYN03298,7,8,7,1,87.5,5,5,100.0,0.02,0.86,0.15,1.0,0.85,4,1,1
SYN03299,1,10,6,4,60.0,5,5,100.0,0.29,0.79,0.0,0.5,0.5,0,1,1
SYN03300,1,9,9,0,100.0,5,4,80.0,3.93,3.96,0.0,0.0,0.0,1,4,1
SYN03301,6,6,3,3,50.0,3,2,66.67,1.84,1.85,0.75,0.5,0.0,0,0,1
SYN03302,6,8,4,4,50.0,5,4,80.0,0.45,1.49,1.13,1.0,0.0,1,3,1
SYN03303,3,6,3,3,50.0,4,3,75.0,0.24,0.94,1.31,0.0,0.0,4,3,0
SYN03304,8,4,1,3,25.0,3,2,66.67,0.07,0.53,3.86,2.0,0.0,0,0,0
SYN03305,5,6,2,4,33.33,3,3,100.0,0.93,1.62,0.0,1.0,1.0,3,4,0
SYN03306,6,6,3,3,50.0,3,1,33.33,0.02,0.33,0.03,0.0,0.0,0,1,0
SYN03307,7,5,4,1,80.0,4,4,100.0,0.0,0.46,0.75,1.0,0.25,6,2,1
SYN03308,7,4,2,2,50.0,3,3,100.0,1.52,2.92,0.16,2.0,1.84,2,2,0
SYN03309,4,11,5,6,45.45,8,6,75.0,0.29,2.7,0.37,1.0,0.63,7,4,1
SYN03310,6,8,7,1,87.5,5,4,80.0,0.16,0.97,4.88,3.0,0.0,2,4,1
SYN03311,2,7,7,0,100.0,5,3,60.0,0.36,4.57,2.24,3.0,0.76,3,1,1
SYN03312,6,11,10,1,90.91,5,3,60.0,0.32,2.68,2.04,3.0,0.96,3,2,0
SYN03313,8,5,2,3,40.0,3,3,100.0,0.33,0.34,1.94,2.0,0.06,1,3,0
SYN03314,7,7,3,4,42.86,5,4,80.0,0.07,0.24,3.09,2.0,0.0,5,2,1
SYN03315,2,10,10,0,100.0,5,4,80.0,0.12,0.71,0.63,1.0,0.37,7,0,1
SYN03316,9,9,6,3,66.67,7,6,85.71,0.57,1.53,2.15,2.0,0.0,6,3,1
SYN03317,7,7,4,3,57.14,4,4,100.0,0.57,1.79,0.0,0.5,0.5,3,2,1
SYN03318,9,6,5,1,83.33,3,3,100.0,0.35,1.13,1.19,0.5,0.0,6,0,1
SYN03319,7,4,3,1,75.0,2,1,50.0,3.18,3.82,3.27,3.0,0.0,3,3,0
SYN03320,6,4,2,2,50.0,3,3,100.0,2.96,3.11,2.06,1.0,0.0,1,4,0
SYN03321,8,5,3,2,60.0,4,4,100.0,0.19,0.26,0.0,0.0,0.0,5,3,1
SYN03322,8,10,8,2,80.0,5,3,60.0,2.1,2.42,0.14,0.5,0.36,3,2,0
SYN03323,5,9,3,6,33.33,4,4,100.0,1.98,2.93,2.16,1.0,0.0,2,3,0
SYN03324,6,7,4,3,57.14,3,1,33.33,1.39,1.53,1.33,2.0,0.67,0,1,0
SYN03325,9,10,3,7,30.0,5,3,60.0,2.26,2.62,3.06,3.0,0.0,1,0,0
SYN03326,8,5,2,3,40.0,3,1,33.33,0.64,3.05,0.0,0.0,0.0,3,2,0
SYN03327,2,5,2,3,40.0,2,2,100.0,0.73,1.35,0.0,0.0,0.0,5,1,1
SYN03328,9,7,5,2,71.43,3,3,100.0,1.91,2.15,1.4,0.0,0.0,3,2,1
SYN03329,5,11,6,5,54.55,5,3,60.0,1.43,1.82,0.29,2.0,1.71,1,3,1
SYN03330,2,8,4,4,50.0,5,5,100.0,0.29,1.84,0.94,1.0,0.06,3,4,1
SYN03331,7,10,6,4,60.0,7,7,100.0,0.08,1.74,2.3,2.0,0.0,0,2,1
SYN03332,9,5,2,3,40.0,3,2,66.67,0.28,0.8,2.13,1.0,0.0,3,3,0
SYN03333,8,10,7,3,70.0,6,4,66.67,0.02,0.42,0.0,0.0,0.0,3,4,1
SYN03334,2,4,4,0,100.0,3,3,100.0,0.79,2.09,2.16,1.0,0.0,5,4,1
SYN03335,6,5,3,2,60.0,3,1,33.33,0.94,1.76,0.93,1.0,0.07,0,3,0
SYN03336,2,8,4,4,50.0,6,4,66.67,1.32,2.98,2.14,2.0,0.0,5,4,1
SYN03337,6,4,3,1,75.0,3,3,100.0,0.25,1.32,1.1,1.0,0.0,6,2,1
SYN03338,5,10,1,9,10.0,4,2,50.0,2.31,2.79,3.79,3.0,0.0,6,3,0
SYN03339,9,10,7,3,70.0,7,6,85.71,2.39,5.0,0.65,0.0,0.0,7,2,1
SYN03340,1,8,8,0,100.0,5,4,80.0,0.48,0.66,1.66,3.0,1.34,5,3,0
SYN03341,4,6,3,3,50.0,4,2,50.0,2.59,2.76,0.76,0.5,0.0,7,3,0
SYN03342,8,4,2,2,50.0,2,1,50.0,0.92,1.84,1.65,1.0,0.0,2,0,1
SYN03343,5,8,6,2,75.0,5,5,100.0,2.15,2.31,1.75,0.0,0.0,1,0,0
SYN03344,5,8,8,0,100.0,6,5,83.33,1.77,3.22,0.0,1.0,1.0,0,4,1
SYN03345,7,10,8,2,80.0,5,4,80.0,0.01,2.3,1.15,0.5,0.0,7,1,1
SYN03346,3,8,0,8,0.0,3,3,100.0,0.71,1.11,0.08,0.5,0.42,0,0,0
SYN03347,3,5,4,1,80.0,3,2,66.67,0.49,0.93,1.23,1.0,0.0,0,0,1
SYN03348,4,4,4,0,100.0,2,1,50.0,0.25,0.46,0.71,2.0,1.29,5,0,0
SYN03349,4,10,8,2,80.0,7,7,100.0,0.11,0.3,1.98,2.0,0.02,2,1,1
SYN03350,3,5,2,3,40.0,3,2,66.67,3.49,4.34,2.38,2.0,0.0,4,3,1
SYN03351,7,11,7,4,63.64,8,7,87.5,0.76,0.81,0.84,2.0,1.16,0,4,1
SYN03352,4,4,1,3,25.0,2,1,50.0,0.39,3.58,6.74,5.0,0.0,3,0,0
SYN03353,4,9,8,1,88.89,5,4,80.0,2.05,2.58,0.0,0.0,0.0,6,2,0
SYN03354,2,11,4,7,36.36,5,2,40.0,0.16,1.47,5.65,5.0,0.0,4,3,0
SYN03355,9,7,4,3,57.14,3,2,66.67,3.16,3.57,0.0,1.0,1.0,1,4,0
SYN03356,2,4,2,2,50.0,3,1,33.33,0.43,2.28,0.69,1.0,0.31,1,4,0
SYN03357,6,11,5,6,45.45,5,2,40.0,0.04,3.22,1.58,1.0,0.0,5,4,1
SYN03358,9,5,5,0,100.0,2,1,50.0,0.21,1.35,0.86,0.0,0.0,5,3,1
SYN03359,7,8,5,3,62.5,6,0,0.0,0.15,0.43,0.37,0.5,0.13,6,4,1
SYN03360,9,11,5,6,45.45,7,2,28.57,2.99,5.0,0.71,1.0,0.29,0,3,0
SYN03361,2,9,3,6,33.33,4,3,75.0,1.81,2.59,2.68,2.0,0.0,3,3,0
SYN03362,5,4,1,3,25.0,3,2,66.67,0.26,0.62,4.14,3.0,0.0,0,4,1
SYN03363,9,10,3,7,30.0,6,2,33.33,0.28,1.67,1.66,0.0,0.0,6,0,0
SYN03364,1,5,3,2,60.0,4,3,75.0,2.17,2.4,0.0,1.0,1.0,2,0,0
SYN03365,9,9,8,1,88.89,6,2,33.33,0.05,0.07,1.76,2.0,0.24,2,1,1
SYN03366,1,8,4,4,50.0,3,3,100.0,0.82,1.73,0.0,1.0,1.0,4,4,0
SYN03367,7,6,6,0,100.0,3,2,66.67,0.92,4.09,0.0,1.0,1.0,1,3,1
SYN03368,8,7,3,4,42.86,4,2,50.0,0.01,0.53,0.16,1.0,0.84,6,2,1
SYN03369,2,4,2,2,50.0,3,2,66.67,1.1,2.02,3.04,2.0,0.0,3,1,0
SYN03370,8,11,4,7,36.36,7,7,100.0,0.03,0.79,0.0,0.5,0.5,4,0,0
SYN03371,5,5,4,1,80.0,3,1,33.33,1.4,1.48,0.0,0.0,0.0,5,1,1
SYN03372,6,6,6,0,100.0,4,3,75.0,0.65,1.17,0.36,0.0,0.0,5,4,1
SYN03373,1,8,1,7,12.5,4,3,75.0,0.49,1.18,0.2,1.0,0.8,0,4,0
SYN03374,1,9,5,4,55.56,4,2,50.0,0.57,2.24,0.0,1.0,1.0,0,4,0
SYN03375,1,8,7,1,87.5,4,1,25.0,2.55,3.47,0.1,1.0,0.9,6,3,0
SYN03376,4,8,2,6,25.0,4,2,50.0,0.38,1.31,2.86,3.0,0.14,7,2,1
SYN03377,3,8,6,2,75.0,5,4,80.0,0.05,1.43,1.56,1.0,0.0,2,0,0
SYN03378,6,10,9,1,90.0,8,4,50.0,5.0,5.0,0.25,0.5,0.25,0,2,0
SYN03379,3,7,4,3,57.14,3,2,66.67,0.09,0.2,0.54,0.0,0.0,5,3,1
SYN03380,5,10,7,3,70.0,7,6,85.71,0.22,0.94,6.11,5.0,0.0,7,2,1
SYN03381,9,10,10,0,100.0,5,2,40.0,0.19,0.35,2.34,1.0,0.0,0,3,1
SYN03382,9,11,11,0,100.0,8,5,62.5,0.87,1.02,2.21,2.0,0.0,0,2,1
SYN03383,7,11,6,5,54.55,4,1,25.0,0.27,1.24,1.64,3.0,1.36,3,4,0
SYN03384,6,10,5,5,50.0,7,5,71.43,0.71,0.75,3.51,5.0,1.49,4,0,0
SYN03385,7,5,2,3,40.0,2,1,50.0,1.31,1.55,1.62,3.0,1.38,3,3,0
SYN03386,7,10,8,2,80.0,5,4,80.0,0.37,1.09,0.0,1.0,1.0,3,1,0
SYN03387,7,9,2,7,22.22,6,2,33.33,1.08,1.3,1.12,1.0,0.0,3,0,0
SYN03388,4,6,3,3,50.0,3,2,66.67,1.63,3.76,7.26,5.0,0.0,7,1,0
SYN03389,4,9,6,3,66.67,5,1,20.0,0.17,0.52,2.25,2.0,0.0,2,3,0
SYN03390,6,6,3,3,50.0,3,2,66.67,1.51,2.38,1.9,2.0,0.1,0,0,0
SYN03391,9,8,5,3,62.5,6,6,100.0,0.06,1.81,4.15,3.0,0.0,4,3,1
SYN03392,7,10,10,0,100.0,5,3,60.0,0.58,1.09,1.01,2.0,0.99,3,1,1
SYN03393,6,5,3,2,60.0,3,1,33.33,0.22,2.42,3.25,2.0,0.0,2,2,1
SYN03394,9,6,3,3,50.0,4,2,50.0,0.11,0.52,2.16,1.0,0.0,7,0,1
SYN03395,2,10,9,1,90.0,7,1,14.29,0.3,0.41,1.07,1.0,0.0,1,3,1
SYN03396,7,7,5,2,71.43,4,1,25.0,0.76,1.06,3.01,0.5,0.0,1,4,1
SYN03397,7,11,11,0,100.0,7,6,85.71,1.02,1.32,3.34,2.0,0.0,1,2,1
SYN03398,3,4,3,1,75.0,2,0,0.0,1.32,1.44,5.05,5.0,0.0,7,1,1
SYN03399,5,9,5,4,55.56,6,4,66.67,2.77,4.22,2.83,3.0,0.17,7,4,1
SYN03400,5,10,2,8,20.0,6,4,66.67,0.8,1.29,0.0,0.5,0.5,7,4,0
SYN03401,6,11,2,9,18.18,8,4,50.0,0.55,1.28,1.84,2.0,0.16,1,4,0
SYN03402,9,5,1,4,20.0,4,3,75.0,3.28,4.23,0.0,0.0,0.0,0,3,0
SYN03403,3,11,8,3,72.73,5,2,40.0,0.33,1.33,0.62,1.0,0.38,3,1,1
SYN03404,4,7,2,5,28.57,3,3,100.0,0.27,2.34,2.74,3.0,0.26,3,0,0
SYN03405,6,6,5,1,83.33,3,1,33.33,0.78,2.86,3.57,5.0,1.43,2,2,1
SYN03406,1,6,4,2,66.67,4,2,50.0,0.43,2.72,1.32,2.0,0.68,4,2,1
SYN03407,1,9,5,4,55.56,5,3,60.0,0.07,0.51,0.08,2.0,1.92,4,0,1
SYN03408,4,9,4,5,44.44,6,5,83.33,0.19,1.22,1.5,1.0,0.0,5,0,1
SYN03409,8,7,5,2,71.43,4,3,75.0,1.06,3.33,2.1,2.0,0.0,2,1,0
SYN03410,4,4,2,2,50.0,3,0,0.0,1.38,3.26,0.35,0.5,0.15,0,1,0
SYN03411,6,11,4,7,36.36,6,4,66.67,0.74,3.46,1.06,0.0,0.0,2,1,0
SYN03412,7,5,4,1,80.0,2,0,0.0,0.01,2.92,0.96,2.0,1.04,1,2,0
SYN03413,6,4,3,1,75.0,2,1,50.0,0.33,1.63,0.0,0.0,0.0,7,2,1
SYN03414,6,8,4,4,50.0,5,3,60.0,0.8,3.71,0.22,2.0,1.78,6,0,0
SYN03415,6,7,5,2,71.43,4,2,50.0,0.35,1.03,2.23,1.0,0.0,7,0,1
SYN03416,5,8,5,3,62.5,4,3,75.0,0.64,0.7,0.73,0.0,0.0,6,0,1
SYN03417,9,11,8,3,72.73,6,5,83.33,0.28,0.46,2.1,0.5,0.0,1,3,1
SYN03418,4,4,2,2,50.0,3,1,33.33,1.14,1.75,1.9,0.0,0.0,3,4,1
SYN03419,1,6,6,0,100.0,5,2,40.0,0.37,0.4,0.0,0.5,0.5,5,0,1
SYN03420,8,8,4,4,50.0,4,3,75.0,0.7,0.92,1.15,2.0,0.85,0,4,1
SYN03421,5,10,10,0,100.0,5,1,20.0,0.33,0.8,0.0,1.0,1.0,7,1,1
SYN03422,9,8,4,4,50.0,5,3,60.0,0.15,1.58,0.0,1.0,1.0,6,4,1
SYN03423,7,7,6,1,85.71,4,4,100.0,0.01,0.52,1.61,2.0,0.39,7,0,1
SYN03424,6,8,6,2,75.0,6,1,16.67,1.62,2.28,0.0,2.0,2.0,2,4,0
SYN03425,6,11,10,1,90.91,6,3,50.0,1.16,3.79,0.71,2.0,1.29,2,1,1
SYN03426,4,7,3,4,42.86,5,2,40.0,0.46,2.27,0.9,1.0,0.1,5,3,1
SYN03427,7,11,10,1,90.91,8,8,100.0,3.14,4.09,3.07,2.0,0.0,6,0,1
SYN03428,3,10,10,0,100.0,7,3,42.86,1.66,3.83,0.0,0.5,0.5,2,2,1
SYN03429,9,6,3,3,50.0,3,2,66.67,0.93,2.27,1.15,1.0,0.0,2,4,1
SYN03430,6,5,3,2,60.0,3,1,33.33,0.55,0.59,3.24,1.0,0.0,2,0,0
SYN03431,5,10,5,5,50.0,6,4,66.67,0.72,3.46,0.0,2.0,2.0,4,2,1
SYN03432,3,5,3,2,60.0,3,2,66.67,0.98,1.31,2.3,1.0,0.0,0,4,1
SYN03433,8,6,6,0,100.0,5,2,40.0,0.39,1.22,5.46,5.0,0.0,4,4,1
SYN03434,5,5,2,3,40.0,3,3,100.0,0.94,2.45,1.52,0.0,0.0,1,2,0
SYN03435,5,8,3,5,37.5,5,4,80.0,0.14,0.59,2.16,1.0,0.0,5,0,1
SYN03436,2,6,6,0,100.0,3,3,100.0,2.35,2.98,0.0,0.5,0.5,5,4,1
SYN03437,7,9,7,2,77.78,4,2,50.0,0.74,0.79,2.0,2.0,0.0,7,0,1
SYN03438,1,11,11,0,100.0,7,5,71.43,0.1,0.32,0.0,1.0,1.0,2,2,1
SYN03439,5,10,5,5,50.0,7,4,57.14,2.6,2.73,1.37,2.0,0.63,0,4,0
SYN03440,8,11,7,4,63.64,7,7,100.0,0.48,0.92,1.04,1.0,0.0,1,0,1
SYN03441,5,4,2,2,50.0,2,1,50.0,0.1,0.25,0.36,0.0,0.0,1,2,0
SYN03442,2,7,4,3,57.14,3,2,66.67,0.04,2.98,2.95,2.0,0.0,0,3,1
SYN03443,9,5,1,4,20.0,3,2,66.67,2.56,3.42,3.9,2.0,0.0,4,0,0
SYN03444,1,11,8,3,72.73,7,4,57.14,0.23,0.24,1.48,2.0,0.52,5,2,1
SYN03445,7,9,6,3,66.67,6,4,66.67,0.58,1.64,2.37,1.0,0.0,2,0,1
SYN03446,1,6,4,2,66.67,4,4,100.0,0.35,1.45,2.32,2.0,0.0,2,3,1
SYN03447,7,8,4,4,50.0,6,3,50.0,0.24,0.74,0.43,2.0,1.57,4,4,0
SYN03448,9,8,3,5,37.5,6,4,66.67,0.97,1.07,2.82,3.0,0.18,1,1,0
SYN03449,5,7,5,2,71.43,4,3,75.0,0.31,0.92,0.14,0.0,0.0,6,1,1
SYN03450,1,7,2,5,28.57,5,4,80.0,0.73,2.26,2.0,3.0,1.0,1,0,1
SYN03451,1,4,3,1,75.0,3,1,33.33,0.95,3.55,1.75,3.0,1.25,5,2,0
SYN03452,3,7,7,0,100.0,5,2,40.0,2.05,2.08,0.0,1.0,1.0,5,0,0
SYN03453,4,6,6,0,100.0,3,1,33.33,0.05,0.12,1.35,2.0,0.65,6,4,1
SYN03454,8,10,2,8,20.0,7,5,71.43,0.59,0.82,0.0,1.0,1.0,4,0,0
SYN03455,1,10,5,5,50.0,6,2,33.33,0.15,0.75,1.98,0.5,0.0,1,3,0
SYN03456,5,10,7,3,70.0,7,4,57.14,0.96,1.59,0.0,2.0,2.0,0,1,0
SYN03457,7,4,2,2,50.0,3,1,33.33,1.31,1.59,0.13,0.0,0.0,0,3,1
SYN03458,6,10,3,7,30.0,8,4,50.0,0.22,1.47,0.63,0.0,0.0,1,0,0
SYN03459,8,7,5,2,71.43,3,1,33.33,0.65,1.2,0.84,2.0,1.16,6,2,0
SYN03460,7,7,4,3,57.14,3,3,100.0,1.24,3.56,4.72,5.0,0.28,0,0,1
SYN03461,1,11,11,0,100.0,8,6,75.0,0.32,1.97,0.0,0.0,0.0,3,3,1
SYN03462,8,10,5,5,50.0,7,5,71.43,0.92,1.31,0.0,0.0,0.0,3,0,0
SYN03463,5,4,4,0,100.0,3,2,66.67,0.76,2.62,0.8,0.0,0.0,5,2,1
SYN03464,5,6,2,4,33.33,3,0,0.0,1.85,1.94,0.69,0.0,0.0,0,2,0
SYN03465,9,9,3,6,33.33,7,4,57.14,0.82,1.02,2.28,3.0,0.72,0,0,0
SYN03466,7,8,6,2,75.0,5,2,40.0,0.34,1.03,0.0,1.0,1.0,6,0,1
SYN03467,1,6,5,1,83.33,3,2,66.67,0.34,5.0,2.2,2.0,0.0,5,2,1
SYN03468,3,8,3,5,37.5,4,3,75.0,1.54,2.3,0.21,1.0,0.79,4,1,1
SYN03469,4,10,6,4,60.0,7,5,71.43,2.27,4.36,4.37,5.0,0.63,0,4,0
SYN03470,9,5,1,4,20.0,2,2,100.0,0.23,1.62,1.27,1.0,0.0,5,3,1
SYN03471,2,9,5,4,55.56,6,3,50.0,3.12,4.36,2.48,3.0,0.52,6,1,0
SYN03472,5,9,7,2,77.78,6,3,50.0,0.41,1.1,2.37,2.0,0.0,6,1,0
SYN03473,5,11,5,6,45.45,6,6,100.0,0.35,0.45,6.02,3.0,0.0,0,2,1
SYN03474,2,6,3,3,50.0,3,2,66.67,0.25,1.31,1.82,1.0,0.0,4,4,1
SYN03475,5,5,2,3,40.0,4,2,50.0,0.51,2.12,4.61,3.0,0.0,0,2,0
SYN03476,3,8,4,4,50.0,6,6,100.0,0.77,1.13,1.61,1.0,0.0,2,2,1
SYN03477,4,8,8,0,100.0,6,5,83.33,3.51,3.75,2.09,2.0,0.0,2,3,0
SYN03478,8,7,4,3,57.14,5,3,60.0,1.0,4.56,2.63,2.0,0.0,1,1,0
SYN03479,8,10,3,7,30.0,6,3,50.0,0.14,0.48,1.57,1.0,0.0,1,3,1
SYN03480,1,10,5,5,50.0,8,8,100.0,1.39,2.02,2.04,1.0,0.0,7,1,1
SYN03481,4,5,1,4,20.0,3,2,66.67,0.17,0.48,0.57,0.5,0.0,7,2,1
SYN03482,1,10,3,7,30.0,6,4,66.67,1.21,2.54,1.43,3.0,1.57,4,3,0
SYN03483,1,5,5,0,100.0,3,3,100.0,0.34,1.25,0.0,1.0,1.0,3,0,1
SYN03484,1,7,4,3,57.14,4,4,100.0,0.42,0.58,1.05,0.5,0.0,7,3,1
SYN03485,8,4,4,0,100.0,3,2,66.67,0.51,1.97,0.65,2.0,1.35,3,1,1
SYN03486,5,6,3,3,50.0,3,3,100.0,1.41,2.87,2.82,2.0,0.0,3,0,1
SYN03487,2,11,7,4,63.64,8,6,75.0,0.55,1.14,1.61,0.0,0.0,0,1,0
SYN03488,5,7,5,2,71.43,5,4,80.0,3.45,4.41,0.74,1.0,0.26,1,3,1
SYN03489,7,9,0,9,0.0,5,2,40.0,0.41,1.95,2.45,1.0,0.0,3,3,0
SYN03490,3,4,3,1,75.0,2,2,100.0,0.11,0.57,2.31,2.0,0.0,2,1,1
SYN03491,4,9,5,4,55.56,6,2,33.33,2.64,5.0,1.03,1.0,0.0,0,1,0
SYN03492,2,6,6,0,100.0,2,1,50.0,2.31,2.67,1.09,1.0,0.0,5,4,1
SYN03493,2,9,8,1,88.89,6,2,33.33,0.44,2.91,1.0,2.0,1.0,5,1,1
SYN03494,2,11,3,8,27.27,7,4,57.14,0.08,2.42,0.0,0.5,0.5,0,1,1
SYN03495,1,8,7,1,87.5,5,2,40.0,0.23,4.34,1.03,3.0,1.97,7,2,0
SYN03496,8,4,2,2,50.0,3,2,66.67,0.85,0.89,1.12,2.0,0.88,2,3,1
SYN03497,8,7,3,4,42.86,4,3,75.0,0.47,2.94,5.57,3.0,0.0,2,2,0
SYN03498,5,4,3,1,75.0,2,1,50.0,2.96,4.68,0.0,1.0,1.0,1,2,0
SYN03499,2,7,4,3,57.14,4,3,75.0,1.18,1.89,0.0,0.5,0.5,6,3,1
SYN03500,1,4,4,0,100.0,2,2,100.0,0.48,1.36,0.03,1.0,0.97,7,4,0
SYN03501,9,9,6,3,66.67,7,2,28.57,0.03,0.21,0.0,0.5,0.5,7,3,1
SYN03502,4,6,4,2,66.67,3,1,33.33,5.0,5.0,1.32,1.0,0.0,0,2,0
SYN03503,5,5,4,1,80.0,3,3,100.0,0.57,2.68,0.27,1.0,0.73,7,3,1
SYN03504,5,4,3,1,75.0,2,1,50.0,1.78,2.47,0.76,1.0,0.24,0,3,0
SYN03505,7,11,9,2,81.82,6,4,66.67,0.28,3.85,0.0,1.0,1.0,5,1,1
SYN03506,4,10,10,0,100.0,5,5,100.0,0.07,0.16,0.43,1.0,0.57,5,3,1
SYN03507,6,10,8,2,80.0,7,3,42.86,0.19,0.38,0.43,0.5,0.07,6,3,1
SYN03508,7,4,3,1,75.0,2,1,50.0,1.76,1.82,1.84,2.0,0.16,4,1,1
SYN03509,9,6,5,1,83.33,4,2,50.0,0.13,4.08,3.38,1.0,0.0,2,1,1
SYN03510,7,11,6,5,54.55,6,3,50.0,2.68,2.9,1.97,2.0,0.03,5,3,1
SYN03511,3,8,5,3,62.5,5,5,100.0,1.72,2.63,1.75,2.0,0.25,4,0,1
SYN03512,2,5,5,0,100.0,2,0,0.0,0.9,1.94,0.0,2.0,2.0,1,1,0
SYN03513,4,5,5,0,100.0,3,1,33.33,0.23,3.03,3.29,3.0,0.0,5,3,1
SYN03514,8,6,4,2,66.67,5,1,20.0,0.15,1.29,2.63,5.0,2.37,5,2,0
SYN03515,8,11,5,6,45.45,5,5,100.0,0.32,2.3,0.66,0.0,0.0,1,0,0
SYN03516,5,5,5,0,100.0,4,2,50.0,1.02,1.06,1.17,1.0,0.0,5,0,1
SYN03517,2,11,9,2,81.82,6,3,50.0,0.59,1.98,2.96,2.0,0.0,2,0,0
SYN03518,6,9,6,3,66.67,6,1,16.67,0.67,1.4,1.24,2.0,0.76,4,2,0
SYN03519,6,11,6,5,54.55,7,4,57.14,1.52,2.17,0.03,0.0,0.0,2,0,0
SYN03520,2,10,7,3,70.0,5,4,80.0,0.43,1.5,5.81,5.0,0.0,5,3,1
SYN03521,9,6,4,2,66.67,3,2,66.67,0.86,0.86,1.88,3.0,1.12,0,3,0
SYN03522,9,10,4,6,40.0,4,2,50.0,0.27,0.38,3.73,3.0,0.0,1,2,0
SYN03523,9,5,3,2,60.0,3,1,33.33,0.51,0.73,1.18,0.5,0.0,3,1,1
SYN03524,5,6,4,2,66.67,3,2,66.67,0.03,3.48,0.84,1.0,0.16,5,0,1
SYN03525,8,5,3,2,60.0,4,3,75.0,0.03,0.26,2.89,1.0,0.0,6,4,1
SYN03526,1,5,4,1,80.0,3,1,33.33,0.11,3.1,1.62,1.0,0.0,1,3,1
SYN03527,1,4,4,0,100.0,3,3,100.0,0.22,0.49,0.0,0.5,0.5,5,1,1
SYN03528,1,5,4,1,80.0,2,2,100.0,0.06,1.55,1.19,0.0,0.0,7,1,1
SYN03529,6,4,2,2,50.0,3,2,66.67,1.09,1.22,2.21,3.0,0.79,5,1,1
SYN03530,4,7,6,1,85.71,4,3,75.0,1.96,2.08,1.96,1.0,0.0,0,1,1
SYN03531,7,4,2,2,50.0,2,1,50.0,0.02,0.48,2.35,2.0,0.0,4,2,0
SYN03532,2,4,1,3,25.0,2,2,100.0,2.0,3.64,0.0,1.0,1.0,3,1,0
SYN03533,3,11,8,3,72.73,7,7,100.0,0.01,1.64,3.73,3.0,0.0,0,3,1
SYN03534,4,4,3,1,75.0,2,1,50.0,0.2,0.76,2.73,3.0,0.27,3,0,1
SYN03535,7,4,4,0,100.0,3,3,100.0,2.51,2.53,1.45,2.0,0.55,0,3,1
SYN03536,3,4,4,0,100.0,3,3,100.0,0.6,1.54,0.49,1.0,0.51,0,0,1
SYN03537,9,5,4,1,80.0,3,1,33.33,0.01,0.3,1.45,0.5,0.0,1,1,0
SYN03538,3,8,5,3,62.5,3,1,33.33,1.55,3.78,0.0,1.0,1.0,1,4,0
SYN03539,6,10,6,4,60.0,5,2,40.0,0.48,0.49,3.34,2.0,0.0,7,3,1
SYN03540,3,9,3,6,33.33,4,2,50.0,1.05,1.21,3.18,5.0,1.82,1,4,1
SYN03541,5,8,1,7,12.5,5,3,60.0,1.34,1.53,0.35,0.0,0.0,6,2,0
SYN03542,6,4,2,2,50.0,3,2,66.67,0.38,1.16,1.93,1.0,0.0,1,0,1
SYN03543,7,10,6,4,60.0,5,4,80.0,4.51,4.7,1.9,1.0,0.0,4,4,1
SYN03544,9,4,0,4,0.0,2,0,0.0,0.18,0.41,1.22,1.0,0.0,2,3,0
SYN03545,3,9,4,5,44.44,6,2,33.33,3.45,5.0,1.75,2.0,0.25,3,2,0
SYN03546,8,7,4,3,57.14,4,3,75.0,1.59,1.76,0.34,1.0,0.66,4,3,0
SYN03547,7,11,6,5,54.55,7,6,85.71,0.14,1.79,1.53,3.0,1.47,7,1,1
SYN03548,7,6,3,3,50.0,5,2,40.0,0.01,0.81,0.0,0.5,0.5,5,3,1
SYN03549,5,9,5,4,55.56,5,4,80.0,0.26,0.48,0.0,1.0,1.0,0,3,1
SYN03550,3,7,7,0,100.0,4,4,100.0,0.14,0.55,0.0,1.0,1.0,7,0,1
SYN03551,6,8,6,2,75.0,6,4,66.67,0.05,0.09,4.16,2.0,0.0,0,0,1
SYN03552,4,11,5,6,45.45,7,3,42.86,1.35,1.36,0.0,2.0,2.0,3,4,0
SYN03553,5,9,5,4,55.56,6,5,83.33,1.54,1.65,4.35,3.0,0.0,4,3,1
SYN03554,2,7,4,3,57.14,5,5,100.0,0.07,0.12,0.0,1.0,1.0,4,1,1
SYN03555,4,7,3,4,42.86,4,2,50.0,0.14,0.83,0.0,0.5,0.5,4,2,0
SYN03556,6,9,4,5,44.44,6,4,66.67,1.99,2.84,0.75,2.0,1.25,5,0,0
SYN03557,1,6,5,1,83.33,4,4,100.0,0.66,1.1,3.67,5.0,1.33,7,0,1
SYN03558,4,5,2,3,40.0,3,2,66.67,2.2,2.39,2.11,1.0,0.0,1,0,0
SYN03559,6,7,2,5,28.57,5,1,20.0,0.09,0.66,1.21,0.5,0.0,6,0,0
SYN03560,5,4,2,2,50.0,2,2,100.0,2.47,3.17,0.0,0.0,0.0,0,0,0
SYN03561,9,5,3,2,60.0,4,2,50.0,0.44,4.22,5.25,2.0,0.0,7,0,1
SYN03562,9,7,1,6,14.29,3,1,33.33,0.59,1.06,0.98,1.0,0.02,3,4,0
SYN03563,4,10,6,4,60.0,5,1,20.0,0.45,1.2,0.07,0.0,0.0,5,0,0
SYN03564,9,10,8,2,80.0,5,5,100.0,0.01,0.7,0.0,0.5,0.5,2,0,1
SYN03565,6,6,4,2,66.67,3,1,33.33,0.14,0.46,1.03,2.0,0.97,7,2,0
SYN03566,3,7,7,0,100.0,5,4,80.0,0.42,1.98,0.36,1.0,0.64,4,3,0
SYN03567,7,5,5,0,100.0,2,2,100.0,0.31,3.23,1.52,0.5,0.0,5,3,1
SYN03568,2,10,10,0,100.0,7,5,71.43,1.32,4.18,2.69,2.0,0.0,1,0,0
SYN03569,6,5,5,0,100.0,3,2,66.67,0.21,0.22,1.55,0.0,0.0,4,0,1
SYN03570,9,10,8,2,80.0,5,4,80.0,2.05,3.03,0.0,0.0,0.0,6,0,1
SYN03571,9,10,6,4,60.0,5,3,60.0,0.07,0.56,1.71,1.0,0.0,4,0,1
SYN03572,1,9,8,1,88.89,5,2,40.0,0.42,2.38,1.37,1.0,0.0,1,0,1
SYN03573,9,6,3,3,50.0,4,2,50.0,1.61,2.14,0.52,0.0,0.0,7,4,0
SYN03574,4,11,7,4,63.64,6,4,66.67,0.14,0.68,0.0,0.0,0.0,1,2,0
SYN03575,8,9,4,5,44.44,4,2,50.0,2.45,3.2,0.0,0.5,0.5,0,1,0
SYN03576,5,9,6,3,66.67,5,4,80.0,0.75,1.79,2.65,2.0,0.0,5,0,1
SYN03577,4,10,4,6,40.0,4,4,100.0,1.97,3.95,3.05,2.0,0.0,4,4,0
SYN03578,5,11,5,6,45.45,5,4,80.0,0.55,2.37,0.0,0.5,0.5,3,3,1
SYN03579,2,4,3,1,75.0,3,1,33.33,0.79,2.87,2.73,2.0,0.0,3,0,0
SYN03580,7,11,6,5,54.55,5,0,0.0,0.85,1.58,1.94,0.5,0.0,0,2,0
SYN03581,4,10,1,9,10.0,4,2,50.0,0.75,0.88,2.57,3.0,0.43,5,4,0
SYN03582,3,5,1,4,20.0,4,1,25.0,0.53,1.37,0.0,1.0,1.0,1,1,0
SYN03583,5,6,2,4,33.33,4,2,50.0,1.37,3.44,0.0,0.0,0.0,4,3,0
SYN03584,3,10,4,6,40.0,6,4,66.67,1.98,3.61,0.19,1.0,0.81,7,1,0
SYN03585,1,5,4,1,80.0,3,2,66.67,0.79,1.5,0.0,0.5,0.5,3,0,1
SYN03586,7,7,5,2,71.43,5,5,100.0,1.92,2.68,0.46,0.5,0.04,4,1,1
SYN03587,8,9,8,1,88.89,4,3,75.0,0.74,1.79,0.98,1.0,0.02,5,1,0
SYN03588,8,9,7,2,77.78,4,4,100.0,2.0,2.76,1.67,2.0,0.33,4,0,0
SYN03589,8,11,10,1,90.91,8,7,87.5,0.39,1.68,0.82,0.0,0.0,4,1,1
SYN03590,1,4,3,1,75.0,3,3,100.0,0.42,1.3,0.09,1.0,0.91,3,4,1
SYN03591,6,6,4,2,66.67,5,3,60.0,0.67,1.09,4.52,3.0,0.0,1,0,0
SYN03592,2,11,10,1,90.91,6,2,33.33,0.05,0.97,2.13,1.0,0.0,5,0,1
SYN03593,6,8,7,1,87.5,6,3,50.0,2.33,2.88,1.54,0.5,0.0,5,1,1
SYN03594,9,5,3,2,60.0,3,2,66.67,1.07,2.91,0.21,1.0,0.79,3,4,0
SYN03595,4,6,6,0,100.0,4,2,50.0,0.68,1.57,0.0,0.0,0.0,0,3,1
SYN03596,5,6,0,6,0.0,5,2,40.0,0.03,0.26,2.87,2.0,0.0,0,2,0
SYN03597,9,8,4,4,50.0,4,3,75.0,1.02,5.0,0.26,0.5,0.24,6,3,0
SYN03598,6,6,3,3,50.0,3,1,33.33,0.01,0.75,0.0,0.0,0.0,0,0,1
SYN03599,4,8,7,1,87.5,5,1,20.0,0.12,0.65,1.11,2.0,0.89,7,1,1
SYN03600,9,7,7,0,100.0,5,2,40.0,0.83,0.83,1.17,2.0,0.83,0,4,1
SYN03601,2,8,2,6,25.0,3,2,66.67,0.13,0.33,0.61,2.0,1.39,0,3,0
SYN03602,5,5,5,0,100.0,4,1,25.0,0.29,0.56,3.94,0.5,0.0,1,2,1
SYN03603,9,8,2,6,25.0,4,2,50.0,1.42,1.55,0.0,1.0,1.0,2,1,0
SYN03604,7,11,3,8,27.27,6,5,83.33,5.0,5.0,3.82,5.0,1.18,2,1,0
SYN03605,8,5,3,2,60.0,3,2,66.67,0.99,2.27,1.72,1.0,0.0,1,0,1
SYN03606,3,6,3,3,50.0,5,2,40.0,1.64,2.4,2.18,3.0,0.82,0,4,0
SYN03607,3,9,2,7,22.22,4,1,25.0,0.33,1.08,1.58,2.0,0.42,6,0,0
SYN03608,5,8,6,2,75.0,5,2,40.0,0.39,0.83,2.47,2.0,0.0,7,4,1
SYN03609,6,9,7,2,77.78,4,3,75.0,1.9,2.35,1.74,0.5,0.0,0,1,1
SYN03610,6,8,7,1,87.5,6,5,83.33,1.1,3.46,2.67,3.0,0.33,4,4,1
SYN03611,6,9,4,5,44.44,6,4,66.67,2.64,2.8,4.11,3.0,0.0,4,0,0
SYN03612,2,8,5,3,62.5,4,4,100.0,0.46,2.78,0.0,2.0,2.0,5,2,1
SYN03613,8,4,2,2,50.0,2,2,100.0,0.53,1.7,2.27,3.0,0.73,3,0,1
SYN03614,8,10,10,0,100.0,6,3,50.0,1.25,2.06,2.59,2.0,0.0,1,0,1
SYN03615,5,7,0,7,0.0,4,4,100.0,0.56,0.81,3.37,1.0,0.0,6,1,0
SYN03616,2,4,1,3,25.0,3,2,66.67,0.1,0.91,0.84,2.0,1.16,5,3,1
SYN03617,4,7,4,3,57.14,4,4,100.0,2.42,3.33,0.63,2.0,1.37,5,4,0
SYN03618,4,7,2,5,28.57,4,3,75.0,1.54,1.87,2.41,2.0,0.0,1,0,0
SYN03619,6,4,2,2,50.0,3,0,0.0,0.06,0.42,1.06,1.0,0.0,4,3,1
SYN03620,4,11,6,5,54.55,6,2,33.33,0.98,1.04,0.14,1.0,0.86,7,4,1
SYN03621,9,5,2,3,40.0,2,1,50.0,0.8,1.3,1.54,3.0,1.46,4,4,0
SYN03622,6,6,4,2,66.67,3,0,0.0,2.21,2.31,0.0,0.0,0.0,7,1,0
SYN03623,1,7,5,2,71.43,4,4,100.0,0.48,0.87,2.63,2.0,0.0,6,0,1
SYN03624,3,10,5,5,50.0,6,6,100.0,0.13,2.23,0.6,1.0,0.4,3,4,1
SYN03625,6,9,4,5,44.44,4,2,50.0,1.08,2.25,3.41,2.0,0.0,3,4,0
SYN03626,2,10,6,4,60.0,6,5,83.33,0.73,4.15,0.34,0.5,0.16,2,1,1
SYN03627,1,5,3,2,60.0,3,3,100.0,0.43,3.0,1.72,1.0,0.0,3,0,1
SYN03628,5,10,2,8,20.0,7,5,71.43,5.0,5.0,0.33,0.0,0.0,1,2,0
SYN03629,3,10,7,3,70.0,4,3,75.0,0.98,1.92,1.52,2.0,0.48,0,1,0
SYN03630,1,7,3,4,42.86,4,2,50.0,0.44,1.88,3.0,2.0,0.0,5,2,0
SYN03631,7,8,7,1,87.5,3,2,66.67,0.26,1.64,0.54,2.0,1.46,2,0,1
SYN03632,7,4,3,1,75.0,2,2,100.0,2.4,2.52,0.34,1.0,0.66,7,4,1
SYN03633,7,10,9,1,90.0,4,3,75.0,0.07,1.83,0.5,1.0,0.5,2,2,1
SYN03634,1,11,4,7,36.36,6,5,83.33,1.95,2.38,2.46,2.0,0.0,5,0,0
SYN03635,8,7,4,3,57.14,5,3,60.0,0.13,0.66,3.76,3.0,0.0,4,1,1
SYN03636,1,8,2,6,25.0,4,1,25.0,0.08,0.53,1.02,2.0,0.98,2,3,0
SYN03637,5,7,3,4,42.86,5,5,100.0,0.55,0.77,0.0,0.0,0.0,5,3,1
SYN03638,9,4,4,0,100.0,3,1,33.33,0.99,1.82,1.09,1.0,0.0,3,0,0
SYN03639,8,8,8,0,100.0,5,4,80.0,2.91,3.52,0.15,2.0,1.85,7,3,1
SYN03640,9,9,3,6,33.33,6,5,83.33,0.22,1.04,2.21,1.0,0.0,3,4,1
SYN03641,5,11,5,6,45.45,6,2,33.33,0.01,0.53,0.73,1.0,0.27,2,1,0
SYN03642,4,11,6,5,54.55,8,4,50.0,0.04,0.79,1.6,3.0,1.4,0,3,0
SYN03643,2,7,5,2,71.43,5,5,100.0,0.42,0.86,1.57,3.0,1.43,4,3,1
SYN03644,9,11,2,9,18.18,8,5,62.5,0.42,0.54,0.38,0.0,0.0,4,4,0
SYN03645,5,8,2,6,25.0,4,1,25.0,0.59,2.03,1.34,1.0,0.0,6,0,0
SYN03646,6,9,7,2,77.78,6,5,83.33,0.13,0.5,1.08,2.0,0.92,1,4,1
SYN03647,2,8,1,7,12.5,4,2,50.0,1.81,2.53,2.86,3.0,0.14,2,0,0
SYN03648,3,11,5,6,45.45,7,1,14.29,0.55,0.8,0.0,1.0,1.0,1,2,1
SYN03649,5,9,6,3,66.67,4,3,75.0,0.08,0.37,0.0,0.0,0.0,4,0,1
SYN03650,8,4,3,1,75.0,2,1,50.0,1.86,2.02,2.77,1.0,0.0,2,0,1
SYN03651,5,4,2,2,50.0,3,2,66.67,0.43,1.47,3.56,1.0,0.0,3,1,1
SYN03652,2,7,4,3,57.14,5,2,40.0,0.89,3.29,0.75,1.0,0.25,7,0,1
SYN03653,3,8,6,2,75.0,3,3,100.0,2.51,5.0,3.52,3.0,0.0,3,0,1
SYN03654,6,9,6,3,66.67,6,4,66.67,0.71,2.62,1.47,1.0,0.0,7,1,1
SYN03655,5,7,3,4,42.86,5,0,0.0,0.01,0.41,0.0,0.0,0.0,0,0,0
SYN03656,2,8,5,3,62.5,6,5,83.33,0.01,0.61,0.0,0.0,0.0,3,1,1
SYN03657,6,11,8,3,72.73,7,4,57.14,5.0,5.0,0.0,0.5,0.5,0,1,0
SYN03658,7,6,6,0,100.0,3,3,100.0,0.54,0.83,0.54,0.0,0.0,4,2,1
SYN03659,4,7,6,1,85.71,3,2,66.67,0.41,2.07,3.33,1.0,0.0,2,4,1
SYN03660,9,8,7,1,87.5,5,4,80.0,0.05,0.61,1.28,0.0,0.0,1,0,1
SYN03661,3,7,3,4,42.86,3,1,33.33,0.61,2.33,1.05,1.0,0.0,7,4,1
SYN03662,4,11,5,6,45.45,8,3,37.5,1.1,1.73,0.88,1.0,0.12,5,2,0
SYN03663,9,11,6,5,54.55,8,5,62.5,3.85,4.06,0.58,1.0,0.42,1,4,1
SYN03664,1,8,5,3,62.5,6,3,50.0,0.02,0.91,6.27,5.0,0.0,5,2,1
SYN03665,8,7,2,5,28.57,4,4,100.0,0.91,1.93,5.26,5.0,0.0,0,0,0
SYN03666,2,8,7,1,87.5,5,3,60.0,0.6,1.84,1.07,1.0,0.0,4,1,1
SYN03667,2,5,4,1,80.0,3,1,33.33,0.22,0.7,0.0,1.0,1.0,4,0,0
SYN03668,2,7,4,3,57.14,3,1,33.33,0.34,0.81,2.72,2.0,0.0,1,4,1
SYN03669,5,5,4,1,80.0,3,3,100.0,1.45,2.41,0.82,1.0,0.18,7,2,1
SYN03670,2,5,3,2,60.0,2,1,50.0,1.01,2.08,2.48,2.0,0.0,0,4,0
SYN03671,4,4,3,1,75.0,2,1,50.0,0.23,1.97,3.2,2.0,0.0,0,3,1
SYN03672,2,8,2,6,25.0,6,6,100.0,0.61,3.95,0.0,0.5,0.5,3,4,1
SYN03673,9,4,2,2,50.0,3,1,33.33,0.17,0.19,0.65,1.0,0.35,5,1,0
SYN03674,6,9,5,4,55.56,5,0,0.0,1.15,2.94,2.47,3.0,0.53,4,1,0
SYN03675,7,7,5,2,71.43,4,2,50.0,0.16,2.37,0.37,1.0,0.63,0,3,1
SYN03676,1,6,3,3,50.0,3,2,66.67,0.98,1.85,0.66,2.0,1.34,0,4,0
SYN03677,6,10,0,10,0.0,5,3,60.0,0.53,1.21,1.13,2.0,0.87,1,4,1
SYN03678,7,8,3,5,37.5,3,1,33.33,0.75,1.34,0.0,1.0,1.0,7,4,0
SYN03679,2,9,5,4,55.56,6,6,100.0,1.57,4.54,1.99,1.0,0.0,7,1,0
SYN03680,9,9,6,3,66.67,6,4,66.67,1.16,1.31,1.45,1.0,0.0,0,3,0
SYN03681,2,4,4,0,100.0,3,2,66.67,0.61,1.34,0.37,0.0,0.0,5,4,1
SYN03682,9,5,4,1,80.0,4,3,75.0,0.01,3.79,0.0,1.0,1.0,6,1,1
SYN03683,9,8,5,3,62.5,4,1,25.0,1.08,1.44,2.34,0.0,0.0,4,0,1
SYN03684,3,11,7,4,63.64,8,6,75.0,1.66,2.6,2.51,3.0,0.49,1,2,0
SYN03685,5,5,4,1,80.0,2,2,100.0,2.16,4.82,4.09,2.0,0.0,1,2,1
SYN03686,2,4,2,2,50.0,2,2,100.0,0.78,1.72,1.4,0.5,0.0,5,3,1
SYN03687,1,11,6,5,54.55,7,6,85.71,0.05,0.58,1.72,2.0,0.28,4,0,1
SYN03688,5,11,4,7,36.36,5,4,80.0,0.49,2.02,4.45,2.0,0.0,1,2,1
SYN03689,5,5,5,0,100.0,2,0,0.0,0.19,0.29,2.68,2.0,0.0,0,2,1
SYN03690,2,7,5,2,71.43,4,3,75.0,0.16,0.4,0.73,1.0,0.27,3,2,1
SYN03691,6,9,4,5,44.44,4,2,50.0,1.68,2.35,0.53,1.0,0.47,3,0,0
SYN03692,9,5,3,2,60.0,4,4,100.0,0.02,0.09,2.24,1.0,0.0,7,0,1
SYN03693,3,6,4,2,66.67,3,3,100.0,0.28,0.5,0.36,1.0,0.64,5,2,1
SYN03694,7,7,4,3,57.14,4,2,50.0,0.13,0.22,0.55,1.0,0.45,3,1,1
SYN03695,4,9,4,5,44.44,7,4,57.14,1.41,1.62,0.0,0.5,0.5,4,0,0
SYN03696,4,6,3,3,50.0,4,3,75.0,3.01,3.55,2.09,3.0,0.91,4,4,1
SYN03697,3,7,5,2,71.43,4,4,100.0,0.34,0.96,4.17,5.0,0.83,5,2,1
SYN03698,9,6,3,3,50.0,5,1,20.0,0.46,3.04,3.13,1.0,0.0,4,2,0
SYN03699,4,10,5,5,50.0,5,0,0.0,0.19,2.09,2.21,1.0,0.0,0,3,0
SYN03700,9,5,1,4,20.0,2,1,50.0,1.42,1.7,0.78,0.5,0.0,4,3,1
SYN03701,9,5,3,2,60.0,3,0,0.0,1.65,2.1,2.34,3.0,0.66,6,1,0
SYN03702,2,5,3,2,60.0,3,2,66.67,0.91,1.15,0.0,0.5,0.5,7,0,1
SYN03703,5,11,6,5,54.55,8,7,87.5,0.26,1.15,1.56,2.0,0.44,7,2,1
SYN03704,1,11,7,4,63.64,5,5,100.0,0.2,1.32,4.15,2.0,0.0,5,1,1
SYN03705,8,8,6,2,75.0,5,2,40.0,0.97,2.55,1.35,1.0,0.0,7,4,1
SYN03706,4,5,4,1,80.0,3,2,66.67,2.09,2.56,2.9,2.0,0.0,0,4,1
SYN03707,2,10,7,3,70.0,8,7,87.5,5.0,5.0,1.24,1.0,0.0,0,4,0
SYN03708,2,7,4,3,57.14,3,1,33.33,1.68,3.03,0.0,1.0,1.0,1,3,0
SYN03709,8,10,5,5,50.0,5,5,100.0,1.17,1.53,3.12,3.0,0.0,0,4,1
SYN03710,1,6,2,4,33.33,5,4,80.0,0.4,2.73,0.0,1.0,1.0,5,4,1
SYN03711,5,11,5,6,45.45,7,3,42.86,0.65,1.27,1.43,0.0,0.0,4,0,0
SYN03712,9,10,6,4,60.0,4,3,75.0,1.47,2.31,1.1,2.0,0.9,4,3,1
SYN03713,4,5,2,3,40.0,2,1,50.0,5.0,5.0,1.31,2.0,0.69,4,2,0
SYN03714,2,9,6,3,66.67,6,5,83.33,0.85,1.36,2.98,2.0,0.0,3,0,1
SYN03715,6,6,2,4,33.33,4,2,50.0,0.57,4.39,0.16,1.0,0.84,6,3,0
SYN03716,6,6,1,5,16.67,4,3,75.0,0.71,1.85,1.74,2.0,0.26,1,0,0
SYN03717,4,6,5,1,83.33,5,2,40.0,0.54,2.99,0.0,1.0,1.0,2,4,1
SYN03718,7,9,4,5,44.44,4,2,50.0,0.55,0.98,0.61,1.0,0.39,0,3,1
SYN03719,8,6,2,4,33.33,3,2,66.67,0.3,3.38,1.21,0.5,0.0,4,1,0
SYN03720,6,9,3,6,33.33,6,2,33.33,0.52,2.33,1.25,2.0,0.75,2,0,0
SYN03721,8,8,6,2,75.0,6,5,83.33,0.86,3.35,2.67,2.0,0.0,1,4,1
SYN03722,4,10,9,1,90.0,5,4,80.0,0.81,5.0,0.0,0.0,0.0,4,4,1
SYN03723,3,11,5,6,45.45,7,3,42.86,0.51,1.73,1.31,0.0,0.0,7,2,0
SYN03724,9,4,2,2,50.0,2,1,50.0,0.98,1.46,1.12,2.0,0.88,6,4,1
SYN03725,4,11,10,1,90.91,5,2,40.0,0.33,2.29,0.71,1.0,0.29,0,3,0
SYN03726,1,4,1,3,25.0,3,1,33.33,0.15,1.57,0.0,1.0,1.0,2,3,0
SYN03727,2,8,8,0,100.0,4,2,50.0,0.29,5.0,0.89,1.0,0.11,7,2,0
SYN03728,9,6,6,0,100.0,2,1,50.0,0.64,1.47,0.49,1.0,0.51,1,0,1
SYN03729,1,9,0,9,0.0,6,5,83.33,0.84,1.45,1.15,0.0,0.0,7,1,0
SYN03730,8,9,5,4,55.56,5,3,60.0,0.39,1.5,1.25,2.0,0.75,7,1,1
SYN03731,3,10,4,6,40.0,6,5,83.33,1.67,1.74,0.0,0.5,0.5,0,0,0
SYN03732,9,7,4,3,57.14,5,2,40.0,0.73,1.1,1.19,2.0,0.81,7,3,1
SYN03733,6,11,5,6,45.45,5,3,60.0,1.78,2.4,2.03,2.0,0.0,6,0,1
SYN03734,7,6,5,1,83.33,4,4,100.0,1.75,3.35,2.89,0.5,0.0,3,1,1
SYN03735,7,5,3,2,60.0,3,0,0.0,1.93,3.2,0.0,2.0,2.0,2,3,1
SYN03736,5,7,3,4,42.86,3,2,66.67,0.97,1.51,1.94,2.0,0.06,3,2,0
SYN03737,9,8,4,4,50.0,5,2,40.0,1.66,1.9,6.41,5.0,0.0,1,2,0
SYN03738,7,9,7,2,77.78,5,3,60.0,4.48,4.68,1.38,2.0,0.62,6,4,0
SYN03739,4,10,3,7,30.0,7,4,57.14,1.29,1.52,1.63,1.0,0.0,3,2,0
SYN03740,4,5,1,4,20.0,4,3,75.0,0.07,0.5,3.41,2.0,0.0,3,3,1
SYN03741,1,6,6,0,100.0,4,3,75.0,0.22,0.32,1.67,2.0,0.33,7,3,1
SYN03742,3,11,5,6,45.45,6,2,33.33,2.09,2.16,1.22,2.0,0.78,0,0,0
SYN03743,6,7,4,3,57.14,3,1,33.33,0.25,2.53,2.12,1.0,0.0,3,2,0
SYN03744,7,5,3,2,60.0,4,3,75.0,0.16,2.79,2.59,2.0,0.0,4,2,1
SYN03745,2,11,8,3,72.73,6,5,83.33,0.76,1.34,0.93,1.0,0.07,1,0,0
SYN03746,5,7,7,0,100.0,5,5,100.0,1.54,4.59,5.73,5.0,0.0,1,0,0
SYN03747,6,11,8,3,72.73,8,7,87.5,0.49,4.71,2.15,1.0,0.0,4,1,0
SYN03748,2,11,2,9,18.18,6,2,33.33,0.65,1.22,0.0,0.0,0.0,1,2,0
SYN03749,5,11,3,8,27.27,5,3,60.0,0.35,1.11,0.87,0.5,0.0,3,2,0
SYN03750,8,8,4,4,50.0,5,4,80.0,1.2,1.49,3.63,3.0,0.0,0,1,1
SYN03751,3,10,5,5,50.0,6,3,50.0,0.58,0.84,1.45,2.0,0.55,0,1,1
SYN03752,7,11,2,9,18.18,6,5,83.33,0.42,0.43,2.43,1.0,0.0,5,1,1
SYN03753,3,6,5,1,83.33,4,0,0.0,0.08,0.87,1.76,3.0,1.24,1,4,1
SYN03754,1,4,1,3,25.0,3,2,66.67,1.25,1.4,0.34,0.5,0.16,0,3,1
SYN03755,4,6,6,0,100.0,3,2,66.67,0.1,0.61,1.42,0.5,0.0,0,4,1
SYN03756,4,9,9,0,100.0,4,2,50.0,0.06,0.7,0.0,0.0,0.0,4,3,1
SYN03757,2,8,4,4,50.0,6,6,100.0,2.84,4.97,2.05,1.0,0.0,4,2,0
SYN03758,7,4,3,1,75.0,3,1,33.33,0.46,0.51,1.23,1.0,0.0,4,2,1
SYN03759,7,8,2,6,25.0,6,4,66.67,0.21,0.47,1.59,0.0,0.0,5,1,1
SYN03760,5,5,4,1,80.0,2,2,100.0,1.91,2.06,0.74,0.0,0.0,5,0,1
SYN03761,4,8,4,4,50.0,6,4,66.67,0.13,0.21,0.8,1.0,0.2,5,3,1
SYN03762,1,8,3,5,37.5,6,1,16.67,1.0,2.43,0.78,0.5,0.0,6,1,0
SYN03763,7,9,5,4,55.56,6,6,100.0,0.81,1.76,1.32,1.0,0.0,1,0,1
SYN03764,4,7,3,4,42.86,4,2,50.0,2.3,3.75,3.43,1.0,0.0,0,2,0
SYN03765,6,7,4,3,57.14,3,2,66.67,0.28,0.5,0.6,0.5,0.0,6,2,1
SYN03766,3,9,8,1,88.89,5,3,60.0,0.22,0.87,0.0,0.0,0.0,0,3,0
SYN03767,3,9,4,5,44.44,5,3,60.0,0.1,1.5,1.77,2.0,0.23,3,4,0
SYN03768,6,10,10,0,100.0,5,2,40.0,0.1,0.53,2.23,2.0,0.0,4,4,1
SYN03769,3,6,2,4,33.33,5,3,60.0,0.4,0.69,0.0,1.0,1.0,0,4,1
SYN03770,4,7,7,0,100.0,3,1,33.33,1.52,2.78,0.54,1.0,0.46,7,4,1
SYN03771,9,6,2,4,33.33,5,4,80.0,2.22,2.77,3.79,5.0,1.21,7,4,0
SYN03772,3,8,5,3,62.5,5,4,80.0,0.05,0.08,0.94,2.0,1.06,6,3,1
SYN03773,4,5,2,3,40.0,4,4,100.0,1.17,5.0,1.96,1.0,0.0,5,0,1
SYN03774,3,7,4,3,57.14,4,2,50.0,0.49,1.38,3.03,3.0,0.0,6,1,1
SYN03775,2,5,4,1,80.0,3,1,33.33,0.05,1.09,0.11,1.0,0.89,4,2,1
SYN03776,4,8,8,0,100.0,5,1,20.0,0.68,1.19,0.82,1.0,0.18,6,3,1
SYN03777,6,10,9,1,90.0,8,8,100.0,0.03,1.43,1.7,2.0,0.3,0,3,1
SYN03778,3,11,5,6,45.45,5,4,80.0,1.24,3.74,1.06,1.0,0.0,1,4,1
SYN03779,4,7,5,2,71.43,3,1,33.33,0.07,1.0,1.19,3.0,1.81,0,0,0
SYN03780,7,4,2,2,50.0,3,3,100.0,0.54,1.74,0.0,0.5,0.5,0,2,1
SYN03781,5,5,2,3,40.0,2,2,100.0,0.7,1.29,0.0,1.0,1.0,4,3,1
SYN03782,6,4,1,3,25.0,3,1,33.33,0.7,3.21,0.0,0.0,0.0,6,1,0
SYN03783,2,10,5,5,50.0,4,2,50.0,0.33,1.85,1.13,2.0,0.87,7,1,0
SYN03784,5,11,7,4,63.64,5,3,60.0,1.58,3.26,0.0,1.0,1.0,1,3,1
SYN03785,1,8,1,7,12.5,5,2,40.0,3.26,3.8,1.92,1.0,0.0,5,4,0
SYN03786,6,5,3,2,60.0,3,2,66.67,0.03,0.53,5.21,3.0,0.0,5,2,1
SYN03787,6,4,4,0,100.0,3,3,100.0,0.06,0.3,1.49,0.5,0.0,0,2,1
SYN03788,2,11,10,1,90.91,6,2,33.33,0.05,0.82,0.0,0.0,0.0,2,0,1
SYN03789,4,6,3,3,50.0,4,3,75.0,0.02,0.21,1.25,1.0,0.0,5,1,1
SYN03790,7,4,1,3,25.0,3,3,100.0,0.91,1.49,0.92,1.0,0.08,1,0,1
SYN03791,4,5,4,1,80.0,3,2,66.67,0.83,1.05,0.0,0.0,0.0,2,4,1
SYN03792,9,6,0,6,0.0,3,2,66.67,0.39,0.51,2.59,1.0,0.0,3,4,1
SYN03793,9,9,8,1,88.89,5,2,40.0,1.08,2.09,2.91,0.5,0.0,0,3,1
SYN03794,2,11,6,5,54.55,8,7,87.5,2.44,2.49,0.0,1.0,1.0,0,1,0
SYN03795,3,6,6,0,100.0,3,1,33.33,0.33,2.63,3.73,2.0,0.0,6,2,1
SYN03796,3,9,2,7,22.22,6,4,66.67,0.14,0.49,0.29,1.0,0.71,0,0,0
SYN03797,6,4,3,1,75.0,2,1,50.0,0.01,1.57,0.69,1.0,0.31,4,4,1
SYN03798,6,4,2,2,50.0,3,3,100.0,2.18,2.46,1.34,1.0,0.0,3,0,0
SYN03799,8,4,2,2,50.0,3,1,33.33,1.19,3.87,6.86,5.0,0.0,5,3,0
SYN03800,4,11,3,8,27.27,7,4,57.14,0.71,1.28,2.34,2.0,0.0,7,2,1
SYN03801,5,8,6,2,75.0,5,2,40.0,0.87,1.37,1.49,1.0,0.0,1,2,0
SYN03802,5,10,8,2,80.0,5,4,80.0,0.05,0.57,3.02,2.0,0.0,7,0,1
SYN03803,7,4,4,0,100.0,2,1,50.0,1.1,1.2,2.21,1.0,0.0,0,1,1
SYN03804,5,4,3,1,75.0,2,1,50.0,0.57,1.04,0.61,0.0,0.0,7,4,1
SYN03805,6,10,5,5,50.0,7,3,42.86,0.33,1.67,2.22,1.0,0.0,4,4,0
SYN03806,1,4,1,3,25.0,2,2,100.0,0.43,0.44,0.28,1.0,0.72,0,2,0
SYN03807,4,5,1,4,20.0,2,1,50.0,0.22,1.97,0.0,1.0,1.0,4,2,0
SYN03808,5,8,8,0,100.0,4,1,25.0,3.84,5.0,3.19,1.0,0.0,7,4,1
SYN03809,9,8,3,5,37.5,5,5,100.0,1.05,1.3,0.75,2.0,1.25,4,3,1
SYN03810,2,5,5,0,100.0,4,2,50.0,0.71,1.42,2.36,3.0,0.64,0,2,1
SYN03811,4,7,5,2,71.43,4,4,100.0,0.06,1.6,2.6,3.0,0.4,5,4,1
SYN03812,6,9,6,3,66.67,5,3,60.0,0.06,2.42,0.4,1.0,0.6,6,4,1
SYN03813,5,7,4,3,57.14,4,3,75.0,2.23,2.81,1.13,2.0,0.87,5,1,0
SYN03814,3,7,5,2,71.43,6,4,66.67,1.58,2.73,1.56,1.0,0.0,3,0,0
SYN03815,6,4,2,2,50.0,3,3,100.0,0.16,1.07,1.57,1.0,0.0,5,3,1
SYN03816,1,7,4,3,57.14,3,3,100.0,0.31,1.13,2.74,2.0,0.0,2,0,0
SYN03817,6,10,8,2,80.0,6,6,100.0,1.08,1.29,0.67,0.0,0.0,1,4,1
SYN03818,8,9,5,4,55.56,6,3,50.0,1.0,1.38,2.5,3.0,0.5,6,3,1
SYN03819,5,11,4,7,36.36,8,3,37.5,0.44,1.07,0.5,1.0,0.5,3,0,0
SYN03820,8,5,4,1,80.0,3,3,100.0,0.75,1.7,1.84,0.5,0.0,6,2,1
SYN03821,7,4,2,2,50.0,3,3,100.0,1.1,2.17,0.37,1.0,0.63,4,3,1
SYN03822,6,8,6,2,75.0,5,5,100.0,1.8,4.13,1.35,2.0,0.65,7,0,1
SYN03823,7,5,2,3,40.0,2,1,50.0,0.16,0.33,2.12,1.0,0.0,4,4,0
SYN03824,9,8,2,6,25.0,3,3,100.0,0.41,0.72,1.98,2.0,0.02,2,0,1
SYN03825,5,11,11,0,100.0,6,5,83.33,1.08,2.31,0.39,1.0,0.61,2,2,1
SYN03826,3,6,6,0,100.0,3,2,66.67,0.11,0.54,1.41,2.0,0.59,4,0,1
SYN03827,5,8,7,1,87.5,4,3,75.0,5.0,5.0,2.35,1.0,0.0,7,0,0
SYN03828,5,9,5,4,55.56,7,5,71.43,3.05,5.0,5.7,5.0,0.0,1,3,0
SYN03829,2,5,3,2,60.0,4,2,50.0,0.9,2.03,1.28,1.0,0.0,1,0,1
SYN03830,9,11,10,1,90.91,5,2,40.0,0.33,0.57,0.0,1.0,1.0,2,4,0
SYN03831,7,5,3,2,60.0,2,1,50.0,1.02,2.18,0.79,0.5,0.0,7,0,0
SYN03832,4,10,4,6,40.0,7,1,14.29,4.31,4.38,0.74,1.0,0.26,4,3,0
SYN03833,9,9,9,0,100.0,5,3,60.0,0.08,0.71,0.91,2.0,1.09,6,1,1
SYN03834,3,5,3,2,60.0,2,1,50.0,0.79,0.85,0.0,0.5,0.5,4,3,0
SYN03835,3,9,9,0,100.0,6,5,83.33,0.8,1.59,5.84,5.0,0.0,4,3,1
SYN03836,2,5,1,4,20.0,2,2,100.0,0.22,0.8,1.49,0.0,0.0,5,3,0
SYN03837,2,8,6,2,75.0,3,3,100.0,1.09,1.34,0.73,2.0,1.27,1,2,1
SYN03838,6,11,11,0,100.0,8,8,100.0,0.2,1.44,0.88,2.0,1.12,5,4,1
SYN03839,9,11,7,4,63.64,7,3,42.86,0.94,1.84,3.83,3.0,0.0,4,2,0
SYN03840,5,10,5,5,50.0,6,1,16.67,0.1,1.24,0.51,1.0,0.49,6,4,0
SYN03841,4,7,2,5,28.57,5,5,100.0,2.6,3.18,2.66,2.0,0.0,0,2,0
SYN03842,8,8,7,1,87.5,6,6,100.0,2.56,3.96,0.0,0.0,0.0,4,3,1
SYN03843,7,6,2,4,33.33,2,2,100.0,3.62,4.81,1.69,1.0,0.0,7,3,1
SYN03844,2,11,6,5,54.55,7,6,85.71,0.17,0.35,0.35,2.0,1.65,6,1,0
SYN03845,5,7,2,5,28.57,3,0,0.0,2.64,3.39,0.66,0.0,0.0,2,4,0
SYN03846,6,10,10,0,100.0,6,5,83.33,1.46,3.23,0.0,2.0,2.0,5,1,0
SYN03847,6,6,5,1,83.33,3,2,66.67,0.13,0.21,2.11,1.0,0.0,3,4,1
SYN03848,1,9,5,4,55.56,5,5,100.0,0.31,1.37,0.96,1.0,0.04,6,0,1
SYN03849,4,5,2,3,40.0,2,2,100.0,1.15,1.25,2.53,2.0,0.0,5,3,1
SYN03850,9,9,9,0,100.0,6,5,83.33,0.02,0.71,0.28,0.0,0.0,3,4,1
SYN03851,7,4,2,2,50.0,2,1,50.0,0.05,1.54,0.0,2.0,2.0,0,1,1
SYN03852,7,4,1,3,25.0,3,1,33.33,0.04,1.39,4.64,3.0,0.0,6,1,1
SYN03853,5,6,1,5,16.67,3,2,66.67,2.82,4.25,0.4,0.0,0.0,4,4,0
SYN03854,6,7,3,4,42.86,5,2,40.0,0.06,1.01,1.91,1.0,0.0,4,3,0
SYN03855,5,9,2,7,22.22,6,6,100.0,0.25,2.13,0.0,0.0,0.0,5,4,1
SYN03856,3,6,3,3,50.0,3,1,33.33,0.08,0.15,1.29,1.0,0.0,7,4,1
SYN03857,6,4,3,1,75.0,3,2,66.67,2.21,3.84,0.43,2.0,1.57,1,4,0
SYN03858,8,6,3,3,50.0,4,3,75.0,1.1,1.11,3.18,3.0,0.0,7,4,1
SYN03859,9,7,5,2,71.43,4,2,50.0,0.51,0.79,0.0,1.0,1.0,1,3,0
SYN03860,4,8,3,5,37.5,5,2,40.0,1.7,2.7,6.01,0.0,0.0,5,4,1
SYN03861,8,9,6,3,66.67,6,0,0.0,0.88,2.34,0.73,0.0,0.0,3,1,0
SYN03862,3,5,5,0,100.0,3,2,66.67,1.43,4.71,2.6,1.0,0.0,6,2,1
SYN03863,1,8,4,4,50.0,5,3,60.0,0.66,1.4,0.7,1.0,0.3,4,2,1
SYN03864,3,9,6,3,66.67,6,6,100.0,1.04,2.46,3.48,3.0,0.0,4,1,1
SYN03865,4,10,2,8,20.0,6,3,50.0,1.23,1.38,1.59,0.5,0.0,3,1,0
SYN03866,9,8,8,0,100.0,5,4,80.0,0.28,1.17,0.71,2.0,1.29,5,4,1
SYN03867,2,10,5,5,50.0,6,2,33.33,0.81,1.89,0.19,1.0,0.81,2,1,0
SYN03868,4,5,4,1,80.0,4,3,75.0,0.43,0.93,4.17,3.0,0.0,2,0,1
SYN03869,9,9,5,4,55.56,5,0,0.0,0.27,2.16,2.74,3.0,0.26,3,2,1
SYN03870,3,4,3,1,75.0,2,2,100.0,0.41,1.54,2.1,3.0,0.9,1,1,1
SYN03871,3,4,3,1,75.0,2,1,50.0,0.61,1.31,0.24,1.0,0.76,2,4,0
SYN03872,6,10,5,5,50.0,7,0,0.0,3.39,5.0,0.0,1.0,1.0,0,3,0
SYN03873,7,7,6,1,85.71,4,2,50.0,2.0,4.36,0.0,0.5,0.5,1,2,1
SYN03874,3,8,3,5,37.5,4,2,50.0,0.87,2.34,0.0,0.5,0.5,3,4,0
SYN03875,6,8,6,2,75.0,4,2,50.0,3.42,5.0,2.05,2.0,0.0,3,2,0
SYN03876,6,9,5,4,55.56,7,4,57.14,0.16,1.33,5.81,5.0,0.0,5,1,1
SYN03877,7,5,3,2,60.0,3,1,33.33,0.02,1.53,5.02,2.0,0.0,3,3,1
SYN03878,6,5,2,3,40.0,3,1,33.33,0.23,0.52,0.95,1.0,0.05,4,3,1
SYN03879,7,4,2,2,50.0,2,1,50.0,1.17,1.41,0.0,0.5,0.5,3,1,0
SYN03880,4,10,3,7,30.0,4,4,100.0,1.86,2.24,1.97,2.0,0.03,3,0,1
SYN03881,3,5,3,2,60.0,2,2,100.0,1.09,3.38,1.34,0.5,0.0,0,0,1
SYN03882,4,8,5,3,62.5,4,2,50.0,0.0,0.21,1.24,0.0,0.0,6,1,1
SYN03883,5,7,3,4,42.86,4,3,75.0,3.0,3.4,1.12,0.0,0.0,5,3,1
SYN03884,5,5,3,2,60.0,2,1,50.0,0.35,0.73,3.69,3.0,0.0,0,4,0
SYN03885,2,7,4,3,57.14,4,3,75.0,2.07,3.6,1.11,1.0,0.0,0,1,0
SYN03886,8,4,2,2,50.0,2,1,50.0,0.33,2.76,3.88,3.0,0.0,5,3,1
SYN03887,3,5,3,2,60.0,3,2,66.67,2.81,5.0,0.0,1.0,1.0,1,1,1
SYN03888,3,5,2,3,40.0,2,2,100.0,0.16,0.4,0.0,2.0,2.0,7,0,1
SYN03889,2,10,10,0,100.0,5,4,80.0,0.46,2.16,4.51,2.0,0.0,6,2,1
SYN03890,3,8,7,1,87.5,3,1,33.33,0.2,1.06,2.94,3.0,0.06,3,1,1
SYN03891,8,11,7,4,63.64,7,7,100.0,0.1,1.39,1.14,0.5,0.0,7,0,1
SYN03892,8,7,6,1,85.71,5,3,60.0,0.21,1.04,0.0,0.5,0.5,4,1,1
SYN03893,3,5,1,4,20.0,3,3,100.0,0.54,1.36,2.35,0.5,0.0,7,1,1
SYN03894,3,8,0,8,0.0,4,3,75.0,2.33,2.55,2.39,1.0,0.0,0,1,0
SYN03895,2,11,6,5,54.55,9,9,100.0,2.65,3.35,0.0,0.5,0.5,4,2,0
SYN03896,3,8,2,6,25.0,6,6,100.0,2.87,5.0,1.62,2.0,0.38,6,4,0
SYN03897,3,4,2,2,50.0,2,1,50.0,0.04,0.33,1.32,1.0,0.0,2,4,1
SYN03898,1,6,4,2,66.67,3,1,33.33,0.16,0.32,3.48,5.0,1.52,6,2,1
SYN03899,3,11,9,2,81.82,8,4,50.0,2.69,3.41,2.59,2.0,0.0,6,1,1
SYN03900,3,8,3,5,37.5,6,5,83.33,1.99,2.6,3.25,2.0,0.0,6,0,1
SYN03901,2,11,8,3,72.73,8,6,75.0,1.43,3.08,2.39,2.0,0.0,5,2,0
SYN03902,4,8,5,3,62.5,5,2,40.0,3.28,4.08,0.0,0.0,0.0,0,3,0
SYN03903,7,4,3,1,75.0,3,3,100.0,2.09,2.53,0.0,0.0,0.0,7,2,1
SYN03904,9,10,5,5,50.0,8,5,62.5,1.46,2.37,0.85,1.0,0.15,7,0,1
SYN03905,6,10,9,1,90.0,4,4,100.0,1.49,2.0,2.7,3.0,0.3,4,3,1
SYN03906,7,9,5,4,55.56,4,2,50.0,0.17,1.87,0.0,0.0,0.0,3,1,1
SYN03907,6,11,11,0,100.0,8,7,87.5,0.01,0.49,0.68,1.0,0.32,4,2,1
SYN03908,6,5,2,3,40.0,2,2,100.0,2.06,3.88,0.0,2.0,2.0,7,4,0
SYN03909,8,11,9,2,81.82,6,6,100.0,0.15,1.53,1.97,1.0,0.0,0,3,1
SYN03910,9,5,3,2,60.0,3,3,100.0,0.74,1.26,3.75,3.0,0.0,3,2,1
SYN03911,1,11,6,5,54.55,5,3,60.0,0.21,1.21,3.63,3.0,0.0,1,4,1
SYN03912,5,5,4,1,80.0,2,1,50.0,0.9,1.26,0.52,0.0,0.0,6,1,1
SYN03913,6,8,4,4,50.0,5,5,100.0,0.17,3.49,1.66,2.0,0.34,5,1,1
SYN03914,9,10,0,10,0.0,6,3,50.0,3.53,5.0,0.0,0.0,0.0,7,1,1
SYN03915,6,4,0,4,0.0,2,2,100.0,1.02,1.31,0.0,1.0,1.0,7,4,0
SYN03916,3,4,4,0,100.0,2,1,50.0,0.87,2.64,4.85,3.0,0.0,0,4,0
SYN03917,7,10,9,1,90.0,8,1,12.5,0.08,1.64,0.0,0.0,0.0,3,1,1
SYN03918,9,4,4,0,100.0,3,1,33.33,1.76,1.83,1.01,3.0,1.99,7,0,1
SYN03919,3,8,5,3,62.5,6,5,83.33,0.33,0.76,4.96,5.0,0.04,0,4,1
SYN03920,3,11,3,8,27.27,6,5,83.33,0.43,3.06,0.0,2.0,2.0,6,2,0
SYN03921,4,8,4,4,50.0,3,2,66.67,2.98,3.17,1.3,1.0,0.0,3,3,0
SYN03922,6,7,4,3,57.14,5,5,100.0,0.1,0.37,1.17,1.0,0.0,4,0,1
SYN03923,4,7,2,5,28.57,5,4,80.0,2.58,2.79,0.35,1.0,0.65,1,2,1
SYN03924,7,9,9,0,100.0,4,2,50.0,1.73,2.17,0.0,0.5,0.5,2,3,1
SYN03925,4,8,8,0,100.0,5,4,80.0,1.8,1.91,0.67,0.0,0.0,7,2,1
SYN03926,5,8,6,2,75.0,5,3,60.0,2.37,3.61,0.0,0.0,0.0,7,4,1
SYN03927,6,5,3,2,60.0,2,1,50.0,0.88,3.14,0.0,2.0,2.0,1,2,0
SYN03928,3,9,2,7,22.22,6,5,83.33,1.36,1.43,1.44,0.0,0.0,4,2,1
SYN03929,3,9,9,0,100.0,4,3,75.0,3.12,3.23,0.0,1.0,1.0,0,1,0
SYN03930,3,9,6,3,66.67,4,2,50.0,0.04,0.17,0.42,2.0,1.58,7,3,0
SYN03931,8,4,2,2,50.0,3,2,66.67,3.0,4.21,2.13,0.5,0.0,3,2,0
SYN03932,6,9,6,3,66.67,5,5,100.0,0.65,0.84,2.27,1.0,0.0,2,3,1
SYN03933,9,9,4,5,44.44,6,6,100.0,0.19,1.49,0.0,0.0,0.0,4,3,1
SYN03934,3,5,3,2,60.0,3,2,66.67,0.57,3.02,0.0,0.0,0.0,1,1,0
SYN03935,4,10,2,8,20.0,8,5,62.5,0.2,0.81,0.0,0.5,0.5,5,1,1
SYN03936,4,8,7,1,87.5,5,1,20.0,0.04,0.93,0.0,0.0,0.0,2,1,1
SYN03937,9,7,4,3,57.14,4,4,100.0,0.34,1.71,2.46,1.0,0.0,2,1,1
SYN03938,6,9,8,1,88.89,5,5,100.0,0.32,0.69,1.55,0.0,0.0,6,4,1
SYN03939,5,8,4,4,50.0,5,4,80.0,0.11,0.34,1.2,1.0,0.0,7,1,1
SYN03940,6,8,5,3,62.5,5,0,0.0,0.39,2.72,2.78,2.0,0.0,1,0,0
SYN03941,1,6,2,4,33.33,4,3,75.0,2.66,3.18,1.75,2.0,0.25,4,4,0
SYN03942,4,11,9,2,81.82,6,4,66.67,1.12,3.33,0.0,1.0,1.0,2,1,1
SYN03943,9,11,4,7,36.36,5,4,80.0,2.49,2.77,1.2,3.0,1.8,0,1,0
SYN03944,3,5,2,3,40.0,4,2,50.0,0.54,0.78,2.39,2.0,0.0,2,1,0
SYN03945,4,9,5,4,55.56,7,4,57.14,0.29,1.18,3.08,2.0,0.0,0,2,0
SYN03946,4,4,3,1,75.0,2,2,100.0,3.95,5.0,0.39,1.0,0.61,6,1,1
SYN03947,1,6,1,5,16.67,4,2,50.0,0.68,2.2,1.43,0.0,0.0,3,4,1
SYN03948,5,11,6,5,54.55,7,3,42.86,0.65,1.08,0.54,1.0,0.46,4,2,1
SYN03949,2,5,4,1,80.0,4,3,75.0,0.42,4.16,1.1,1.0,0.0,3,0,1
SYN03950,7,7,4,3,57.14,4,4,100.0,1.72,1.85,4.73,5.0,0.27,2,2,1
SYN03951,7,5,3,2,60.0,3,3,100.0,0.04,0.41,6.48,5.0,0.0,3,1,0
SYN03952,4,9,6,3,66.67,4,4,100.0,0.17,0.44,0.59,0.0,0.0,1,1,1
SYN03953,3,7,4,3,57.14,3,2,66.67,0.21,0.85,4.93,5.0,0.07,0,4,1
SYN03954,7,8,3,5,37.5,6,6,100.0,0.35,2.93,2.09,2.0,0.0,1,0,0
SYN03955,7,11,7,4,63.64,6,1,16.67,2.13,2.16,0.57,2.0,1.43,0,3,0
SYN03956,3,8,7,1,87.5,3,3,100.0,0.82,1.19,0.32,3.0,2.68,4,3,0
SYN03957,8,9,3,6,33.33,4,4,100.0,1.77,4.13,0.36,1.0,0.64,0,1,0
SYN03958,5,4,2,2,50.0,2,2,100.0,2.19,2.37,0.77,1.0,0.23,3,2,1
SYN03959,9,5,1,4,20.0,3,3,100.0,0.28,1.58,3.64,3.0,0.0,5,0,0
SYN03960,7,11,9,2,81.82,6,4,66.67,0.52,3.34,0.0,0.0,0.0,4,2,1
SYN03961,9,10,6,4,60.0,7,4,57.14,1.14,1.15,1.44,2.0,0.56,4,2,1
SYN03962,3,9,3,6,33.33,7,3,42.86,1.17,2.36,0.0,2.0,2.0,2,2,0
SYN03963,2,7,4,3,57.14,4,3,75.0,0.03,0.12,3.63,3.0,0.0,1,3,1
SYN03964,7,5,1,4,20.0,4,3,75.0,0.44,0.44,0.75,0.5,0.0,1,4,1
SYN03965,6,10,3,7,30.0,5,4,80.0,0.28,1.02,2.98,2.0,0.0,3,2,0
SYN03966,7,10,2,8,20.0,6,6,100.0,0.11,0.64,0.03,0.0,0.0,7,4,1
SYN03967,8,5,2,3,40.0,2,1,50.0,0.9,1.58,4.38,3.0,0.0,7,4,1
SYN03968,4,8,8,0,100.0,3,1,33.33,0.25,0.56,0.34,1.0,0.66,1,1,1
SYN03969,3,8,3,5,37.5,3,3,100.0,0.94,1.59,1.95,2.0,0.05,0,1,1
SYN03970,2,7,5,2,71.43,3,1,33.33,0.79,3.13,3.29,3.0,0.0,3,2,1
SYN03971,9,11,4,7,36.36,8,4,50.0,0.41,0.88,1.79,1.0,0.0,1,2,0
SYN03972,6,4,3,1,75.0,2,1,50.0,0.33,1.04,1.5,1.0,0.0,1,1,1
SYN03973,7,6,2,4,33.33,5,4,80.0,0.1,0.42,1.57,1.0,0.0,3,0,1
SYN03974,9,4,2,2,50.0,2,0,0.0,0.04,1.8,2.32,2.0,0.0,7,3,1
SYN03975,9,9,6,3,66.67,6,3,50.0,0.52,0.71,1.77,2.0,0.23,1,2,0
SYN03976,9,9,9,0,100.0,4,1,25.0,0.44,1.02,3.08,2.0,0.0,0,0,1
SYN03977,3,11,8,3,72.73,7,6,85.71,0.52,1.81,0.0,0.0,0.0,1,4,1
SYN03978,7,8,4,4,50.0,4,4,100.0,0.73,1.23,0.25,1.0,0.75,4,4,1
SYN03979,2,5,4,1,80.0,4,1,25.0,0.73,3.55,2.91,1.0,0.0,7,0,0
SYN03980,5,7,7,0,100.0,5,5,100.0,1.77,2.83,0.0,0.0,0.0,7,2,0
SYN03981,9,4,1,3,25.0,2,2,100.0,1.89,2.65,1.91,2.0,0.09,6,3,0
SYN03982,3,9,4,5,44.44,6,3,50.0,1.05,1.2,2.67,1.0,0.0,4,1,0
SYN03983,3,9,5,4,55.56,6,1,16.67,0.14,1.31,0.0,0.0,0.0,5,1,0
SYN03984,6,10,5,5,50.0,6,2,33.33,0.56,1.38,1.0,2.0,1.0,0,1,0
SYN03985,9,6,3,3,50.0,3,1,33.33,0.35,0.5,2.44,1.0,0.0,7,1,0
SYN03986,6,6,2,4,33.33,4,4,100.0,0.24,1.33,1.65,2.0,0.35,6,3,1
SYN03987,2,4,4,0,100.0,3,2,66.67,1.98,2.16,0.23,0.5,0.27,1,0,1
SYN03988,9,7,2,5,28.57,4,1,25.0,0.35,1.38,0.0,0.0,0.0,2,3,1
SYN03989,4,7,4,3,57.14,4,3,75.0,0.09,3.59,0.0,0.0,0.0,7,2,1
SYN03990,5,10,9,1,90.0,4,1,25.0,0.08,0.18,1.82,1.0,0.0,4,3,1
SYN03991,6,10,6,4,60.0,8,6,75.0,0.66,1.06,1.48,2.0,0.52,7,4,1
SYN03992,7,5,2,3,40.0,2,1,50.0,4.56,4.76,0.46,2.0,1.54,3,2,0
SYN03993,9,6,2,4,33.33,3,1,33.33,0.07,1.28,0.0,0.0,0.0,4,0,1
SYN03994,3,8,4,4,50.0,4,3,75.0,1.69,2.83,0.26,1.0,0.74,0,2,0
SYN03995,5,6,2,4,33.33,4,4,100.0,1.57,2.8,0.7,1.0,0.3,7,1,1
SYN03996,3,4,3,1,75.0,3,3,100.0,0.32,1.34,1.38,2.0,0.62,6,2,1
SYN03997,6,10,2,8,20.0,4,1,25.0,0.36,0.38,3.0,1.0,0.0,6,1,0
SYN03998,3,9,7,2,77.78,4,2,50.0,2.16,2.98,2.36,2.0,0.0,6,0,0
SYN03999,3,8,5,3,62.5,6,5,83.33,0.94,0.99,0.0,2.0,2.0,2,2,1
SYN04000,7,6,4,2,66.67,3,3,100.0,5.0,5.0,2.09,2.0,0.0,0,1,0
SYN04001,2,10,10,0,100.0,4,0,0.0,1.46,1.54,0.95,1.0,0.05,2,0,0
SYN04002,4,4,2,2,50.0,3,2,66.67,3.06,5.0,1.43,0.0,0.0,5,0,0
SYN04003,7,7,3,4,42.86,3,2,66.67,1.05,1.17,0.31,0.5,0.19,5,4,1
SYN04004,5,10,5,5,50.0,6,1,16.67,0.88,1.19,1.78,2.0,0.22,6,4,1
SYN04005,7,11,6,5,54.55,5,1,20.0,1.31,1.55,4.24,2.0,0.0,4,3,0
SYN04006,5,6,3,3,50.0,4,2,50.0,0.58,1.0,0.0,1.0,1.0,2,1,0
SYN04007,8,9,4,5,44.44,6,4,66.67,1.16,3.24,1.96,1.0,0.0,3,3,0
SYN04008,8,5,0,5,0.0,3,3,100.0,0.16,0.5,0.08,0.0,0.0,7,2,0
SYN04009,2,4,2,2,50.0,3,2,66.67,1.31,2.04,0.4,1.0,0.6,0,0,0
SYN04010,8,6,4,2,66.67,5,5,100.0,0.46,0.76,1.22,2.0,0.78,5,4,1
SYN04011,1,11,7,4,63.64,8,5,62.5,0.34,0.49,1.63,0.0,0.0,0,2,1
SYN04012,9,9,8,1,88.89,5,2,40.0,0.29,0.89,3.56,3.0,0.0,3,2,1
SYN04013,6,7,7,0,100.0,4,2,50.0,0.8,2.22,0.72,0.0,0.0,0,4,1
SYN04014,2,6,5,1,83.33,5,4,80.0,3.07,3.31,3.07,2.0,0.0,1,3,1
SYN04015,5,5,5,0,100.0,2,2,100.0,0.33,0.7,1.41,1.0,0.0,3,2,1
SYN04016,9,6,5,1,83.33,2,1,50.0,0.68,0.92,1.73,3.0,1.27,2,4,1
SYN04017,6,5,5,0,100.0,2,1,50.0,1.18,2.26,0.11,2.0,1.89,0,3,1
SYN04018,5,5,5,0,100.0,4,3,75.0,0.43,0.95,2.85,1.0,0.0,6,2,1
SYN04019,3,9,8,1,88.89,4,3,75.0,0.02,0.33,1.25,1.0,0.0,1,3,1
SYN04020,4,5,4,1,80.0,3,3,100.0,0.35,5.0,5.1,5.0,0.0,5,0,0
SYN04021,8,4,2,2,50.0,3,1,33.33,0.78,2.35,4.17,2.0,0.0,7,4,1
SYN04022,8,8,5,3,62.5,4,2,50.0,0.52,0.95,0.0,0.0,0.0,1,4,1
SYN04023,5,6,3,3,50.0,3,3,100.0,0.09,1.66,0.0,2.0,2.0,3,1,0
SYN04024,5,7,5,2,71.43,4,2,50.0,0.84,4.71,0.0,1.0,1.0,5,0,0
SYN04025,7,5,2,3,40.0,2,1,50.0,2.38,2.45,0.36,1.0,0.64,7,4,0
SYN04026,9,5,3,2,60.0,4,4,100.0,1.59,2.23,2.14,2.0,0.0,3,2,1
SYN04027,2,7,0,7,0.0,3,1,33.33,0.15,0.54,6.67,5.0,0.0,1,1,0
SYN04028,1,9,9,0,100.0,7,7,100.0,0.05,1.19,1.01,0.0,0.0,0,4,1
SYN04029,1,7,4,3,57.14,4,2,50.0,0.08,2.74,0.0,1.0,1.0,2,2,0
SYN04030,5,8,6,2,75.0,4,4,100.0,3.1,4.21,4.36,1.0,0.0,6,1,1
SYN04031,4,8,8,0,100.0,4,2,50.0,0.01,1.61,2.51,3.0,0.49,5,3,1
SYN04032,1,6,4,2,66.67,4,3,75.0,0.06,1.13,4.47,3.0,0.0,1,3,1
SYN04033,4,6,6,0,100.0,3,2,66.67,0.47,1.97,3.66,3.0,0.0,7,2,1
SYN04034,6,7,2,5,28.57,3,3,100.0,0.34,1.32,0.01,0.0,0.0,5,3,0
SYN04035,4,4,4,0,100.0,3,2,66.67,0.1,0.25,0.0,0.0,0.0,5,0,1
SYN04036,7,9,8,1,88.89,5,2,40.0,1.35,2.24,0.0,1.0,1.0,0,1,1
SYN04037,3,8,5,3,62.5,6,6,100.0,1.01,1.03,0.0,0.5,0.5,7,2,1
SYN04038,9,6,6,0,100.0,3,2,66.67,0.88,0.9,0.0,0.0,0.0,0,0,1
SYN04039,5,6,2,4,33.33,3,1,33.33,0.17,2.02,0.0,1.0,1.0,0,0,0
SYN04040,5,6,3,3,50.0,4,1,25.0,0.28,0.29,3.98,2.0,0.0,5,2,0
SYN04041,5,9,9,0,100.0,5,5,100.0,0.22,0.44,2.12,2.0,0.0,2,2,1
SYN04042,9,10,1,9,10.0,5,2,40.0,0.07,0.1,4.51,2.0,0.0,7,1,0
SYN04043,3,4,3,1,75.0,2,2,100.0,0.5,1.88,0.0,0.0,0.0,7,0,1
SYN04044,5,7,5,2,71.43,3,2,66.67,0.47,0.65,1.29,2.0,0.71,4,1,1
SYN04045,3,4,4,0,100.0,3,2,66.67,0.01,0.39,1.71,1.0,0.0,4,2,1
SYN04046,6,7,1,6,14.29,4,3,75.0,2.09,2.6,0.69,1.0,0.31,1,4,0
SYN04047,6,5,5,0,100.0,4,4,100.0,2.54,2.84,3.17,2.0,0.0,1,1,1
SYN04048,9,6,3,3,50.0,3,0,0.0,0.06,0.29,3.73,2.0,0.0,0,2,0
SYN04049,1,7,3,4,42.86,4,3,75.0,3.09,3.33,1.32,0.0,0.0,1,0,0
SYN04050,7,6,2,4,33.33,3,2,66.67,5.0,5.0,3.64,2.0,0.0,3,0,0
SYN04051,1,7,2,5,28.57,4,2,50.0,1.3,2.67,1.98,1.0,0.0,6,3,0
SYN04052,6,10,7,3,70.0,7,5,71.43,0.18,1.88,1.34,2.0,0.66,0,2,1
SYN04053,4,10,3,7,30.0,7,4,57.14,2.53,3.98,4.37,3.0,0.0,1,1,0
SYN04054,1,4,3,1,75.0,2,1,50.0,0.0,0.12,2.84,2.0,0.0,3,1,1
SYN04055,1,7,3,4,42.86,4,3,75.0,0.82,3.93,0.26,1.0,0.74,3,2,0
SYN04056,8,10,3,7,30.0,7,2,28.57,2.22,2.33,0.41,1.0,0.59,3,2,0
SYN04057,7,8,4,4,50.0,3,2,66.67,1.35,2.59,0.89,1.0,0.11,1,4,0
SYN04058,6,5,3,2,60.0,3,3,100.0,0.06,0.16,3.33,2.0,0.0,6,1,1
SYN04059,6,8,4,4,50.0,4,2,50.0,3.1,3.9,5.14,5.0,0.0,1,4,0
SYN04060,1,5,3,2,60.0,3,3,100.0,1.83,1.9,1.99,2.0,0.01,0,4,1
SYN04061,1,4,3,1,75.0,2,2,100.0,0.41,1.56,1.81,2.0,0.19,3,2,1
SYN04062,8,9,8,1,88.89,5,4,80.0,0.43,1.69,1.58,2.0,0.42,7,0,1
SYN04063,3,8,4,4,50.0,6,5,83.33,0.22,0.4,0.6,2.0,1.4,0,2,1
SYN04064,8,10,3,7,30.0,6,4,66.67,1.17,1.18,1.45,0.5,0.0,1,4,0
SYN04065,1,6,4,2,66.67,5,5,100.0,0.59,0.66,0.0,1.0,1.0,5,2,1
SYN04066,6,10,7,3,70.0,7,7,100.0,0.36,0.91,1.08,1.0,0.0,4,3,1
SYN04067,9,7,2,5,28.57,4,4,100.0,0.86,1.52,0.51,1.0,0.49,1,1,1
SYN04068,4,9,3,6,33.33,5,2,40.0,0.28,0.51,1.92,1.0,0.0,5,2,1
SYN04069,3,4,2,2,50.0,2,1,50.0,0.74,2.14,4.59,5.0,0.41,6,1,1
SYN04070,7,4,2,2,50.0,3,2,66.67,0.41,0.74,1.79,3.0,1.21,5,1,1
SYN04071,4,10,4,6,40.0,5,4,80.0,0.08,2.72,3.19,2.0,0.0,4,0,1
SYN04072,3,10,8,2,80.0,8,5,62.5,0.15,0.51,1.01,2.0,0.99,3,3,1
SYN04073,8,11,2,9,18.18,7,3,42.86,0.03,0.37,2.19,2.0,0.0,2,4,0
SYN04074,7,6,1,5,16.67,4,4,100.0,0.11,0.96,3.53,2.0,0.0,0,1,0
SYN04075,2,4,2,2,50.0,2,1,50.0,0.16,3.45,0.12,1.0,0.88,4,0,0
SYN04076,5,11,6,5,54.55,7,3,42.86,1.89,2.08,2.88,3.0,0.12,6,2,0
SYN04077,2,8,2,6,25.0,5,1,20.0,0.03,1.42,0.48,1.0,0.52,3,1,0
SYN04078,5,5,2,3,40.0,3,1,33.33,0.25,0.39,2.16,2.0,0.0,5,3,0
SYN04079,8,10,5,5,50.0,5,5,100.0,1.13,1.49,0.0,0.0,0.0,0,0,0
SYN04080,6,11,6,5,54.55,7,7,100.0,1.2,1.58,2.1,1.0,0.0,0,3,1
SYN04081,5,6,4,2,66.67,3,2,66.67,1.85,3.63,0.26,1.0,0.74,2,0,0
SYN04082,3,10,4,6,40.0,7,6,85.71,1.23,1.98,3.53,2.0,0.0,2,1,0
SYN04083,3,10,10,0,100.0,6,4,66.67,0.6,0.62,4.93,3.0,0.0,4,0,1
SYN04084,6,8,6,2,75.0,4,1,25.0,0.0,1.48,0.31,0.0,0.0,0,4,1
SYN04085,2,9,4,5,44.44,6,6,100.0,0.01,0.55,0.0,0.0,0.0,0,2,1
SYN04086,8,6,4,2,66.67,3,3,100.0,0.09,2.47,2.95,3.0,0.05,5,4,1
SYN04087,8,11,7,4,63.64,7,5,71.43,3.56,3.78,0.35,0.5,0.15,5,2,0
SYN04088,7,11,10,1,90.91,7,3,42.86,0.47,0.82,4.13,2.0,0.0,6,3,1
SYN04089,2,11,5,6,45.45,7,4,57.14,2.51,3.09,1.88,2.0,0.12,2,4,0
SYN04090,4,9,7,2,77.78,6,3,50.0,1.56,2.43,3.66,2.0,0.0,5,4,1
SYN04091,5,4,2,2,50.0,2,1,50.0,2.42,2.83,0.13,0.0,0.0,1,3,0
SYN04092,8,6,6,0,100.0,3,2,66.67,0.6,3.5,2.05,2.0,0.0,6,3,1
SYN04093,2,7,6,1,85.71,5,3,60.0,0.83,0.94,4.57,5.0,0.43,0,4,1
SYN04094,8,11,7,4,63.64,5,1,20.0,0.6,0.75,0.69,1.0,0.31,4,3,1
SYN04095,4,8,4,4,50.0,4,4,100.0,0.04,0.04,3.07,2.0,0.0,0,2,1
SYN04096,8,8,6,2,75.0,4,3,75.0,0.53,1.73,0.12,1.0,0.88,6,2,1
SYN04097,1,5,3,2,60.0,3,2,66.67,2.02,2.68,6.15,5.0,0.0,1,1,0
SYN04098,7,10,10,0,100.0,8,4,50.0,3.25,5.0,2.23,0.5,0.0,0,2,0
SYN04099,1,6,4,2,66.67,3,1,33.33,0.86,3.3,0.29,1.0,0.71,2,4,0
SYN04100,3,4,2,2,50.0,2,1,50.0,1.09,1.21,1.95,0.5,0.0,7,4,1
SYN04101,6,11,5,6,45.45,8,4,50.0,1.15,2.04,6.26,5.0,0.0,1,2,0
SYN04102,7,5,1,4,20.0,4,3,75.0,0.36,5.0,2.04,1.0,0.0,2,2,0
SYN04103,6,4,3,1,75.0,2,2,100.0,0.93,1.3,0.0,0.5,0.5,4,3,1
SYN04104,4,4,2,2,50.0,3,3,100.0,0.11,1.38,0.0,0.0,0.0,6,4,1
SYN04105,2,7,6,1,85.71,3,3,100.0,0.09,0.74,2.86,3.0,0.14,1,0,1
SYN04106,4,4,1,3,25.0,3,3,100.0,3.06,5.0,2.51,0.0,0.0,2,3,0
SYN04107,2,10,6,4,60.0,4,3,75.0,1.75,1.76,1.99,2.0,0.01,7,2,1
SYN04108,1,8,7,1,87.5,5,5,100.0,0.32,0.57,1.78,2.0,0.22,5,1,1
SYN04109,7,6,0,6,0.0,3,2,66.67,0.09,0.54,0.62,2.0,1.38,4,1,0
SYN04110,9,4,4,0,100.0,3,0,0.0,0.15,3.35,0.83,2.0,1.17,2,4,0
SYN04111,5,7,3,4,42.86,3,2,66.67,0.97,0.99,1.18,2.0,0.82,6,1,0
SYN04112,4,5,3,2,60.0,3,1,33.33,0.82,2.43,0.43,0.0,0.0,7,2,0
SYN04113,6,11,8,3,72.73,7,5,71.43,2.41,2.41,0.0,1.0,1.0,3,3,0
SYN04114,1,6,5,1,83.33,3,1,33.33,0.08,1.76,0.0,0.0,0.0,7,1,0
SYN04115,3,7,5,2,71.43,5,4,80.0,0.19,0.24,0.0,1.0,1.0,1,4,1
SYN04116,5,4,3,1,75.0,2,2,100.0,2.05,2.38,2.68,1.0,0.0,6,0,1
SYN04117,6,5,4,1,80.0,2,2,100.0,0.85,1.78,1.13,1.0,0.0,3,4,1
SYN04118,3,5,5,0,100.0,2,2,100.0,0.02,0.2,3.37,3.0,0.0,1,3,1
SYN04119,4,4,3,1,75.0,2,0,0.0,0.29,0.43,1.69,3.0,1.31,3,4,1
SYN04120,3,9,9,0,100.0,4,1,25.0,0.56,1.99,2.39,1.0,0.0,3,0,1
SYN04121,3,11,9,2,81.82,7,7,100.0,0.1,0.87,3.8,2.0,0.0,4,4,1
SYN04122,4,11,2,9,18.18,7,7,100.0,0.22,1.05,2.08,2.0,0.0,6,1,1
SYN04123,5,6,6,0,100.0,3,2,66.67,2.66,3.6,4.43,5.0,0.57,7,4,1
SYN04124,9,10,5,5,50.0,6,4,66.67,0.54,1.84,0.66,0.0,0.0,1,1,0
SYN04125,1,8,8,0,100.0,6,4,66.67,0.98,1.88,2.88,2.0,0.0,1,3,1
SYN04126,2,4,2,2,50.0,2,0,0.0,0.97,2.29,2.04,1.0,0.0,6,4,0
SYN04127,2,4,3,1,75.0,3,1,33.33,0.31,3.14,1.8,1.0,0.0,0,3,0
SYN04128,2,8,3,5,37.5,6,4,66.67,1.33,2.77,3.16,2.0,0.0,2,0,0
SYN04129,4,7,5,2,71.43,3,1,33.33,1.36,1.78,0.17,1.0,0.83,5,1,0
SYN04130,9,4,2,2,50.0,3,1,33.33,0.55,0.84,1.09,0.0,0.0,4,0,0
SYN04131,3,11,11,0,100.0,9,9,100.0,1.51,3.62,1.46,2.0,0.54,0,4,1
SYN04132,7,9,6,3,66.67,6,3,50.0,0.12,0.62,0.0,0.0,0.0,1,1,1
SYN04133,8,8,7,1,87.5,6,4,66.67,0.22,2.26,0.44,1.0,0.56,6,2,1
SYN04134,2,11,1,10,9.09,6,4,66.67,0.19,0.27,0.34,1.0,0.66,2,2,0
SYN04135,2,11,6,5,54.55,7,6,85.71,0.93,2.01,2.29,2.0,0.0,5,1,1
SYN04136,7,11,8,3,72.73,6,3,50.0,0.27,0.79,3.01,2.0,0.0,5,1,1
SYN04137,2,6,4,2,66.67,2,2,100.0,0.16,0.41,5.23,5.0,0.0,6,2,1
SYN04138,8,11,9,2,81.82,9,7,77.78,0.36,1.41,3.41,1.0,0.0,4,0,0
SYN04139,1,8,4,4,50.0,4,1,25.0,1.02,1.19,0.0,0.0,0.0,0,4,1
SYN04140,6,9,6,3,66.67,7,4,57.14,0.05,0.57,0.0,0.0,0.0,1,4,1
SYN04141,8,10,9,1,90.0,7,4,57.14,0.09,0.53,1.33,1.0,0.0,1,3,1
SYN04142,9,5,0,5,0.0,4,2,50.0,0.72,3.13,0.35,1.0,0.65,1,2,0
SYN04143,8,7,5,2,71.43,6,5,83.33,0.09,1.37,1.7,3.0,1.3,4,0,0
SYN04144,6,5,3,2,60.0,3,2,66.67,0.78,2.98,0.64,1.0,0.36,3,1,0
SYN04145,9,6,2,4,33.33,5,4,80.0,1.74,3.14,0.06,1.0,0.94,2,2,0
SYN04146,5,7,5,2,71.43,5,4,80.0,0.71,0.88,2.18,3.0,0.82,4,0,1
SYN04147,8,10,9,1,90.0,6,4,66.67,2.6,3.24,3.83,2.0,0.0,6,3,1
SYN04148,9,10,9,1,90.0,7,0,0.0,0.16,0.24,2.15,2.0,0.0,2,2,0
SYN04149,8,7,4,3,57.14,3,3,100.0,0.2,0.3,0.68,1.0,0.32,3,3,0
SYN04150,7,6,5,1,83.33,2,2,100.0,0.31,0.55,2.42,0.5,0.0,7,2,1
SYN04151,9,8,7,1,87.5,4,1,25.0,1.08,1.79,0.65,1.0,0.35,3,0,1
SYN04152,9,11,6,5,54.55,6,4,66.67,0.88,1.6,0.0,0.0,0.0,0,3,0
SYN04153,4,11,5,6,45.45,5,4,80.0,0.81,2.06,0.0,1.0,1.0,1,3,0
SYN04154,3,5,2,3,40.0,3,3,100.0,0.4,0.64,2.9,3.0,0.1,2,2,1
SYN04155,6,5,4,1,80.0,3,2,66.67,0.26,0.94,0.0,1.0,1.0,4,3,1
SYN04156,5,9,5,4,55.56,6,4,66.67,0.03,1.55,0.0,0.0,0.0,3,4,1
SYN04157,1,6,2,4,33.33,5,5,100.0,0.45,1.16,0.0,0.0,0.0,2,1,1
SYN04158,3,5,1,4,20.0,4,2,50.0,0.65,1.99,4.36,3.0,0.0,6,4,0
SYN04159,8,4,3,1,75.0,3,2,66.67,0.25,1.27,2.05,0.5,0.0,3,1,1
SYN04160,9,7,3,4,42.86,5,2,40.0,1.14,2.0,1.79,1.0,0.0,3,0,0
SYN04161,2,7,5,2,71.43,3,3,100.0,0.5,1.28,2.0,2.0,0.0,2,2,1
SYN04162,7,8,7,1,87.5,6,1,16.67,0.14,2.22,0.32,1.0,0.68,3,4,1
SYN04163,7,5,1,4,20.0,2,2,100.0,0.9,1.35,2.47,2.0,0.0,4,3,0
SYN04164,8,9,5,4,55.56,4,3,75.0,0.11,1.89,2.14,0.0,0.0,7,1,1
SYN04165,3,9,5,4,55.56,5,5,100.0,0.84,1.87,2.17,2.0,0.0,6,4,1
SYN04166,7,7,5,2,71.43,4,2,50.0,0.74,1.98,0.0,0.0,0.0,0,4,1
SYN04167,6,5,5,0,100.0,3,2,66.67,1.44,1.74,0.81,1.0,0.19,0,4,1
SYN04168,2,8,2,6,25.0,3,2,66.67,1.18,2.89,0.68,1.0,0.32,6,2,0
SYN04169,8,9,7,2,77.78,6,5,83.33,4.55,5.0,3.66,3.0,0.0,1,3,0
SYN04170,9,6,5,1,83.33,3,1,33.33,4.27,4.66,0.08,1.0,0.92,0,2,0
SYN04171,5,6,3,3,50.0,3,2,66.67,0.19,0.3,2.49,2.0,0.0,5,2,1
SYN04172,2,8,5,3,62.5,4,1,25.0,1.6,2.33,1.68,1.0,0.0,7,2,0
SYN04173,9,6,4,2,66.67,3,1,33.33,0.13,1.17,2.41,2.0,0.0,5,0,1
SYN04174,2,7,5,2,71.43,5,1,20.0,0.51,0.56,0.0,1.0,1.0,1,0,0
SYN04175,3,6,4,2,66.67,2,2,100.0,0.58,0.83,0.82,1.0,0.18,2,2,1
SYN04176,3,6,4,2,66.67,3,2,66.67,0.01,0.72,1.37,2.0,0.63,2,2,1
SYN04177,6,9,3,6,33.33,4,3,75.0,1.41,2.29,0.91,1.0,0.09,2,2,1
SYN04178,3,7,6,1,85.71,5,5,100.0,0.16,0.46,2.2,3.0,0.8,5,4,1
SYN04179,8,7,6,1,85.71,6,3,50.0,0.12,1.14,4.49,3.0,0.0,5,3,1
SYN04180,3,9,6,3,66.67,6,5,83.33,1.18,1.77,0.22,0.0,0.0,2,0,0
SYN04181,5,6,1,5,16.67,4,3,75.0,1.13,2.08,1.06,3.0,1.94,4,4,0
SYN04182,2,4,2,2,50.0,3,2,66.67,0.69,1.37,0.0,0.5,0.5,3,4,1
SYN04183,5,10,6,4,60.0,5,5,100.0,1.87,1.92,3.45,2.0,0.0,3,0,1
SYN04184,3,4,1,3,25.0,2,2,100.0,0.32,2.45,1.78,2.0,0.22,1,4,0
SYN04185,4,8,4,4,50.0,5,3,60.0,0.26,2.25,0.03,0.5,0.47,0,1,1
SYN04186,5,6,1,5,16.67,3,3,100.0,0.33,0.77,1.35,0.0,0.0,7,1,1
SYN04187,7,5,4,1,80.0,3,2,66.67,1.81,4.41,1.82,2.0,0.18,5,2,1
SYN04188,8,4,3,1,75.0,2,1,50.0,0.28,1.57,0.0,1.0,1.0,6,4,1
SYN04189,4,11,2,9,18.18,6,4,66.67,1.16,3.22,0.0,1.0,1.0,2,1,0
SYN04190,4,7,5,2,71.43,4,2,50.0,2.04,3.37,2.75,2.0,0.0,1,2,1
SYN04191,3,6,4,2,66.67,3,0,0.0,0.05,0.62,3.44,1.0,0.0,4,0,0
SYN04192,9,9,7,2,77.78,4,4,100.0,0.52,1.35,1.01,0.0,0.0,5,0,1
SYN04193,2,4,2,2,50.0,3,1,33.33,1.38,1.81,4.54,5.0,0.46,5,2,0
SYN04194,1,8,3,5,37.5,5,3,60.0,0.31,0.43,1.73,2.0,0.27,4,1,0
SYN04195,4,7,3,4,42.86,3,2,66.67,0.18,0.62,2.06,2.0,0.0,3,0,1
SYN04196,4,8,4,4,50.0,4,2,50.0,1.63,2.69,0.0,1.0,1.0,4,0,1
SYN04197,3,4,2,2,50.0,2,1,50.0,2.11,3.26,5.03,5.0,0.0,2,1,0
SYN04198,4,11,7,4,63.64,5,3,60.0,0.17,0.69,1.2,0.5,0.0,1,1,1
SYN04199,9,5,3,2,60.0,2,1,50.0,0.44,0.49,2.63,0.5,0.0,1,4,1
SYN04200,3,9,4,5,44.44,4,3,75.0,3.27,3.69,2.31,1.0,0.0,2,2,0
SYN04201,6,9,5,4,55.56,7,4,57.14,1.04,3.28,4.32,2.0,0.0,5,2,1
SYN04202,7,6,6,0,100.0,4,4,100.0,1.17,2.19,2.52,0.5,0.0,6,0,1
SYN04203,9,5,2,3,40.0,4,1,25.0,3.32,3.89,2.67,1.0,0.0,7,0,1
SYN04204,8,6,3,3,50.0,4,2,50.0,0.98,1.14,1.03,1.0,0.0,3,1,1
SYN04205,7,10,10,0,100.0,7,6,85.71,0.36,0.55,2.41,2.0,0.0,7,4,1
SYN04206,8,11,8,3,72.73,8,4,50.0,0.01,2.93,0.0,0.0,0.0,7,3,1
SYN04207,8,11,3,8,27.27,8,3,37.5,0.79,1.4,2.16,2.0,0.0,6,0,0
SYN04208,8,5,4,1,80.0,3,1,33.33,1.31,2.43,1.68,1.0,0.0,0,0,0
SYN04209,2,8,3,5,37.5,6,4,66.67,0.32,2.9,0.66,1.0,0.34,4,1,0
SYN04210,4,5,4,1,80.0,4,2,50.0,0.47,1.65,0.0,0.0,0.0,2,1,1
SYN04211,7,9,5,4,55.56,6,4,66.67,0.01,0.55,6.9,5.0,0.0,6,4,1
SYN04212,8,7,3,4,42.86,3,1,33.33,1.14,1.38,2.49,2.0,0.0,1,0,0
SYN04213,2,9,9,0,100.0,4,3,75.0,4.14,4.32,2.06,0.0,0.0,3,3,1
SYN04214,9,9,7,2,77.78,5,5,100.0,0.05,0.6,1.89,1.0,0.0,2,1,1
SYN04215,2,11,9,2,81.82,5,1,20.0,1.41,2.93,1.64,0.0,0.0,7,1,0
SYN04216,2,7,5,2,71.43,3,1,33.33,0.12,0.64,2.4,1.0,0.0,4,1,1
SYN04217,1,6,3,3,50.0,2,2,100.0,1.24,1.39,1.18,2.0,0.82,3,3,0
SYN04218,6,8,6,2,75.0,4,4,100.0,0.55,2.23,0.0,0.0,0.0,6,3,1
SYN04219,6,5,5,0,100.0,4,0,0.0,3.7,3.77,2.49,3.0,0.51,4,2,0
SYN04220,8,4,3,1,75.0,2,2,100.0,1.25,2.11,0.0,1.0,1.0,4,4,1
SYN04221,6,8,8,0,100.0,4,4,100.0,3.54,4.78,2.62,0.5,0.0,1,4,1
SYN04222,1,10,8,2,80.0,6,2,33.33,1.25,1.46,0.05,0.0,0.0,3,3,1
SYN04223,3,8,5,3,62.5,4,4,100.0,1.6,1.68,0.55,0.0,0.0,3,2,1
SYN04224,4,10,7,3,70.0,7,4,57.14,0.04,1.68,0.4,2.0,1.6,3,2,0
SYN04225,9,5,3,2,60.0,3,2,66.67,2.24,4.91,1.98,1.0,0.0,2,3,0
SYN04226,7,7,2,5,28.57,3,1,33.33,4.02,5.0,1.51,2.0,0.49,7,2,0
SYN04227,9,8,5,3,62.5,5,5,100.0,2.59,3.72,2.01,0.5,0.0,2,0,1
SYN04228,8,6,4,2,66.67,2,2,100.0,0.3,0.44,0.18,1.0,0.82,4,3,1
SYN04229,8,4,2,2,50.0,3,3,100.0,1.51,2.39,2.6,1.0,0.0,4,1,1
SYN04230,4,4,3,1,75.0,3,3,100.0,3.49,5.0,2.13,1.0,0.0,1,3,1
SYN04231,6,11,7,4,63.64,8,5,62.5,1.46,2.45,0.0,0.0,0.0,7,0,1
SYN04232,7,8,6,2,75.0,4,4,100.0,1.01,1.02,1.7,0.0,0.0,1,0,1
SYN04233,6,6,5,1,83.33,4,4,100.0,1.48,1.71,6.38,5.0,0.0,6,2,1
SYN04234,4,6,4,2,66.67,4,3,75.0,0.16,0.34,2.59,2.0,0.0,4,3,1
SYN04235,4,4,1,3,25.0,3,1,33.33,0.7,1.32,0.0,0.0,0.0,2,2,1
SYN04236,9,11,11,0,100.0,6,1,16.67,1.69,2.11,2.96,2.0,0.0,2,0,1
SYN04237,5,4,2,2,50.0,2,0,0.0,0.88,5.0,1.08,1.0,0.0,5,1,0
SYN04238,4,10,6,4,60.0,5,2,40.0,0.71,1.03,2.06,2.0,0.0,3,2,0
SYN04239,2,5,3,2,60.0,2,2,100.0,0.95,2.65,3.09,3.0,0.0,4,1,1
SYN04240,6,6,3,3,50.0,4,3,75.0,0.61,0.95,0.0,0.0,0.0,2,4,1
SYN04241,9,6,6,0,100.0,3,1,33.33,2.36,2.45,3.96,5.0,1.04,2,2,1
SYN04242,8,10,9,1,90.0,5,3,60.0,0.02,0.53,0.0,0.5,0.5,2,4,1
SYN04243,6,4,3,1,75.0,3,2,66.67,0.7,1.22,0.0,1.0,1.0,7,0,1
SYN04244,4,6,3,3,50.0,4,3,75.0,0.18,0.72,2.36,2.0,0.0,7,2,1
SYN04245,4,6,5,1,83.33,5,2,40.0,0.46,2.36,0.0,2.0,2.0,1,4,0
SYN04246,5,6,4,2,66.67,4,3,75.0,0.17,1.22,1.37,0.5,0.0,1,1,1
SYN04247,2,5,3,2,60.0,4,3,75.0,1.43,2.41,0.61,0.0,0.0,6,4,1
SYN04248,7,11,8,3,72.73,8,3,37.5,0.6,1.2,0.64,1.0,0.36,2,3,1
SYN04249,4,7,3,4,42.86,3,3,100.0,2.38,3.06,2.23,1.0,0.0,1,2,0
SYN04250,8,7,5,2,71.43,3,2,66.67,2.68,2.69,0.69,1.0,0.31,1,0,0
SYN04251,2,7,5,2,71.43,5,2,40.0,1.8,1.99,1.0,0.5,0.0,7,4,1
SYN04252,1,11,8,3,72.73,5,4,80.0,1.74,1.88,2.65,5.0,2.35,2,2,0
SYN04253,8,6,3,3,50.0,3,2,66.67,0.96,1.54,0.0,2.0,2.0,5,3,1
SYN04254,1,6,5,1,83.33,4,3,75.0,0.71,1.83,4.72,5.0,0.28,3,3,1
SYN04255,7,6,2,4,33.33,3,1,33.33,1.57,3.12,0.51,0.0,0.0,3,2,0
SYN04256,3,6,3,3,50.0,3,3,100.0,0.32,3.11,1.14,0.0,0.0,2,0,1
SYN04257,7,4,2,2,50.0,2,2,100.0,1.13,2.8,0.79,1.0,0.21,0,2,1
SYN04258,7,8,3,5,37.5,4,1,25.0,0.05,0.15,2.3,2.0,0.0,0,2,0
SYN04259,7,4,3,1,75.0,3,2,66.67,1.0,2.6,2.94,2.0,0.0,1,0,0
SYN04260,4,5,2,3,40.0,2,1,50.0,0.31,1.79,0.0,0.0,0.0,2,0,0
SYN04261,9,5,2,3,40.0,3,3,100.0,1.29,1.44,2.7,2.0,0.0,1,1,0
SYN04262,5,6,5,1,83.33,3,3,100.0,1.24,2.46,0.0,1.0,1.0,2,1,0
SYN04263,2,10,5,5,50.0,6,4,66.67,0.93,2.02,0.0,1.0,1.0,6,2,0
SYN04264,6,8,4,4,50.0,4,1,25.0,0.68,1.85,0.36,1.0,0.64,0,3,0
SYN04265,5,11,4,7,36.36,5,2,40.0,0.25,0.3,0.93,0.0,0.0,4,0,1
SYN04266,1,6,5,1,83.33,4,3,75.0,0.92,1.42,0.0,0.5,0.5,4,4,1
SYN04267,6,11,9,2,81.82,5,1,20.0,0.02,1.1,5.78,5.0,0.0,1,4,1
SYN04268,1,4,3,1,75.0,3,1,33.33,0.51,0.71,0.0,1.0,1.0,2,0,0
SYN04269,9,8,6,2,75.0,4,3,75.0,0.61,0.74,0.0,0.0,0.0,2,0,1
SYN04270,1,10,6,4,60.0,5,3,60.0,0.11,0.12,1.29,1.0,0.0,2,4,1
SYN04271,4,8,4,4,50.0,4,3,75.0,0.34,1.66,0.0,0.5,0.5,2,2,1
SYN04272,4,11,4,7,36.36,8,4,50.0,1.81,2.92,2.4,3.0,0.6,3,2,0
SYN04273,3,6,6,0,100.0,3,3,100.0,2.42,2.58,0.0,2.0,2.0,5,2,1
SYN04274,4,4,3,1,75.0,2,1,50.0,0.59,1.34,2.01,1.0,0.0,5,4,1
SYN04275,1,10,4,6,40.0,6,5,83.33,4.32,4.75,4.86,5.0,0.14,2,0,0
SYN04276,9,4,2,2,50.0,2,1,50.0,0.37,1.0,0.0,1.0,1.0,2,4,1
SYN04277,9,10,5,5,50.0,7,6,85.71,1.13,3.05,5.2,3.0,0.0,6,1,0
SYN04278,1,9,3,6,33.33,7,7,100.0,0.14,0.32,0.05,1.0,0.95,6,4,1
SYN04279,3,10,6,4,60.0,6,3,50.0,4.14,4.5,1.38,2.0,0.62,5,2,0
SYN04280,5,7,3,4,42.86,4,2,50.0,0.81,1.03,1.85,3.0,1.15,5,3,0
SYN04281,2,11,4,7,36.36,6,1,16.67,0.63,0.64,2.32,1.0,0.0,1,0,0
SYN04282,3,5,1,4,20.0,4,0,0.0,0.88,5.0,2.22,0.5,0.0,5,1,0
SYN04283,9,7,1,6,14.29,4,2,50.0,2.81,3.61,2.1,0.5,0.0,2,0,0
SYN04284,6,4,2,2,50.0,2,1,50.0,2.1,2.37,2.59,1.0,0.0,4,2,0
SYN04285,9,10,6,4,60.0,8,3,37.5,0.42,0.62,0.0,0.5,0.5,4,0,0
SYN04286,3,9,3,6,33.33,7,3,42.86,0.3,1.59,3.01,1.0,0.0,6,1,0
SYN04287,5,10,8,2,80.0,6,6,100.0,0.06,1.33,0.77,1.0,0.23,7,2,1
SYN04288,9,10,6,4,60.0,5,4,80.0,2.11,4.53,0.0,0.0,0.0,3,2,1
SYN04289,3,6,4,2,66.67,4,1,25.0,0.25,4.8,2.49,3.0,0.51,0,4,0
SYN04290,7,4,2,2,50.0,3,2,66.67,0.34,0.76,0.39,0.0,0.0,0,3,1
SYN04291,5,11,4,7,36.36,7,5,71.43,0.41,0.91,0.0,0.0,0.0,2,4,1
SYN04292,3,7,4,3,57.14,4,2,50.0,0.12,1.36,0.18,0.0,0.0,3,2,1
SYN04293,2,4,1,3,25.0,2,1,50.0,0.47,1.45,5.64,5.0,0.0,4,1,1
SYN04294,9,11,8,3,72.73,6,3,50.0,1.45,3.53,1.49,1.0,0.0,2,1,0
SYN04295,2,11,4,7,36.36,5,5,100.0,1.03,2.29,1.29,0.5,0.0,2,3,0
SYN04296,2,7,6,1,85.71,5,5,100.0,0.63,1.06,0.0,0.0,0.0,5,4,1
SYN04297,5,10,5,5,50.0,4,2,50.0,1.03,1.9,0.13,1.0,0.87,2,4,0
SYN04298,1,4,3,1,75.0,2,2,100.0,1.71,2.51,3.24,5.0,1.76,0,1,1
SYN04299,8,4,1,3,25.0,3,2,66.67,0.12,1.95,0.89,1.0,0.11,3,2,0
SYN04300,7,6,3,3,50.0,3,1,33.33,0.55,0.62,0.36,1.0,0.64,4,3,0
SYN04301,2,9,6,3,66.67,5,3,60.0,0.52,1.35,0.86,1.0,0.14,1,4,1
SYN04302,9,5,4,1,80.0,4,1,25.0,1.11,2.38,0.0,0.0,0.0,0,1,0
SYN04303,6,4,4,0,100.0,2,2,100.0,0.05,0.75,0.0,1.0,1.0,4,3,1
SYN04304,7,9,5,4,55.56,7,7,100.0,1.66,2.75,1.61,1.0,0.0,1,4,0
SYN04305,3,10,10,0,100.0,4,2,50.0,0.34,0.63,0.04,2.0,1.96,7,0,1
SYN04306,8,9,5,4,55.56,5,2,40.0,0.32,2.06,0.27,0.5,0.23,2,1,1
SYN04307,1,10,9,1,90.0,7,7,100.0,0.44,0.56,0.0,0.0,0.0,7,2,1
SYN04308,9,10,4,6,40.0,5,5,100.0,0.59,2.73,0.0,1.0,1.0,0,4,1
SYN04309,3,8,6,2,75.0,5,2,40.0,2.03,2.61,2.1,2.0,0.0,3,4,0
SYN04310,2,8,0,8,0.0,4,2,50.0,0.15,0.65,1.03,1.0,0.0,3,0,0
SYN04311,1,10,3,7,30.0,6,4,66.67,0.17,0.5,2.66,2.0,0.0,2,0,1
SYN04312,1,6,4,2,66.67,3,1,33.33,2.42,4.45,0.68,2.0,1.32,2,1,0
SYN04313,2,4,1,3,25.0,3,2,66.67,2.48,4.96,1.94,3.0,1.06,3,0,0
SYN04314,5,10,7,3,70.0,6,3,50.0,1.73,2.47,2.35,1.0,0.0,0,2,1
SYN04315,3,6,5,1,83.33,4,2,50.0,0.12,0.52,2.73,3.0,0.27,1,1,1
SYN04316,5,11,5,6,45.45,5,3,60.0,0.5,2.82,2.44,2.0,0.0,2,1,0
SYN04317,2,7,3,4,42.86,4,1,25.0,0.28,0.33,1.4,2.0,0.6,4,0,0
SYN04318,8,10,5,5,50.0,6,0,0.0,0.04,0.16,1.55,1.0,0.0,2,1,0
SYN04319,4,4,1,3,25.0,2,2,100.0,0.44,1.19,0.0,0.0,0.0,1,0,1
SYN04320,6,9,5,4,55.56,6,3,50.0,5.0,5.0,2.38,1.0,0.0,5,1,0
SYN04321,1,7,4,3,57.14,3,3,100.0,0.82,2.67,1.45,2.0,0.55,2,2,1
SYN04322,4,7,4,3,57.14,3,3,100.0,0.42,0.82,3.5,5.0,1.5,0,1,0
SYN04323,1,6,6,0,100.0,4,2,50.0,0.16,2.13,0.0,1.0,1.0,1,3,1
SYN04324,4,11,5,6,45.45,5,5,100.0,0.02,0.86,4.68,5.0,0.32,4,2,1
SYN04325,7,7,7,0,100.0,3,3,100.0,0.18,0.71,0.37,0.5,0.13,1,1,1
SYN04326,5,10,3,7,30.0,7,3,42.86,0.11,0.61,5.17,5.0,0.0,7,3,1
SYN04327,7,7,4,3,57.14,5,0,0.0,1.06,1.18,0.0,1.0,1.0,5,4,1
SYN04328,1,4,4,0,100.0,2,2,100.0,0.3,1.08,3.05,2.0,0.0,2,2,1
SYN04329,4,11,10,1,90.91,5,3,60.0,1.2,3.79,0.37,1.0,0.63,7,4,1
SYN04330,1,5,2,3,40.0,3,2,66.67,2.93,2.96,4.31,5.0,0.69,5,1,0
SYN04331,9,6,4,2,66.67,4,2,50.0,0.73,1.13,0.0,0.0,0.0,5,2,1
SYN04332,9,10,7,3,70.0,6,2,33.33,0.27,1.25,1.8,1.0,0.0,0,2,0
SYN04333,3,11,5,6,45.45,7,4,57.14,0.34,1.14,2.96,3.0,0.04,1,4,1
SYN04334,7,11,8,3,72.73,8,7,87.5,1.28,2.87,0.0,0.5,0.5,4,3,1
SYN04335,7,7,7,0,100.0,5,3,60.0,0.07,1.02,0.61,1.0,0.39,3,2,1
SYN04336,4,10,7,3,70.0,5,3,60.0,0.14,0.91,2.46,1.0,0.0,6,1,0
SYN04337,4,6,4,2,66.67,3,1,33.33,0.87,2.35,3.27,2.0,0.0,5,0,0
SYN04338,9,9,7,2,77.78,5,3,60.0,1.05,1.88,3.44,3.0,0.0,0,4,1
SYN04339,4,8,2,6,25.0,4,1,25.0,2.05,2.24,1.18,1.0,0.0,6,0,0
SYN04340,4,4,3,1,75.0,2,2,100.0,1.95,2.89,4.78,2.0,0.0,7,3,1
SYN04341,3,7,2,5,28.57,5,2,40.0,0.15,1.01,1.56,1.0,0.0,5,2,0
SYN04342,4,7,3,4,42.86,4,2,50.0,0.49,2.69,2.22,2.0,0.0,6,3,1
SYN04343,3,6,6,0,100.0,3,3,100.0,0.05,0.28,0.26,0.5,0.24,1,4,1
SYN04344,1,6,3,3,50.0,4,2,50.0,0.22,2.09,1.43,1.0,0.0,5,0,0
SYN04345,6,8,3,5,37.5,6,3,50.0,0.59,2.61,0.0,1.0,1.0,4,0,0
SYN04346,3,4,4,0,100.0,2,2,100.0,0.58,0.84,1.23,0.0,0.0,1,1,1
SYN04347,1,5,2,3,40.0,4,1,25.0,0.41,0.73,0.47,2.0,1.53,1,2,0
SYN04348,1,10,5,5,50.0,7,7,100.0,0.61,0.76,0.0,0.5,0.5,4,0,0
SYN04349,9,6,5,1,83.33,3,3,100.0,0.63,3.24,1.32,3.0,1.68,2,4,1
SYN04350,5,8,5,3,62.5,5,4,80.0,0.59,1.58,2.12,3.0,0.88,4,3,0
SYN04351,3,8,2,6,25.0,5,0,0.0,2.44,3.48,1.59,2.0,0.41,7,4,0
SYN04352,3,8,6,2,75.0,4,2,50.0,0.23,0.79,4.07,3.0,0.0,5,1,1
SYN04353,5,7,4,3,57.14,4,1,25.0,0.61,0.77,6.55,5.0,0.0,7,4,1
SYN04354,3,7,7,0,100.0,3,3,100.0,0.7,2.17,4.33,2.0,0.0,0,1,1
SYN04355,4,10,4,6,40.0,7,7,100.0,0.76,3.24,2.12,2.0,0.0,2,0,0
SYN04356,4,11,9,2,81.82,8,6,75.0,0.07,0.36,0.74,1.0,0.26,7,4,1
SYN04357,9,6,6,0,100.0,3,1,33.33,2.86,5.0,2.94,2.0,0.0,5,0,1
SYN04358,3,9,3,6,33.33,6,6,100.0,1.98,2.42,0.98,2.0,1.02,2,3,0
SYN04359,2,11,6,5,54.55,5,3,60.0,0.52,0.64,0.0,1.0,1.0,2,1,0
SYN04360,5,4,3,1,75.0,2,2,100.0,0.27,0.52,0.56,1.0,0.44,5,3,1
SYN04361,4,10,4,6,40.0,7,5,71.43,0.96,2.08,0.46,0.5,0.04,0,1,1
SYN04362,6,7,5,2,71.43,3,2,66.67,1.81,4.12,0.0,2.0,2.0,0,0,0
SYN04363,6,11,6,5,54.55,8,4,50.0,4.04,4.43,4.28,3.0,0.0,6,4,0
SYN04364,5,8,4,4,50.0,4,4,100.0,0.04,0.67,0.29,0.0,0.0,6,1,1
SYN04365,3,10,6,4,60.0,7,6,85.71,0.15,0.33,0.96,0.0,0.0,6,3,1
SYN04366,7,5,3,2,60.0,3,3,100.0,1.9,3.83,3.12,5.0,1.88,3,0,0
SYN04367,5,5,3,2,60.0,3,2,66.67,1.73,3.52,0.0,0.5,0.5,2,4,0
SYN04368,3,11,5,6,45.45,8,5,62.5,0.11,0.31,1.14,2.0,0.86,3,3,1
SYN04369,1,8,4,4,50.0,5,4,80.0,3.39,4.76,0.76,1.0,0.24,6,2,0
SYN04370,1,8,5,3,62.5,4,4,100.0,4.24,5.0,0.96,1.0,0.04,1,4,0
SYN04371,9,5,3,2,60.0,4,4,100.0,2.38,4.2,1.04,0.0,0.0,0,2,0
SYN04372,6,5,2,3,40.0,3,2,66.67,0.83,1.66,0.12,0.0,0.0,3,1,0
SYN04373,8,10,7,3,70.0,4,1,25.0,0.78,1.71,0.11,1.0,0.89,4,1,0
SYN04374,4,6,1,5,16.67,3,3,100.0,0.05,0.54,3.63,1.0,0.0,3,3,1
SYN04375,2,8,3,5,37.5,5,1,20.0,2.21,3.59,1.68,2.0,0.32,7,2,1
SYN04376,9,6,3,3,50.0,4,3,75.0,1.88,3.86,3.91,5.0,1.09,4,2,1
SYN04377,7,6,2,4,33.33,4,2,50.0,0.39,1.69,0.0,2.0,2.0,6,3,0
SYN04378,7,5,5,0,100.0,3,1,33.33,2.65,3.1,1.11,1.0,0.0,1,3,0
SYN04379,1,11,7,4,63.64,5,4,80.0,0.25,0.42,1.83,1.0,0.0,4,3,1
SYN04380,1,11,7,4,63.64,6,6,100.0,0.22,0.39,0.0,0.5,0.5,2,3,0
SYN04381,9,4,2,2,50.0,2,1,50.0,1.62,5.0,2.75,2.0,0.0,2,3,0
SYN04382,8,6,4,2,66.67,4,3,75.0,1.15,3.04,1.1,1.0,0.0,0,3,1
SYN04383,2,8,2,6,25.0,4,4,100.0,0.44,0.78,0.87,3.0,2.13,5,4,1
SYN04384,6,7,4,3,57.14,4,4,100.0,2.17,2.31,2.75,2.0,0.0,3,3,1
SYN04385,4,9,3,6,33.33,6,3,50.0,1.73,2.3,0.18,0.5,0.32,7,0,0
SYN04386,6,6,3,3,50.0,4,3,75.0,0.28,0.92,0.0,1.0,1.0,4,4,1
SYN04387,8,4,0,4,0.0,2,2,100.0,1.79,2.76,3.15,2.0,0.0,1,1,0
SYN04388,6,6,2,4,33.33,3,3,100.0,0.99,1.18,4.13,3.0,0.0,5,3,1
SYN04389,2,8,8,0,100.0,6,6,100.0,0.58,2.62,0.0,1.0,1.0,0,3,1
SYN04390,4,5,4,1,80.0,3,0,0.0,1.62,2.77,2.35,2.0,0.0,5,3,1
SYN04391,9,10,9,1,90.0,6,2,33.33,0.02,1.42,0.74,0.5,0.0,3,2,1
SYN04392,1,4,4,0,100.0,3,2,66.67,0.21,2.22,2.92,3.0,0.08,0,2,1
SYN04393,7,4,3,1,75.0,3,1,33.33,0.79,2.31,0.38,1.0,0.62,4,0,0
SYN04394,5,8,4,4,50.0,4,0,0.0,0.81,1.15,1.82,2.0,0.18,3,1,0
SYN04395,5,8,3,5,37.5,6,3,50.0,0.82,0.84,2.13,1.0,0.0,1,0,0
SYN04396,1,6,5,1,83.33,3,2,66.67,0.42,0.51,3.49,3.0,0.0,0,4,1
SYN04397,2,6,4,2,66.67,5,3,60.0,0.69,2.8,0.0,2.0,2.0,4,4,1
SYN04398,5,4,4,0,100.0,2,1,50.0,2.24,2.5,0.0,0.5,0.5,3,0,0
SYN04399,6,9,5,4,55.56,5,3,60.0,0.28,0.67,0.0,1.0,1.0,2,4,0
SYN04400,2,7,7,0,100.0,3,2,66.67,0.43,0.48,0.0,1.0,1.0,4,3,1
SYN04401,6,4,2,2,50.0,3,2,66.67,0.49,1.81,1.09,2.0,0.91,7,1,0
SYN04402,9,7,7,0,100.0,6,6,100.0,1.03,1.07,1.46,2.0,0.54,6,0,1
SYN04403,4,11,11,0,100.0,6,4,66.67,0.44,0.85,0.92,1.0,0.08,2,3,1
SYN04404,7,6,2,4,33.33,3,1,33.33,0.09,0.59,0.96,1.0,0.04,2,0,0
SYN04405,4,11,5,6,45.45,6,2,33.33,0.15,0.81,2.94,3.0,0.06,6,0,1
SYN04406,1,6,2,4,33.33,3,2,66.67,0.37,1.33,4.37,3.0,0.0,1,0,0
SYN04407,6,5,1,4,20.0,4,4,100.0,0.52,0.82,0.0,1.0,1.0,7,0,1
SYN04408,1,6,5,1,83.33,3,1,33.33,4.45,5.0,2.4,2.0,0.0,3,0,0
SYN04409,4,6,3,3,50.0,5,4,80.0,4.79,5.0,1.39,1.0,0.0,3,1,0
SYN04410,3,4,2,2,50.0,3,2,66.67,2.63,2.93,0.0,1.0,1.0,7,4,1
SYN04411,7,8,6,2,75.0,4,4,100.0,2.35,2.83,3.64,3.0,0.0,1,1,1
SYN04412,1,6,1,5,16.67,4,3,75.0,0.71,3.14,2.45,2.0,0.0,1,1,0
SYN04413,4,9,8,1,88.89,7,3,42.86,0.29,3.5,0.0,0.0,0.0,7,4,1
SYN04414,1,7,4,3,57.14,5,4,80.0,1.53,3.09,0.0,1.0,1.0,5,2,1
SYN04415,9,7,5,2,71.43,5,4,80.0,3.03,5.0,2.16,1.0,0.0,3,0,0
SYN04416,7,7,5,2,71.43,3,2,66.67,0.91,0.97,0.77,0.5,0.0,0,2,0
SYN04417,5,5,5,0,100.0,2,1,50.0,0.87,0.98,5.48,5.0,0.0,4,2,1
SYN04418,8,9,5,4,55.56,6,5,83.33,0.38,0.64,0.0,0.0,0.0,6,2,0
SYN04419,2,4,0,4,0.0,2,1,50.0,0.55,0.86,0.36,1.0,0.64,0,4,0
SYN04420,6,9,6,3,66.67,6,1,16.67,1.09,3.17,0.28,2.0,1.72,1,3,0
SYN04421,9,11,7,4,63.64,8,6,75.0,0.17,0.51,1.55,0.0,0.0,2,0,1
SYN04422,5,10,3,7,30.0,6,3,50.0,2.44,3.89,0.0,1.0,1.0,2,1,0
SYN04423,9,7,4,3,57.14,3,1,33.33,0.18,0.47,3.78,2.0,0.0,4,2,1
SYN04424,8,6,3,3,50.0,3,2,66.67,1.85,1.89,2.14,1.0,0.0,7,3,1
SYN04425,9,10,3,7,30.0,7,7,100.0,0.15,0.22,1.27,1.0,0.0,5,1,1
SYN04426,2,6,5,1,83.33,3,3,100.0,0.49,0.68,2.36,1.0,0.0,4,2,1
SYN04427,3,7,3,4,42.86,3,3,100.0,2.48,2.93,3.87,5.0,1.13,7,1,1
SYN04428,8,10,5,5,50.0,8,6,75.0,3.25,4.06,2.08,3.0,0.92,6,3,1
SYN04429,4,11,5,6,45.45,7,6,85.71,2.65,3.3,1.11,0.0,0.0,4,1,0
SYN04430,7,11,10,1,90.91,7,5,71.43,0.36,0.75,0.0,1.0,1.0,0,2,1
SYN04431,1,4,2,2,50.0,3,1,33.33,0.72,1.63,0.41,2.0,1.59,2,4,1
SYN04432,6,11,7,4,63.64,6,2,33.33,1.83,2.16,0.61,1.0,0.39,7,4,1
SYN04433,8,4,2,2,50.0,3,1,33.33,4.29,5.0,0.0,1.0,1.0,4,2,0
SYN04434,3,8,6,2,75.0,6,6,100.0,0.11,0.15,3.24,1.0,0.0,7,1,1
SYN04435,7,11,10,1,90.91,6,6,100.0,0.01,0.12,1.93,1.0,0.0,0,0,1
SYN04436,1,9,7,2,77.78,5,2,40.0,0.97,1.74,2.31,3.0,0.69,1,4,0
SYN04437,3,11,8,3,72.73,6,4,66.67,0.08,0.52,0.0,0.5,0.5,1,2,1
SYN04438,2,6,5,1,83.33,4,2,50.0,1.46,2.19,0.41,0.0,0.0,0,0,1
SYN04439,2,6,2,4,33.33,4,2,50.0,1.95,5.0,4.43,3.0,0.0,2,4,0
SYN04440,5,6,2,4,33.33,4,2,50.0,0.72,4.31,3.35,3.0,0.0,7,2,0
SYN04441,9,6,3,3,50.0,5,5,100.0,0.57,0.81,0.0,1.0,1.0,0,3,1
SYN04442,1,9,4,5,44.44,5,3,60.0,3.22,4.05,0.28,2.0,1.72,7,0,0
SYN04443,4,7,2,5,28.57,5,4,80.0,1.81,2.15,1.55,2.0,0.45,0,4,1
SYN04444,1,9,1,8,11.11,6,4,66.67,0.54,2.49,1.38,1.0,0.0,0,1,0
SYN04445,6,7,2,5,28.57,4,1,25.0,1.49,1.52,1.44,2.0,0.56,0,3,0
SYN04446,6,6,3,3,50.0,3,2,66.67,2.14,3.43,3.21,2.0,0.0,6,1,0
SYN04447,2,5,3,2,60.0,3,3,100.0,0.64,2.58,1.63,1.0,0.0,1,0,0
SYN04448,3,8,3,5,37.5,5,5,100.0,1.06,1.61,3.28,3.0,0.0,0,2,0
SYN04449,2,11,7,4,63.64,5,2,40.0,2.1,3.42,5.61,5.0,0.0,6,0,0
SYN04450,1,10,5,5,50.0,7,2,28.57,1.49,1.67,0.0,1.0,1.0,5,2,0
SYN04451,4,6,5,1,83.33,4,3,75.0,0.36,2.36,0.0,0.0,0.0,2,2,1
SYN04452,3,7,4,3,57.14,4,4,100.0,0.39,2.24,1.75,3.0,1.25,6,0,1
SYN04453,3,9,7,2,77.78,7,5,71.43,1.43,1.54,1.46,1.0,0.0,7,2,1
SYN04454,8,8,5,3,62.5,4,3,75.0,0.79,0.99,0.0,0.0,0.0,4,2,0
SYN04455,3,4,1,3,25.0,3,1,33.33,1.76,2.89,2.1,2.0,0.0,7,2,0
SYN04456,3,8,5,3,62.5,5,2,40.0,1.34,3.78,1.8,2.0,0.2,2,0,0
SYN04457,4,4,1,3,25.0,2,0,0.0,1.59,1.67,0.72,0.0,0.0,6,3,0
SYN04458,8,4,2,2,50.0,2,1,50.0,1.05,1.48,0.0,1.0,1.0,5,1,0
SYN04459,2,9,4,5,44.44,4,0,0.0,2.15,3.43,3.54,3.0,0.0,1,1,0
SYN04460,6,4,3,1,75.0,2,2,100.0,0.91,1.33,3.72,5.0,1.28,5,4,1
SYN04461,9,6,2,4,33.33,4,4,100.0,0.06,0.56,0.0,1.0,1.0,2,4,1
SYN04462,8,8,5,3,62.5,3,2,66.67,0.49,1.48,0.0,0.0,0.0,0,0,1
SYN04463,6,9,7,2,77.78,7,2,28.57,2.56,2.7,2.43,1.0,0.0,3,2,1
SYN04464,7,7,6,1,85.71,4,3,75.0,0.22,0.39,0.0,1.0,1.0,0,1,1
SYN04465,1,4,2,2,50.0,2,2,100.0,1.76,2.39,0.0,1.0,1.0,3,3,1
SYN04466,7,10,6,4,60.0,8,6,75.0,0.64,0.78,0.87,2.0,1.13,7,3,1
SYN04467,2,11,7,4,63.64,7,7,100.0,0.26,0.58,0.0,0.0,0.0,0,2,1
SYN04468,3,11,11,0,100.0,7,4,57.14,0.17,0.43,4.24,2.0,0.0,5,3,1
SYN04469,5,9,2,7,22.22,6,2,33.33,2.08,2.79,2.47,2.0,0.0,1,3,0
SYN04470,8,7,3,4,42.86,5,3,60.0,2.0,2.85,1.1,2.0,0.9,4,4,0
SYN04471,4,11,11,0,100.0,5,1,20.0,0.84,1.45,0.83,1.0,0.17,4,4,1
SYN04472,2,7,4,3,57.14,3,3,100.0,0.97,1.27,3.89,2.0,0.0,6,2,1
SYN04473,7,5,1,4,20.0,4,3,75.0,1.18,2.17,0.71,1.0,0.29,5,0,0
SYN04474,6,10,5,5,50.0,4,4,100.0,1.78,3.03,0.73,1.0,0.27,1,4,1
SYN04475,7,6,0,6,0.0,4,2,50.0,0.63,0.93,1.51,2.0,0.49,2,2,0
SYN04476,5,11,7,4,63.64,7,2,28.57,1.25,1.48,2.84,2.0,0.0,4,4,1
SYN04477,6,6,5,1,83.33,4,4,100.0,0.15,1.64,1.37,2.0,0.63,2,3,1
SYN04478,1,10,4,6,40.0,7,2,28.57,0.81,0.89,1.55,0.5,0.0,6,2,0
SYN04479,4,8,4,4,50.0,6,4,66.67,0.39,0.48,3.28,2.0,0.0,4,4,1
SYN04480,1,7,6,1,85.71,3,2,66.67,0.29,0.97,1.74,1.0,0.0,5,3,1
SYN04481,2,6,1,5,16.67,4,3,75.0,1.48,3.62,1.73,2.0,0.27,5,3,0
SYN04482,8,10,3,7,30.0,7,3,42.86,0.33,1.74,0.0,1.0,1.0,2,2,0
SYN04483,1,4,2,2,50.0,2,1,50.0,0.73,2.15,1.73,2.0,0.27,5,1,0
SYN04484,3,7,3,4,42.86,5,2,40.0,1.56,2.23,2.2,3.0,0.8,5,1,0
SYN04485,1,6,3,3,50.0,3,3,100.0,0.51,1.5,0.07,1.0,0.93,6,3,1
SYN04486,4,8,2,6,25.0,4,3,75.0,0.25,1.1,2.71,3.0,0.29,2,1,0
SYN04487,4,6,4,2,66.67,4,3,75.0,0.12,0.92,2.58,2.0,0.0,4,3,1
SYN04488,7,9,5,4,55.56,7,3,42.86,2.03,4.97,0.25,1.0,0.75,7,3,1
SYN04489,1,7,5,2,71.43,3,3,100.0,1.5,3.77,0.0,1.0,1.0,3,0,1
SYN04490,2,5,3,2,60.0,4,1,25.0,0.91,1.06,0.0,1.0,1.0,6,0,0
SYN04491,4,5,3,2,60.0,2,0,0.0,0.11,0.91,2.53,0.5,0.0,2,3,0
SYN04492,1,9,2,7,22.22,4,3,75.0,0.21,1.82,0.66,0.0,0.0,1,4,1
SYN04493,1,6,4,2,66.67,3,2,66.67,0.11,0.22,0.85,2.0,1.15,0,2,1
SYN04494,6,6,3,3,50.0,4,4,100.0,0.05,0.61,2.05,0.5,0.0,3,3,1
SYN04495,8,9,5,4,55.56,4,3,75.0,1.81,2.61,0.71,1.0,0.29,3,1,0
SYN04496,1,6,5,1,83.33,3,2,66.67,0.25,0.3,5.73,3.0,0.0,2,1,1
SYN04497,2,7,3,4,42.86,5,4,80.0,0.12,0.29,2.31,2.0,0.0,6,1,0
SYN04498,8,5,5,0,100.0,3,2,66.67,1.96,2.65,1.18,0.5,0.0,6,4,1
SYN04499,6,6,6,0,100.0,3,3,100.0,0.35,0.77,3.0,2.0,0.0,5,3,1
SYN04500,3,9,7,2,77.78,4,3,75.0,2.59,3.57,2.28,0.5,0.0,6,1,0
SYN04501,9,8,3,5,37.5,6,3,50.0,1.33,1.9,1.47,2.0,0.53,4,0,0
SYN04502,6,11,1,10,9.09,7,5,71.43,0.37,3.57,1.68,0.0,0.0,5,4,1
SYN04503,9,10,9,1,90.0,7,0,0.0,0.05,0.86,0.0,0.0,0.0,1,1,1
SYN04504,5,4,3,1,75.0,2,1,50.0,0.25,0.45,2.57,3.0,0.43,0,1,1
SYN04505,8,7,3,4,42.86,4,4,100.0,0.43,1.54,1.01,1.0,0.0,4,3,1
SYN04506,4,6,5,1,83.33,4,3,75.0,0.3,0.46,1.6,0.5,0.0,0,0,1
SYN04507,6,8,3,5,37.5,4,3,75.0,0.11,0.8,0.1,0.5,0.4,1,1,0
SYN04508,3,6,3,3,50.0,3,2,66.67,0.36,1.69,2.98,1.0,0.0,4,2,1
SYN04509,2,11,8,3,72.73,6,6,100.0,0.32,0.58,3.59,2.0,0.0,2,0,1
SYN04510,1,6,2,4,33.33,3,3,100.0,0.35,1.53,0.55,0.5,0.0,3,4,1
SYN04511,4,8,5,3,62.5,4,3,75.0,0.98,1.28,0.0,0.0,0.0,4,4,1
SYN04512,2,4,3,1,75.0,3,2,66.67,2.79,3.22,4.2,3.0,0.0,6,4,1
SYN04513,4,11,7,4,63.64,7,0,0.0,0.56,4.24,0.0,1.0,1.0,0,2,0
SYN04514,5,11,10,1,90.91,7,6,85.71,0.09,0.58,0.89,0.0,0.0,2,2,1
SYN04515,6,10,9,1,90.0,4,3,75.0,1.62,2.78,0.0,0.0,0.0,2,1,1
SYN04516,1,6,4,2,66.67,4,3,75.0,0.96,1.24,4.51,3.0,0.0,1,0,1
SYN04517,4,4,0,4,0.0,2,1,50.0,0.19,0.51,0.0,1.0,1.0,0,0,0
SYN04518,9,9,3,6,33.33,7,6,85.71,1.06,1.83,1.21,2.0,0.79,2,0,0
SYN04519,1,7,6,1,85.71,4,2,50.0,1.22,1.51,2.53,2.0,0.0,1,0,1
SYN04520,9,11,2,9,18.18,8,5,62.5,0.15,0.22,1.72,1.0,0.0,7,3,1
SYN04521,1,9,5,4,55.56,5,3,60.0,0.41,0.61,1.25,2.0,0.75,2,3,0
SYN04522,9,8,5,3,62.5,5,4,80.0,0.69,2.16,2.6,3.0,0.4,2,3,1
SYN04523,4,11,11,0,100.0,8,3,37.5,0.46,1.56,3.14,2.0,0.0,5,1,1
SYN04524,7,10,5,5,50.0,7,6,85.71,0.12,0.94,3.21,2.0,0.0,4,0,1
SYN04525,8,7,3,4,42.86,5,2,40.0,2.14,2.97,0.0,0.0,0.0,2,0,0
SYN04526,7,4,2,2,50.0,3,1,33.33,0.18,0.77,0.27,1.0,0.73,2,4,1
SYN04527,7,4,3,1,75.0,3,3,100.0,0.09,3.35,0.36,2.0,1.64,0,4,1
SYN04528,1,7,4,3,57.14,3,1,33.33,0.83,1.44,0.8,0.5,0.0,1,0,0
SYN04529,3,8,7,1,87.5,4,4,100.0,3.49,5.0,1.48,0.5,0.0,3,3,1
SYN04530,8,4,2,2,50.0,2,1,50.0,1.37,2.02,0.18,0.0,0.0,3,4,0
SYN04531,9,5,3,2,60.0,4,1,25.0,0.58,1.95,0.0,1.0,1.0,1,4,1
SYN04532,3,9,6,3,66.67,5,5,100.0,0.58,1.43,4.14,2.0,0.0,6,1,1
SYN04533,6,10,5,5,50.0,5,4,80.0,0.98,2.43,0.0,0.0,0.0,6,3,1
SYN04534,5,4,3,1,75.0,2,2,100.0,1.99,3.86,3.05,2.0,0.0,3,4,1
SYN04535,8,8,5,3,62.5,3,3,100.0,3.25,3.94,0.26,0.0,0.0,6,4,0
SYN04536,8,4,3,1,75.0,2,2,100.0,0.13,1.01,1.56,1.0,0.0,2,3,1
SYN04537,8,9,6,3,66.67,4,3,75.0,0.18,0.48,0.06,1.0,0.94,5,1,1
SYN04538,7,10,7,3,70.0,4,3,75.0,0.6,1.04,0.32,0.5,0.18,6,3,0
SYN04539,6,10,4,6,40.0,7,5,71.43,0.84,5.0,1.35,1.0,0.0,4,0,0
SYN04540,9,8,4,4,50.0,4,2,50.0,1.46,2.48,0.4,0.5,0.1,2,0,0
SYN04541,9,9,8,1,88.89,4,1,25.0,0.69,0.71,0.0,1.0,1.0,5,0,1
SYN04542,4,11,8,3,72.73,7,5,71.43,1.07,1.11,4.06,2.0,0.0,0,2,0
SYN04543,5,8,3,5,37.5,4,4,100.0,2.03,3.36,3.78,3.0,0.0,3,0,0
SYN04544,4,7,5,2,71.43,4,3,75.0,1.82,2.02,2.04,2.0,0.0,6,0,0
SYN04545,8,10,0,10,0.0,5,2,40.0,1.52,2.14,1.12,1.0,0.0,5,4,0
SYN04546,8,8,4,4,50.0,3,3,100.0,0.09,2.13,3.02,1.0,0.0,2,2,0
SYN04547,2,10,8,2,80.0,7,4,57.14,1.99,2.77,0.11,1.0,0.89,3,3,1
SYN04548,5,8,5,3,62.5,4,0,0.0,0.6,2.8,0.0,1.0,1.0,3,2,0
SYN04549,9,10,6,4,60.0,5,5,100.0,0.09,3.17,2.02,1.0,0.0,3,0,1
SYN04550,2,4,0,4,0.0,2,1,50.0,0.16,0.25,1.56,1.0,0.0,1,2,0
SYN04551,7,4,2,2,50.0,2,2,100.0,0.39,1.5,0.79,2.0,1.21,6,0,1
SYN04552,8,4,3,1,75.0,2,2,100.0,0.46,1.1,2.31,1.0,0.0,0,3,1
SYN04553,3,8,6,2,75.0,4,2,50.0,0.94,1.61,0.35,0.0,0.0,6,3,1
SYN04554,2,9,8,1,88.89,4,3,75.0,5.0,5.0,0.92,2.0,1.08,4,3,0
SYN04555,6,5,3,2,60.0,2,2,100.0,0.26,1.51,2.59,2.0,0.0,3,1,0
SYN04556,8,5,3,2,60.0,4,4,100.0,1.32,3.03,2.41,2.0,0.0,6,2,1
SYN04557,1,10,3,7,30.0,5,4,80.0,1.42,1.54,0.89,1.0,0.11,7,3,0
SYN04558,9,10,5,5,50.0,4,4,100.0,2.31,3.98,2.46,2.0,0.0,3,2,1
SYN04559,5,9,3,6,33.33,5,3,60.0,0.5,0.52,5.75,5.0,0.0,4,4,0
SYN04560,2,7,1,6,14.29,3,2,66.67,1.03,1.37,1.1,0.0,0.0,3,3,0
SYN04561,7,7,2,5,28.57,5,2,40.0,0.26,1.58,1.13,1.0,0.0,3,3,0
SYN04562,5,4,4,0,100.0,2,0,0.0,0.38,0.84,0.68,1.0,0.32,2,3,1
SYN04563,4,5,3,2,60.0,3,2,66.67,0.28,1.63,2.29,2.0,0.0,4,0,0
SYN04564,3,11,7,4,63.64,9,6,66.67,1.34,5.0,2.43,1.0,0.0,0,2,1
SYN04565,7,6,3,3,50.0,3,2,66.67,2.35,3.42,2.76,2.0,0.0,6,3,1
SYN04566,4,9,1,8,11.11,4,1,25.0,0.84,1.2,0.11,0.5,0.39,0,2,0
SYN04567,7,9,8,1,88.89,6,5,83.33,0.18,0.57,0.07,0.0,0.0,7,2,1
SYN04568,8,6,0,6,0.0,5,2,40.0,1.54,2.4,2.0,0.0,0.0,3,4,0
SYN04569,9,5,2,3,40.0,3,2,66.67,1.47,2.39,1.9,1.0,0.0,5,4,1
SYN04570,9,9,5,4,55.56,6,5,83.33,0.1,0.23,2.18,2.0,0.0,0,1,1
SYN04571,9,4,3,1,75.0,2,1,50.0,2.78,3.25,1.87,0.5,0.0,2,1,0
SYN04572,6,7,3,4,42.86,5,2,40.0,0.6,0.82,0.0,0.0,0.0,7,0,1
SYN04573,2,11,2,9,18.18,6,6,100.0,0.03,0.25,3.39,3.0,0.0,4,3,1
SYN04574,1,9,4,5,44.44,6,5,83.33,1.5,3.5,3.25,1.0,0.0,3,2,0
SYN04575,3,10,4,6,40.0,4,3,75.0,0.21,0.81,1.78,1.0,0.0,2,2,1
SYN04576,5,4,2,2,50.0,2,2,100.0,2.83,4.18,1.95,0.0,0.0,5,4,1
SYN04577,3,5,4,1,80.0,2,1,50.0,0.19,0.52,2.9,3.0,0.1,5,2,1
SYN04578,7,6,2,4,33.33,4,2,50.0,0.88,2.65,0.43,1.0,0.57,4,3,0
SYN04579,4,6,4,2,66.67,4,1,25.0,1.56,1.92,1.39,0.0,0.0,7,1,1
SYN04580,9,5,3,2,60.0,4,2,50.0,0.08,0.77,0.0,2.0,2.0,4,4,0
SYN04581,1,11,9,2,81.82,9,8,88.89,2.77,3.62,1.22,1.0,0.0,6,0,0
SYN04582,2,5,3,2,60.0,3,3,100.0,1.8,5.0,2.24,1.0,0.0,3,2,1
SYN04583,5,9,7,2,77.78,6,4,66.67,0.06,0.29,1.68,1.0,0.0,3,4,1
SYN04584,3,8,4,4,50.0,3,3,100.0,2.93,4.59,0.0,1.0,1.0,4,3,0
SYN04585,8,8,6,2,75.0,6,4,66.67,0.33,1.73,0.38,2.0,1.62,2,0,0
SYN04586,5,5,1,4,20.0,3,1,33.33,1.84,1.95,0.0,0.0,0.0,6,4,0
SYN04587,7,6,0,6,0.0,3,1,33.33,2.68,3.49,2.57,2.0,0.0,3,1,0
SYN04588,7,8,6,2,75.0,5,3,60.0,0.91,1.32,0.62,0.0,0.0,2,2,1
SYN04589,6,6,4,2,66.67,4,1,25.0,0.06,0.12,1.99,2.0,0.01,2,2,1
SYN04590,6,9,6,3,66.67,7,7,100.0,2.22,3.75,1.38,0.5,0.0,2,1,0
SYN04591,3,4,2,2,50.0,3,2,66.67,4.11,5.0,1.52,1.0,0.0,7,1,0
SYN04592,4,4,4,0,100.0,2,1,50.0,0.55,0.62,0.85,1.0,0.15,2,4,1
SYN04593,3,9,4,5,44.44,5,5,100.0,0.47,0.87,2.65,2.0,0.0,1,3,0
SYN04594,8,8,6,2,75.0,6,2,33.33,0.2,0.31,1.22,2.0,0.78,5,4,1
SYN04595,1,4,3,1,75.0,3,2,66.67,1.59,2.33,1.76,1.0,0.0,6,1,1
SYN04596,8,11,11,0,100.0,7,7,100.0,0.94,1.29,1.98,3.0,1.02,3,1,1
SYN04597,1,4,2,2,50.0,3,2,66.67,0.13,0.25,5.58,5.0,0.0,3,2,0
SYN04598,4,11,5,6,45.45,7,7,100.0,0.29,1.05,5.56,5.0,0.0,4,3,1
SYN04599,7,9,2,7,22.22,6,5,83.33,0.36,1.53,0.64,1.0,0.36,5,0,0
SYN04600,5,11,11,0,100.0,7,7,100.0,0.0,0.52,0.76,0.0,0.0,0,1,1
SYN04601,9,11,8,3,72.73,8,8,100.0,0.78,2.54,3.85,2.0,0.0,7,2,1
SYN04602,8,6,4,2,66.67,4,3,75.0,0.1,0.2,0.0,1.0,1.0,2,0,1
SYN04603,8,10,10,0,100.0,6,3,50.0,1.06,1.15,3.15,2.0,0.0,4,2,1
SYN04604,7,5,3,2,60.0,2,1,50.0,0.41,0.58,1.3,0.0,0.0,0,0,1
SYN04605,9,7,2,5,28.57,4,1,25.0,0.27,0.32,1.75,2.0,0.25,4,4,0
SYN04606,4,5,3,2,60.0,3,2,66.67,0.65,0.91,0.96,0.0,0.0,0,2,1
SYN04607,1,7,2,5,28.57,4,3,75.0,0.06,0.07,2.69,3.0,0.31,0,0,0
SYN04608,5,10,5,5,50.0,8,8,100.0,0.25,1.82,3.51,2.0,0.0,7,2,0
SYN04609,4,7,3,4,42.86,3,2,66.67,0.15,0.35,0.0,0.5,0.5,1,1,0
SYN04610,1,4,2,2,50.0,2,2,100.0,2.08,2.08,2.73,1.0,0.0,5,2,1
SYN04611,3,6,2,4,33.33,4,0,0.0,1.89,4.05,0.0,1.0,1.0,4,1,0
SYN04612,1,10,10,0,100.0,8,2,25.0,0.43,0.62,3.11,3.0,0.0,1,2,1
SYN04613,1,8,5,3,62.5,5,3,60.0,0.07,0.22,0.02,1.0,0.98,2,0,1
SYN04614,8,8,4,4,50.0,4,4,100.0,1.29,2.52,2.8,1.0,0.0,1,1,1
SYN04615,3,7,6,1,85.71,4,2,50.0,0.6,0.75,0.73,1.0,0.27,4,1,1
SYN04616,5,6,4,2,66.67,3,1,33.33,0.36,0.99,1.35,2.0,0.65,6,3,0
SYN04617,6,8,5,3,62.5,5,3,60.0,0.2,1.32,1.34,0.0,0.0,3,4,1
SYN04618,3,9,7,2,77.78,5,2,40.0,0.31,0.75,5.88,5.0,0.0,7,4,0
SYN04619,5,11,7,4,63.64,6,2,33.33,2.79,3.04,1.6,2.0,0.4,1,1,0
SYN04620,5,8,6,2,75.0,5,5,100.0,0.97,2.26,0.81,2.0,1.19,7,1,1
SYN04621,9,11,9,2,81.82,7,4,57.14,0.73,1.34,0.65,2.0,1.35,6,1,1
SYN04622,9,10,6,4,60.0,7,5,71.43,0.84,3.24,2.03,0.5,0.0,0,2,1
SYN04623,2,4,2,2,50.0,2,1,50.0,0.08,0.23,1.5,1.0,0.0,6,4,0
SYN04624,7,7,7,0,100.0,4,2,50.0,1.93,2.6,1.21,1.0,0.0,0,1,1
SYN04625,7,7,3,4,42.86,4,2,50.0,0.55,1.35,1.09,0.5,0.0,7,3,1
SYN04626,9,4,3,1,75.0,3,2,66.67,1.62,2.94,0.0,0.0,0.0,5,1,0
SYN04627,6,5,4,1,80.0,3,2,66.67,0.48,0.54,1.61,2.0,0.39,1,1,1
SYN04628,4,10,4,6,40.0,6,6,100.0,0.65,1.38,0.64,1.0,0.36,7,2,1
SYN04629,7,6,2,4,33.33,4,4,100.0,0.65,1.47,2.18,1.0,0.0,2,3,1
SYN04630,7,5,3,2,60.0,4,1,25.0,0.03,0.17,0.0,1.0,1.0,0,4,0
SYN04631,5,6,3,3,50.0,3,3,100.0,0.4,0.42,1.26,0.0,0.0,2,3,0
SYN04632,7,6,1,5,16.67,3,2,66.67,0.08,0.14,3.15,1.0,0.0,6,3,1
SYN04633,1,5,2,3,40.0,4,2,50.0,3.59,3.89,0.0,1.0,1.0,7,4,0
SYN04634,9,4,3,1,75.0,2,1,50.0,0.59,3.62,3.02,3.0,0.0,7,3,1
SYN04635,4,10,9,1,90.0,6,5,83.33,1.43,1.59,2.6,2.0,0.0,4,0,1
SYN04636,3,10,7,3,70.0,6,4,66.67,1.24,5.0,1.55,0.5,0.0,1,0,1
SYN04637,2,7,0,7,0.0,6,5,83.33,0.71,3.46,0.0,2.0,2.0,7,2,0
SYN04638,2,8,6,2,75.0,6,2,33.33,1.59,3.11,1.41,1.0,0.0,4,0,0
SYN04639,3,11,5,6,45.45,4,4,100.0,1.73,2.42,0.0,0.0,0.0,7,3,1
SYN04640,1,10,7,3,70.0,7,1,14.29,1.0,3.89,0.0,0.0,0.0,0,3,0
SYN04641,3,4,2,2,50.0,3,2,66.67,0.15,2.87,2.48,0.0,0.0,1,4,0
SYN04642,7,11,6,5,54.55,7,5,71.43,0.52,3.3,1.74,2.0,0.26,1,0,0
SYN04643,6,4,2,2,50.0,2,2,100.0,0.34,2.04,2.54,2.0,0.0,3,3,1
SYN04644,5,4,2,2,50.0,2,1,50.0,3.32,4.28,1.86,2.0,0.14,6,4,0
SYN04645,9,7,7,0,100.0,5,5,100.0,0.14,0.61,0.29,0.0,0.0,3,0,1
SYN04646,7,9,5,4,55.56,5,3,60.0,1.03,1.63,1.66,1.0,0.0,4,3,1
SYN04647,2,4,3,1,75.0,3,1,33.33,1.69,1.89,2.07,1.0,0.0,3,4,0
SYN04648,6,6,5,1,83.33,3,1,33.33,0.36,0.54,0.07,1.0,0.93,7,0,1
SYN04649,4,6,5,1,83.33,4,3,75.0,0.03,0.44,1.18,1.0,0.0,7,2,1
SYN04650,5,7,1,6,14.29,3,1,33.33,0.36,1.63,0.23,0.0,0.0,6,0,0
SYN04651,3,11,10,1,90.91,7,7,100.0,0.54,0.99,0.0,0.0,0.0,1,2,1
SYN04652,9,6,3,3,50.0,3,3,100.0,0.23,1.99,0.0,1.0,1.0,6,4,1
SYN04653,2,5,4,1,80.0,3,3,100.0,0.58,0.69,2.07,1.0,0.0,6,1,1
SYN04654,1,4,1,3,25.0,2,2,100.0,1.13,1.24,1.45,2.0,0.55,2,3,0
SYN04655,4,5,2,3,40.0,3,2,66.67,1.62,3.18,5.13,2.0,0.0,1,4,0
SYN04656,8,5,5,0,100.0,3,1,33.33,0.05,0.38,3.16,2.0,0.0,7,0,1
SYN04657,8,8,3,5,37.5,6,0,0.0,1.1,1.23,5.54,5.0,0.0,5,2,0
SYN04658,4,7,6,1,85.71,3,2,66.67,0.7,0.88,3.81,2.0,0.0,2,1,1
SYN04659,3,7,4,3,57.14,4,4,100.0,0.89,1.72,2.93,2.0,0.0,1,4,1
SYN04660,3,10,5,5,50.0,6,3,50.0,0.45,0.5,2.22,2.0,0.0,4,3,1
SYN04661,3,8,5,3,62.5,3,2,66.67,3.32,3.75,0.3,2.0,1.7,4,2,0
SYN04662,6,5,1,4,20.0,2,1,50.0,0.07,0.47,1.8,1.0,0.0,6,3,1
SYN04663,9,7,4,3,57.14,4,3,75.0,0.27,0.29,2.68,1.0,0.0,5,0,1
SYN04664,6,6,2,4,33.33,4,4,100.0,0.4,0.42,0.29,1.0,0.71,6,2,1
SYN04665,6,10,5,5,50.0,8,2,25.0,0.79,0.87,0.0,1.0,1.0,3,3,1
SYN04666,4,6,5,1,83.33,3,1,33.33,3.21,3.69,0.0,1.0,1.0,7,4,1
SYN04667,3,5,3,2,60.0,3,3,100.0,0.24,0.95,7.11,5.0,0.0,7,0,0
SYN04668,1,9,2,7,22.22,6,5,83.33,0.62,1.22,2.1,2.0,0.0,7,4,1
SYN04669,1,7,6,1,85.71,5,3,60.0,1.33,5.0,2.75,1.0,0.0,5,1,1
SYN04670,4,4,2,2,50.0,2,2,100.0,0.09,0.61,1.02,1.0,0.0,3,4,1
SYN04671,9,9,4,5,44.44,7,2,28.57,0.74,1.38,1.4,2.0,0.6,1,4,1
SYN04672,7,5,4,1,80.0,3,3,100.0,1.81,4.17,4.56,2.0,0.0,4,3,1
SYN04673,9,10,6,4,60.0,7,4,57.14,1.67,3.65,1.55,2.0,0.45,2,4,0
SYN04674,3,10,3,7,30.0,5,4,80.0,0.56,1.4,0.0,0.0,0.0,1,2,1
SYN04675,7,6,6,0,100.0,4,0,0.0,1.88,2.12,3.55,3.0,0.0,2,3,1
SYN04676,6,8,5,3,62.5,6,3,50.0,0.17,0.78,2.65,3.0,0.35,6,4,1
SYN04677,2,8,5,3,62.5,6,5,83.33,0.01,0.9,3.93,3.0,0.0,2,1,1
SYN04678,1,9,4,5,44.44,5,3,60.0,0.48,1.68,2.54,2.0,0.0,0,3,1
SYN04679,7,4,4,0,100.0,3,3,100.0,0.1,0.56,0.58,0.0,0.0,1,3,1
SYN04680,3,6,3,3,50.0,3,3,100.0,0.57,0.89,4.26,5.0,0.74,1,2,0
SYN04681,5,5,1,4,20.0,3,1,33.33,0.34,3.02,0.0,0.0,0.0,1,2,0
SYN04682,8,9,4,5,44.44,5,4,80.0,3.31,4.13,0.0,0.0,0.0,3,3,0
SYN04683,1,4,4,0,100.0,3,1,33.33,0.17,0.49,1.11,2.0,0.89,6,2,1
SYN04684,2,8,6,2,75.0,5,3,60.0,0.5,0.55,1.35,1.0,0.0,2,2,1
SYN04685,2,9,5,4,55.56,4,3,75.0,1.13,4.77,1.02,2.0,0.98,7,2,1
SYN04686,6,11,10,1,90.91,5,2,40.0,0.43,0.62,0.24,2.0,1.76,6,2,1
SYN04687,1,6,5,1,83.33,3,3,100.0,2.27,2.51,0.0,0.0,0.0,1,2,1
SYN04688,7,4,2,2,50.0,2,1,50.0,2.38,2.95,2.47,2.0,0.0,4,2,1
SYN04689,2,9,5,4,55.56,7,3,42.86,0.59,0.63,3.82,3.0,0.0,6,1,1
SYN04690,5,4,3,1,75.0,3,3,100.0,0.16,0.48,2.39,3.0,0.61,5,0,1
SYN04691,5,4,2,2,50.0,3,1,33.33,2.47,5.0,0.02,0.5,0.48,1,2,0
SYN04692,7,11,7,4,63.64,8,3,37.5,0.54,1.3,1.74,1.0,0.0,5,2,1
SYN04693,7,10,7,3,70.0,5,5,100.0,1.02,1.34,0.2,0.0,0.0,4,0,1
SYN04694,4,9,2,7,22.22,5,3,60.0,0.26,0.72,3.42,2.0,0.0,1,2,0
SYN04695,9,10,6,4,60.0,6,1,16.67,2.94,3.11,1.81,2.0,0.19,1,4,0
SYN04696,3,4,2,2,50.0,2,2,100.0,0.82,1.69,0.0,1.0,1.0,2,1,0
SYN04697,9,4,3,1,75.0,3,2,66.67,5.0,5.0,2.3,1.0,0.0,2,4,0
SYN04698,9,6,1,5,16.67,4,1,25.0,0.12,2.15,1.63,2.0,0.37,4,2,0
SYN04699,8,4,2,2,50.0,3,0,0.0,0.42,1.68,1.05,2.0,0.95,3,1,0
SYN04700,5,11,5,6,45.45,8,7,87.5,1.71,1.83,2.07,1.0,0.0,0,4,1
SYN04701,1,4,3,1,75.0,2,1,50.0,0.11,2.22,1.74,0.0,0.0,5,4,1
SYN04702,5,8,5,3,62.5,6,2,33.33,0.02,0.03,1.22,1.0,0.0,0,4,1
SYN04703,5,10,10,0,100.0,5,4,80.0,1.02,4.32,1.79,3.0,1.21,3,3,1
SYN04704,4,9,7,2,77.78,7,6,85.71,0.1,1.22,2.84,1.0,0.0,0,3,1
SYN04705,1,5,2,3,40.0,2,1,50.0,1.62,1.82,2.45,2.0,0.0,6,4,1
SYN04706,9,7,5,2,71.43,4,4,100.0,2.49,5.0,1.26,1.0,0.0,2,4,1
SYN04707,6,8,4,4,50.0,5,5,100.0,0.74,0.74,0.52,1.0,0.48,0,4,1
SYN04708,1,10,8,2,80.0,5,5,100.0,0.13,0.88,1.36,0.0,0.0,1,4,1
SYN04709,2,7,2,5,28.57,4,4,100.0,0.63,1.0,0.0,1.0,1.0,4,1,0
SYN04710,8,6,2,4,33.33,3,2,66.67,1.01,2.57,0.0,0.5,0.5,6,4,0
SYN04711,6,10,7,3,70.0,6,3,50.0,3.1,3.63,3.27,1.0,0.0,0,4,1
SYN04712,2,11,10,1,90.91,8,5,62.5,0.15,0.5,0.0,1.0,1.0,2,4,1
SYN04713,3,7,0,7,0.0,4,3,75.0,0.0,1.5,3.15,2.0,0.0,0,0,0
SYN04714,2,4,4,0,100.0,2,1,50.0,0.18,1.25,2.65,1.0,0.0,1,0,1
SYN04715,6,8,5,3,62.5,6,3,50.0,0.52,1.34,0.75,0.5,0.0,2,4,1
SYN04716,1,11,1,10,9.09,6,2,33.33,0.05,2.08,0.0,0.0,0.0,4,3,0
SYN04717,7,11,0,11,0.0,8,6,75.0,0.33,1.23,1.76,1.0,0.0,0,2,0
SYN04718,4,7,2,5,28.57,4,3,75.0,0.38,1.38,3.67,2.0,0.0,4,3,1
SYN04719,3,5,3,2,60.0,3,1,33.33,0.13,0.68,2.41,2.0,0.0,6,3,1
SYN04720,4,8,5,3,62.5,4,4,100.0,0.51,2.36,1.1,2.0,0.9,7,0,1
SYN04721,9,10,8,2,80.0,4,1,25.0,0.33,0.37,3.37,3.0,0.0,4,1,1
SYN04722,4,11,5,6,45.45,7,3,42.86,0.21,0.89,0.0,1.0,1.0,3,2,0
SYN04723,3,4,1,3,25.0,3,3,100.0,0.54,2.0,0.0,1.0,1.0,5,0,0
SYN04724,9,6,3,3,50.0,3,3,100.0,1.22,1.49,0.19,0.5,0.31,7,4,1
SYN04725,1,7,4,3,57.14,5,2,40.0,1.01,2.16,0.57,0.5,0.0,0,0,0
SYN04726,3,4,3,1,75.0,2,1,50.0,0.91,2.12,0.0,1.0,1.0,1,2,1
SYN04727,6,11,4,7,36.36,6,3,50.0,2.74,3.18,2.3,2.0,0.0,1,0,0
SYN04728,6,4,3,1,75.0,3,2,66.67,0.08,0.34,2.63,2.0,0.0,1,0,1
SYN04729,4,9,4,5,44.44,7,5,71.43,0.47,1.83,0.74,1.0,0.26,4,2,1
SYN04730,4,11,4,7,36.36,7,6,85.71,0.13,0.14,0.0,1.0,1.0,0,3,1
SYN04731,8,9,4,5,44.44,5,4,80.0,2.19,4.81,3.13,3.0,0.0,0,1,1
SYN04732,1,10,9,1,90.0,5,4,80.0,1.64,1.65,4.18,2.0,0.0,5,2,1
SYN04733,5,6,3,3,50.0,3,1,33.33,2.04,2.34,2.55,2.0,0.0,1,4,0
SYN04734,7,10,4,6,40.0,7,5,71.43,0.59,1.32,1.02,1.0,0.0,2,1,1
SYN04735,3,7,6,1,85.71,4,3,75.0,0.46,0.77,0.55,1.0,0.45,0,4,1
SYN04736,8,4,4,0,100.0,3,3,100.0,0.43,0.58,2.69,2.0,0.0,6,4,1
SYN04737,5,6,4,2,66.67,3,1,33.33,0.91,1.11,0.25,0.0,0.0,7,2,1
SYN04738,4,6,5,1,83.33,4,4,100.0,0.96,0.97,1.85,1.0,0.0,5,3,1
SYN04739,8,8,7,1,87.5,4,1,25.0,1.29,2.14,0.0,0.0,0.0,3,4,0
SYN04740,1,6,3,3,50.0,4,2,50.0,0.37,1.34,2.15,2.0,0.0,3,3,1
SYN04741,3,7,4,3,57.14,4,2,50.0,1.9,2.18,0.45,1.0,0.55,0,2,0
SYN04742,8,7,2,5,28.57,6,2,33.33,2.13,2.21,0.45,0.0,0.0,2,4,0
SYN04743,2,6,3,3,50.0,5,3,60.0,0.27,0.69,0.0,1.0,1.0,3,4,1
SYN04744,1,9,4,5,44.44,6,4,66.67,0.73,1.58,0.03,0.5,0.47,0,1,0
SYN04745,8,6,3,3,50.0,3,0,0.0,1.12,1.34,2.65,2.0,0.0,7,3,1
SYN04746,1,10,4,6,40.0,8,4,50.0,0.75,1.04,3.84,3.0,0.0,4,1,1
SYN04747,8,6,3,3,50.0,5,1,20.0,4.7,5.0,0.96,1.0,0.04,1,3,0
SYN04748,8,10,7,3,70.0,8,8,100.0,1.97,2.04,0.0,0.0,0.0,7,0,1
SYN04749,8,6,3,3,50.0,4,3,75.0,0.38,1.82,3.77,3.0,0.0,1,1,0
SYN04750,1,4,1,3,25.0,2,1,50.0,0.31,1.61,3.9,2.0,0.0,5,3,0
SYN04751,3,5,2,3,40.0,4,3,75.0,0.26,1.61,0.99,2.0,1.01,7,3,1
SYN04752,2,10,2,8,20.0,6,5,83.33,0.29,0.38,0.49,1.0,0.51,2,2,0
SYN04753,8,10,7,3,70.0,5,5,100.0,0.07,0.74,0.97,0.0,0.0,6,3,1
SYN04754,3,5,4,1,80.0,3,1,33.33,1.52,2.48,6.0,5.0,0.0,7,2,1
SYN04755,3,8,5,3,62.5,5,5,100.0,0.04,1.23,2.32,1.0,0.0,4,0,1
SYN04756,6,8,3,5,37.5,4,4,100.0,0.21,1.53,2.22,1.0,0.0,5,4,1
SYN04757,6,5,3,2,60.0,3,2,66.67,2.02,4.36,0.16,2.0,1.84,1,0,1
SYN04758,5,7,3,4,42.86,5,3,60.0,0.51,1.35,1.42,2.0,0.58,6,4,1
SYN04759,2,9,3,6,33.33,5,0,0.0,1.62,2.61,0.75,0.0,0.0,1,4,0
SYN04760,4,11,9,2,81.82,5,2,40.0,0.87,0.93,4.9,5.0,0.1,2,0,0
SYN04761,4,10,8,2,80.0,8,6,75.0,0.19,0.83,1.44,1.0,0.0,6,4,1
SYN04762,5,4,3,1,75.0,2,2,100.0,0.43,1.03,0.34,0.5,0.16,1,3,0
SYN04763,9,5,2,3,40.0,3,3,100.0,0.59,0.97,0.0,0.0,0.0,5,3,1
SYN04764,4,7,6,1,85.71,4,3,75.0,1.43,2.7,0.71,1.0,0.29,2,1,1
SYN04765,1,5,2,3,40.0,3,3,100.0,0.2,0.8,0.0,1.0,1.0,2,0,0
SYN04766,1,8,6,2,75.0,5,5,100.0,2.65,2.97,0.0,0.0,0.0,7,0,1
SYN04767,2,4,2,2,50.0,2,1,50.0,0.32,0.67,0.92,1.0,0.08,0,2,1
SYN04768,8,4,2,2,50.0,3,3,100.0,1.15,3.56,0.94,1.0,0.06,5,3,1
SYN04769,6,4,0,4,0.0,2,1,50.0,0.93,3.27,1.68,1.0,0.0,1,0,0
SYN04770,3,6,3,3,50.0,5,1,20.0,2.15,3.06,4.66,5.0,0.34,6,1,0
SYN04771,8,10,6,4,60.0,7,4,57.14,0.35,2.42,3.01,1.0,0.0,5,4,1
SYN04772,9,5,2,3,40.0,2,1,50.0,0.85,2.88,4.48,3.0,0.0,4,2,1
SYN04773,4,11,11,0,100.0,7,4,57.14,1.45,2.13,0.4,1.0,0.6,5,0,1
SYN04774,8,6,2,4,33.33,3,3,100.0,0.8,0.94,0.74,0.5,0.0,0,4,1
SYN04775,7,4,2,2,50.0,3,2,66.67,1.0,2.42,1.96,0.5,0.0,2,1,0
SYN04776,3,6,2,4,33.33,4,3,75.0,0.8,2.56,2.23,3.0,0.77,5,0,0
SYN04777,9,9,4,5,44.44,5,3,60.0,2.88,3.31,0.0,0.0,0.0,4,2,1
SYN04778,9,4,3,1,75.0,2,0,0.0,3.26,5.0,2.06,0.5,0.0,1,0,0
SYN04779,7,4,4,0,100.0,3,1,33.33,0.31,2.15,1.83,1.0,0.0,6,3,0
SYN04780,9,10,4,6,40.0,7,4,57.14,0.69,1.39,3.29,2.0,0.0,2,3,0
SYN04781,4,8,3,5,37.5,5,2,40.0,0.72,1.04,1.38,1.0,0.0,5,4,1
SYN04782,7,6,2,4,33.33,3,2,66.67,1.34,2.79,0.0,0.0,0.0,5,1,0
SYN04783,6,10,9,1,90.0,5,5,100.0,0.51,1.82,0.0,1.0,1.0,1,2,0
SYN04784,6,10,9,1,90.0,7,4,57.14,0.83,4.02,3.16,3.0,0.0,0,3,1
SYN04785,3,6,3,3,50.0,4,1,25.0,0.41,0.45,4.48,3.0,0.0,7,0,1
SYN04786,4,8,2,6,25.0,6,3,50.0,1.01,1.3,6.49,5.0,0.0,6,1,0
SYN04787,1,4,1,3,25.0,2,2,100.0,0.68,0.84,2.28,1.0,0.0,0,0,0
SYN04788,5,6,4,2,66.67,4,4,100.0,0.99,1.89,0.94,0.0,0.0,1,3,1
SYN04789,2,8,6,2,75.0,5,4,80.0,0.11,1.34,2.65,0.0,0.0,4,3,1
SYN04790,5,5,0,5,0.0,4,1,25.0,0.84,2.95,1.14,3.0,1.86,7,0,0
SYN04791,4,11,6,5,54.55,6,4,66.67,0.46,2.92,2.28,2.0,0.0,1,0,1
SYN04792,2,11,11,0,100.0,8,6,75.0,2.13,2.22,0.88,2.0,1.12,4,2,1
SYN04793,3,6,3,3,50.0,3,2,66.67,0.2,1.78,2.86,1.0,0.0,5,3,1
SYN04794,8,7,7,0,100.0,5,2,40.0,1.82,2.94,0.34,1.0,0.66,7,3,1
SYN04795,1,5,4,1,80.0,4,2,50.0,0.09,0.67,2.21,1.0,0.0,4,2,1
SYN04796,2,8,3,5,37.5,6,3,50.0,0.06,4.76,0.46,1.0,0.54,3,4,0
SYN04797,4,4,2,2,50.0,2,1,50.0,1.32,1.33,1.5,1.0,0.0,1,2,0
SYN04798,7,7,4,3,57.14,5,5,100.0,0.21,1.2,0.37,0.5,0.13,4,2,1
SYN04799,8,8,3,5,37.5,4,4,100.0,0.0,0.13,0.0,0.0,0.0,4,1,1
SYN04800,7,8,3,5,37.5,3,2,66.67,0.43,1.04,0.9,0.5,0.0,7,3,1
SYN04801,1,8,8,0,100.0,6,4,66.67,0.64,1.69,6.1,5.0,0.0,4,4,1
SYN04802,4,5,2,3,40.0,4,3,75.0,0.25,1.86,4.87,5.0,0.13,6,1,1
SYN04803,9,10,9,1,90.0,4,4,100.0,0.75,0.96,3.07,2.0,0.0,3,3,1
SYN04804,7,9,4,5,44.44,7,6,85.71,0.71,1.12,3.25,2.0,0.0,3,2,1
SYN04805,2,10,6,4,60.0,6,5,83.33,1.41,1.48,0.0,0.0,0.0,0,2,1
SYN04806,4,7,5,2,71.43,5,3,60.0,1.85,1.92,2.26,0.0,0.0,3,2,1
SYN04807,5,11,5,6,45.45,8,4,50.0,1.4,1.57,0.89,0.0,0.0,1,2,0
SYN04808,2,7,5,2,71.43,5,5,100.0,1.29,1.35,0.0,0.0,0.0,2,3,1
SYN04809,9,10,1,9,10.0,7,6,85.71,1.09,2.4,2.74,2.0,0.0,7,1,1
SYN04810,7,5,4,1,80.0,4,2,50.0,0.76,0.94,1.25,0.0,0.0,5,0,1
SYN04811,1,5,0,5,0.0,3,2,66.67,0.03,0.94,3.71,3.0,0.0,1,1,0
SYN04812,3,8,4,4,50.0,4,4,100.0,1.28,3.01,2.24,2.0,0.0,4,2,0
SYN04813,6,8,7,1,87.5,4,0,0.0,0.31,0.32,0.0,0.5,0.5,3,4,1
SYN04814,7,9,7,2,77.78,6,2,33.33,0.1,1.2,0.84,2.0,1.16,6,3,1
SYN04815,7,6,2,4,33.33,3,2,66.67,0.04,0.57,2.81,2.0,0.0,2,2,0
SYN04816,9,10,3,7,30.0,8,1,12.5,0.14,0.53,0.0,1.0,1.0,5,4,0
SYN04817,6,6,3,3,50.0,3,0,0.0,0.19,0.77,0.62,0.0,0.0,6,0,0
SYN04818,2,8,5,3,62.5,6,3,50.0,0.06,0.82,2.06,1.0,0.0,5,3,1
SYN04819,1,11,1,10,9.09,7,6,85.71,1.34,2.46,0.86,1.0,0.14,4,4,1
SYN04820,1,8,5,3,62.5,6,5,83.33,0.75,0.9,0.0,2.0,2.0,0,3,0
SYN04821,5,9,6,3,66.67,7,7,100.0,0.16,1.84,0.12,1.0,0.88,5,2,1
SYN04822,6,11,6,5,54.55,6,4,66.67,0.72,1.84,3.82,3.0,0.0,7,2,0
SYN04823,2,11,8,3,72.73,7,4,57.14,0.02,0.53,2.51,1.0,0.0,5,0,0
SYN04824,4,7,5,2,71.43,3,1,33.33,1.72,1.76,2.5,5.0,2.5,4,0,0
SYN04825,4,7,3,4,42.86,5,3,60.0,0.67,1.49,0.1,0.0,0.0,4,0,1
SYN04826,4,5,1,4,20.0,4,3,75.0,0.71,1.7,0.24,2.0,1.76,0,4,0
SYN04827,3,8,5,3,62.5,4,3,75.0,0.23,1.01,0.11,0.0,0.0,7,1,1
SYN04828,3,11,4,7,36.36,5,4,80.0,0.71,0.82,1.81,2.0,0.19,2,4,1
SYN04829,7,7,3,4,42.86,4,3,75.0,0.62,0.76,5.83,3.0,0.0,5,3,0
SYN04830,7,6,4,2,66.67,3,3,100.0,1.78,4.91,0.35,1.0,0.65,4,3,1
SYN04831,8,4,4,0,100.0,3,2,66.67,0.31,2.64,1.26,0.0,0.0,5,4,1
SYN04832,9,7,4,3,57.14,4,4,100.0,2.05,3.55,6.21,5.0,0.0,0,2,1
SYN04833,2,5,4,1,80.0,4,2,50.0,3.12,5.0,4.77,5.0,0.23,5,0,0
SYN04834,4,11,3,8,27.27,9,6,66.67,0.59,1.47,2.14,2.0,0.0,4,4,0
SYN04835,6,8,5,3,62.5,6,3,50.0,3.39,4.08,1.0,1.0,0.0,3,1,0
SYN04836,6,5,3,2,60.0,3,3,100.0,2.14,3.5,0.0,0.0,0.0,5,0,1
SYN04837,8,4,4,0,100.0,2,1,50.0,0.77,1.28,0.0,1.0,1.0,5,1,1
SYN04838,9,10,5,5,50.0,7,4,57.14,1.04,1.47,1.51,2.0,0.49,6,4,0
SYN04839,4,11,6,5,54.55,7,1,14.29,0.68,0.73,0.0,0.5,0.5,4,2,0
SYN04840,6,10,9,1,90.0,8,7,87.5,1.26,2.53,0.0,0.0,0.0,6,2,1
SYN04841,9,4,2,2,50.0,2,2,100.0,0.04,0.16,2.77,3.0,0.23,7,3,1
SYN04842,5,4,1,3,25.0,2,2,100.0,0.66,1.23,2.19,2.0,0.0,6,2,1
SYN04843,2,5,5,0,100.0,4,4,100.0,0.04,1.9,2.53,2.0,0.0,7,0,1
SYN04844,8,10,3,7,30.0,7,6,85.71,3.73,3.86,2.76,3.0,0.24,4,0,0
SYN04845,2,10,6,4,60.0,5,4,80.0,2.31,3.19,0.08,1.0,0.92,3,4,1
SYN04846,7,10,7,3,70.0,7,6,85.71,0.19,1.52,1.51,1.0,0.0,0,1,0
SYN04847,2,4,3,1,75.0,2,2,100.0,0.23,1.33,3.95,3.0,0.0,4,1,1
SYN04848,3,5,3,2,60.0,3,1,33.33,0.52,5.0,4.42,5.0,0.58,5,0,0
SYN04849,9,11,6,5,54.55,6,4,66.67,1.07,1.57,0.0,0.0,0.0,2,3,1
SYN04850,2,11,6,5,54.55,6,4,66.67,0.97,1.41,0.46,1.0,0.54,0,2,1
SYN04851,6,9,3,6,33.33,4,2,50.0,0.32,1.66,0.78,1.0,0.22,6,3,1
SYN04852,5,4,4,0,100.0,2,0,0.0,0.46,0.73,1.37,0.0,0.0,1,0,1
SYN04853,2,4,2,2,50.0,2,1,50.0,0.15,1.01,1.33,0.5,0.0,5,2,1
SYN04854,6,4,3,1,75.0,2,1,50.0,0.21,0.48,0.0,0.0,0.0,7,2,1
SYN04855,4,9,5,4,55.56,5,5,100.0,0.26,1.97,4.28,2.0,0.0,7,4,1
SYN04856,9,10,5,5,50.0,6,4,66.67,2.6,3.27,0.0,0.0,0.0,1,3,0
SYN04857,3,9,4,5,44.44,6,6,100.0,2.16,3.48,4.7,3.0,0.0,4,3,1
SYN04858,6,6,1,5,16.67,4,2,50.0,1.16,1.25,2.47,1.0,0.0,7,3,0
SYN04859,8,10,6,4,60.0,5,4,80.0,1.13,5.0,2.38,1.0,0.0,5,3,0
SYN04860,5,4,2,2,50.0,2,2,100.0,0.49,1.23,2.39,2.0,0.0,2,1,1
SYN04861,4,10,9,1,90.0,7,7,100.0,0.07,0.53,2.14,2.0,0.0,0,2,1
SYN04862,4,11,3,8,27.27,8,7,87.5,0.74,4.05,2.01,2.0,0.0,4,4,0
SYN04863,1,9,4,5,44.44,7,7,100.0,0.09,0.31,4.02,3.0,0.0,4,3,1
SYN04864,7,11,4,7,36.36,9,6,66.67,0.0,0.51,1.05,2.0,0.95,1,4,0
SYN04865,1,8,8,0,100.0,5,5,100.0,0.23,0.75,1.68,2.0,0.32,3,0,1
SYN04866,8,7,3,4,42.86,5,5,100.0,0.75,1.47,4.0,2.0,0.0,3,4,1
SYN04867,6,6,4,2,66.67,3,1,33.33,1.58,2.95,1.75,1.0,0.0,4,3,0
SYN04868,1,11,9,2,81.82,8,6,75.0,0.52,1.35,3.14,2.0,0.0,0,0,1
SYN04869,2,9,5,4,55.56,7,2,28.57,1.32,1.77,0.0,1.0,1.0,2,4,0
SYN04870,1,5,1,4,20.0,4,4,100.0,0.09,0.36,4.48,5.0,0.52,6,4,1
SYN04871,9,11,3,8,27.27,6,4,66.67,0.42,3.77,1.4,1.0,0.0,2,3,1
SYN04872,1,4,3,1,75.0,2,2,100.0,1.25,5.0,0.45,0.5,0.05,6,4,1
SYN04873,9,8,2,6,25.0,4,2,50.0,0.29,0.67,0.0,1.0,1.0,6,4,1
SYN04874,1,5,3,2,60.0,3,0,0.0,1.7,1.99,1.91,1.0,0.0,6,2,0
SYN04875,5,9,6,3,66.67,7,7,100.0,0.04,4.18,2.29,1.0,0.0,4,4,1
SYN04876,6,7,5,2,71.43,5,3,60.0,4.02,5.0,0.66,1.0,0.34,2,2,0
SYN04877,7,7,5,2,71.43,3,1,33.33,2.48,2.98,3.95,3.0,0.0,2,0,0
SYN04878,5,9,3,6,33.33,6,6,100.0,1.65,2.2,3.43,1.0,0.0,4,0,0
SYN04879,2,10,4,6,40.0,6,6,100.0,0.37,0.82,6.83,5.0,0.0,6,3,1
SYN04880,3,7,5,2,71.43,4,2,50.0,0.04,3.32,1.71,2.0,0.29,6,0,1
SYN04881,1,11,5,6,45.45,6,4,66.67,0.26,1.6,0.0,0.5,0.5,0,4,1
SYN04882,8,7,0,7,0.0,4,3,75.0,1.09,1.85,1.28,1.0,0.0,7,4,1
SYN04883,1,5,4,1,80.0,3,1,33.33,0.73,0.84,5.82,3.0,0.0,2,0,1
SYN04884,6,4,1,3,25.0,3,1,33.33,0.11,0.65,3.61,2.0,0.0,2,0,0
SYN04885,6,5,4,1,80.0,4,4,100.0,0.1,0.13,0.0,0.0,0.0,2,0,1
SYN04886,3,9,9,0,100.0,5,3,60.0,1.78,1.95,2.87,1.0,0.0,2,3,1
SYN04887,2,8,5,3,62.5,5,2,40.0,0.46,0.65,2.4,1.0,0.0,1,1,1
SYN04888,6,6,5,1,83.33,3,2,66.67,0.44,1.1,0.0,2.0,2.0,2,3,1
SYN04889,7,7,4,3,57.14,4,4,100.0,0.61,0.7,1.77,0.5,0.0,6,4,1
SYN04890,5,10,10,0,100.0,6,1,16.67,3.09,3.31,1.14,1.0,0.0,0,3,1
SYN04891,7,8,3,5,37.5,5,4,80.0,2.02,2.38,0.0,1.0,1.0,5,4,0
SYN04892,6,4,2,2,50.0,3,3,100.0,3.57,3.94,1.11,1.0,0.0,7,2,1
SYN04893,9,4,3,1,75.0,2,2,100.0,2.38,2.47,1.0,0.5,0.0,5,4,1
SYN04894,3,7,4,3,57.14,5,4,80.0,0.67,2.38,1.05,2.0,0.95,3,3,1
SYN04895,7,7,6,1,85.71,4,4,100.0,0.82,2.47,1.86,2.0,0.14,4,2,1
SYN04896,4,10,5,5,50.0,6,6,100.0,0.9,3.1,1.6,2.0,0.4,4,1,1
SYN04897,6,8,8,0,100.0,6,4,66.67,0.74,2.29,3.95,3.0,0.0,3,3,1
SYN04898,5,10,10,0,100.0,7,6,85.71,0.98,1.09,1.64,2.0,0.36,6,3,0
SYN04899,4,8,5,3,62.5,6,6,100.0,1.05,1.98,0.0,0.0,0.0,5,0,1
SYN04900,7,6,4,2,66.67,4,1,25.0,1.58,3.39,0.0,0.0,0.0,0,1,0
SYN04901,9,9,8,1,88.89,5,4,80.0,0.64,0.86,0.86,2.0,1.14,5,4,1
SYN04902,4,8,2,6,25.0,6,5,83.33,1.34,2.75,0.45,2.0,1.55,1,0,0
SYN04903,2,9,2,7,22.22,7,5,71.43,0.67,0.93,6.42,5.0,0.0,4,4,0
SYN04904,5,5,5,0,100.0,3,2,66.67,3.26,5.0,0.96,0.0,0.0,1,0,1
SYN04905,2,9,6,3,66.67,4,3,75.0,1.12,3.1,0.0,0.5,0.5,3,2,1
SYN04906,5,6,3,3,50.0,3,2,66.67,1.02,2.99,0.48,2.0,1.52,1,1,0
SYN04907,6,10,6,4,60.0,7,7,100.0,0.56,1.27,2.88,3.0,0.12,1,0,1
SYN04908,5,10,0,10,0.0,8,6,75.0,0.17,0.98,0.0,1.0,1.0,6,1,0
SYN04909,9,8,4,4,50.0,6,4,66.67,0.11,1.06,0.71,1.0,0.29,0,4,1
SYN04910,3,11,5,6,45.45,6,2,33.33,0.19,0.5,3.08,3.0,0.0,2,1,0
SYN04911,1,8,7,1,87.5,3,2,66.67,2.09,2.27,1.37,1.0,0.0,0,4,1
SYN04912,7,4,3,1,75.0,2,1,50.0,0.19,5.0,2.41,2.0,0.0,1,3,0
SYN04913,9,8,6,2,75.0,4,2,50.0,2.04,2.34,2.06,3.0,0.94,5,4,0
SYN04914,1,10,7,3,70.0,4,4,100.0,0.55,0.65,1.08,1.0,0.0,4,2,1
SYN04915,4,4,1,3,25.0,2,2,100.0,1.65,2.5,2.54,1.0,0.0,2,2,0
SYN04916,6,4,3,1,75.0,2,2,100.0,0.9,1.91,0.48,3.0,2.52,0,0,0
SYN04917,6,6,5,1,83.33,3,1,33.33,0.96,1.74,1.39,1.0,0.0,5,1,1
SYN04918,8,10,9,1,90.0,7,3,42.86,1.38,1.52,0.0,0.0,0.0,2,2,1
SYN04919,7,8,8,0,100.0,4,4,100.0,0.41,1.85,2.68,1.0,0.0,4,1,1
SYN04920,9,11,2,9,18.18,6,4,66.67,0.08,0.36,2.98,2.0,0.0,1,0,0
SYN04921,6,10,5,5,50.0,6,4,66.67,1.05,1.29,1.44,0.5,0.0,3,2,1
SYN04922,2,8,3,5,37.5,6,5,83.33,0.47,1.98,0.98,2.0,1.02,6,4,0
SYN04923,9,9,6,3,66.67,6,5,83.33,0.84,2.05,0.82,0.5,0.0,5,4,1
SYN04924,4,6,4,2,66.67,4,1,25.0,1.17,1.55,0.45,0.0,0.0,3,1,1
SYN04925,3,4,2,2,50.0,3,3,100.0,0.25,0.62,0.0,0.5,0.5,1,0,0
SYN04926,7,7,6,1,85.71,5,3,60.0,0.54,1.0,1.18,1.0,0.0,2,0,1
SYN04927,7,8,3,5,37.5,5,5,100.0,0.42,1.24,3.74,3.0,0.0,7,3,0
SYN04928,7,5,2,3,40.0,3,1,33.33,0.08,0.5,0.0,1.0,1.0,7,3,0
SYN04929,5,5,2,3,40.0,3,2,66.67,0.59,1.1,2.72,2.0,0.0,2,4,1
SYN04930,7,4,2,2,50.0,2,1,50.0,1.15,1.44,0.12,0.0,0.0,5,2,0
SYN04931,7,9,3,6,33.33,5,0,0.0,0.01,1.09,2.66,1.0,0.0,6,1,0
SYN04932,2,11,6,5,54.55,6,5,83.33,0.52,0.57,0.5,1.0,0.5,3,0,0
SYN04933,8,10,6,4,60.0,5,1,20.0,0.41,0.45,2.21,2.0,0.0,1,2,1
SYN04934,5,7,3,4,42.86,4,2,50.0,0.86,0.96,2.41,2.0,0.0,2,1,0
SYN04935,4,8,7,1,87.5,5,5,100.0,0.14,0.54,0.0,2.0,2.0,3,3,1
SYN04936,4,11,6,5,54.55,7,4,57.14,0.25,1.28,0.57,1.0,0.43,2,3,1
SYN04937,1,8,7,1,87.5,4,2,50.0,1.1,1.31,3.1,3.0,0.0,3,2,1
SYN04938,5,6,3,3,50.0,3,3,100.0,0.57,2.95,0.0,2.0,2.0,1,3,0
SYN04939,8,6,4,2,66.67,3,2,66.67,0.73,1.4,3.81,3.0,0.0,2,2,1
SYN04940,9,9,4,5,44.44,6,3,50.0,0.95,1.1,1.1,1.0,0.0,1,3,1
SYN04941,2,7,4,3,57.14,4,4,100.0,0.1,0.48,0.1,0.0,0.0,2,3,1
SYN04942,7,10,8,2,80.0,4,1,25.0,1.01,2.19,2.87,2.0,0.0,2,0,0
SYN04943,3,10,5,5,50.0,4,2,50.0,1.14,1.41,0.51,1.0,0.49,3,0,0
SYN04944,1,4,3,1,75.0,2,2,100.0,0.64,0.64,2.05,2.0,0.0,7,2,1
SYN04945,6,9,4,5,44.44,4,1,25.0,0.86,0.92,1.04,0.0,0.0,6,3,0
SYN04946,1,6,5,1,83.33,4,4,100.0,2.27,3.56,1.07,1.0,0.0,4,2,1
SYN04947,2,8,4,4,50.0,5,3,60.0,2.1,2.23,0.0,0.5,0.5,4,4,1
SYN04948,3,6,5,1,83.33,5,4,80.0,1.05,3.1,1.06,1.0,0.0,2,4,1
SYN04949,8,6,4,2,66.67,4,4,100.0,1.46,4.3,0.58,0.5,0.0,0,0,0
SYN04950,2,6,6,0,100.0,2,1,50.0,2.09,2.32,4.08,3.0,0.0,4,3,1
SYN04951,3,4,1,3,25.0,2,1,50.0,1.68,2.22,0.09,0.5,0.41,1,0,0
SYN04952,9,10,2,8,20.0,7,4,57.14,1.14,1.17,0.0,1.0,1.0,0,3,0
SYN04953,3,5,2,3,40.0,3,3,100.0,1.44,2.37,0.0,0.0,0.0,7,0,0
SYN04954,3,7,2,5,28.57,5,2,40.0,1.22,3.32,2.23,0.5,0.0,1,0,0
SYN04955,7,5,1,4,20.0,3,1,33.33,0.81,1.19,1.35,1.0,0.0,0,3,0
SYN04956,1,5,4,1,80.0,2,2,100.0,0.73,1.44,1.67,0.0,0.0,4,1,1
SYN04957,2,6,4,2,66.67,3,1,33.33,1.88,2.06,2.84,1.0,0.0,5,1,1
SYN04958,4,11,5,6,45.45,8,6,75.0,1.53,3.11,0.0,0.5,0.5,2,2,1
SYN04959,6,11,6,5,54.55,9,5,55.56,0.31,0.9,1.02,2.0,0.98,1,2,0
SYN04960,1,7,3,4,42.86,5,3,60.0,1.72,4.0,2.85,3.0,0.15,1,3,0
SYN04961,1,8,8,0,100.0,4,4,100.0,4.14,5.0,2.74,2.0,0.0,3,3,1
SYN04962,1,11,5,6,45.45,8,5,62.5,0.78,1.46,0.0,0.0,0.0,3,4,0
SYN04963,7,5,1,4,20.0,2,1,50.0,0.74,2.06,1.55,1.0,0.0,2,2,1
SYN04964,7,11,9,2,81.82,6,3,50.0,0.56,1.87,0.49,0.0,0.0,7,4,1
SYN04965,4,4,2,2,50.0,3,2,66.67,1.33,1.43,0.0,1.0,1.0,7,3,1
SYN04966,2,5,5,0,100.0,4,2,50.0,0.23,0.69,0.69,2.0,1.31,6,0,1
SYN04967,7,6,3,3,50.0,3,2,66.67,0.12,0.28,0.53,0.0,0.0,4,4,1
SYN04968,7,4,3,1,75.0,2,2,100.0,0.54,1.6,3.49,1.0,0.0,7,2,1
SYN04969,1,10,9,1,90.0,5,4,80.0,3.08,3.18,1.65,2.0,0.35,1,2,0
SYN04970,7,10,5,5,50.0,6,3,50.0,0.89,1.29,1.4,1.0,0.0,5,4,1
SYN04971,9,7,3,4,42.86,3,3,100.0,1.45,2.74,0.0,0.5,0.5,4,4,1
SYN04972,7,10,8,2,80.0,7,1,14.29,1.27,1.53,3.28,3.0,0.0,4,4,1
SYN04973,4,10,7,3,70.0,4,4,100.0,0.37,2.18,0.0,0.5,0.5,0,2,1
SYN04974,2,10,2,8,20.0,7,7,100.0,1.17,1.78,1.69,2.0,0.31,1,2,0
SYN04975,4,10,3,7,30.0,5,5,100.0,0.21,0.5,3.44,0.5,0.0,7,2,1
SYN04976,4,8,0,8,0.0,5,5,100.0,0.07,0.4,5.13,5.0,0.0,2,1,1
SYN04977,2,4,3,1,75.0,2,2,100.0,0.22,1.38,0.12,2.0,1.88,2,1,1
SYN04978,9,11,6,5,54.55,6,6,100.0,0.96,1.4,1.77,1.0,0.0,5,1,1
SYN04979,2,8,4,4,50.0,5,2,40.0,0.47,5.0,6.36,5.0,0.0,7,3,0
SYN04980,3,11,2,9,18.18,7,4,57.14,0.64,0.94,0.81,0.0,0.0,3,1,0
SYN04981,1,11,4,7,36.36,9,6,66.67,0.6,0.77,2.79,3.0,0.21,6,3,1
SYN04982,6,5,2,3,40.0,3,3,100.0,0.59,1.8,0.9,2.0,1.1,4,1,0
SYN04983,1,7,3,4,42.86,4,2,50.0,1.37,3.07,0.0,0.5,0.5,1,4,1
SYN04984,7,5,3,2,60.0,4,2,50.0,0.94,1.49,0.77,1.0,0.23,4,2,1
SYN04985,5,4,3,1,75.0,2,1,50.0,3.48,3.59,0.0,0.0,0.0,7,2,0
SYN04986,5,11,11,0,100.0,8,7,87.5,0.63,1.18,0.33,1.0,0.67,7,4,1
SYN04987,7,11,7,4,63.64,9,4,44.44,1.0,1.0,2.46,1.0,0.0,7,4,1
SYN04988,9,11,10,1,90.91,8,7,87.5,1.71,2.87,2.11,1.0,0.0,0,1,1
SYN04989,1,11,4,7,36.36,7,7,100.0,0.03,3.13,3.52,2.0,0.0,6,1,1
SYN04990,7,9,2,7,22.22,6,6,100.0,0.06,0.14,2.05,3.0,0.95,3,2,1
SYN04991,2,8,4,4,50.0,5,4,80.0,0.99,1.52,0.0,1.0,1.0,3,3,0
SYN04992,1,11,2,9,18.18,7,4,57.14,0.11,1.92,2.09,2.0,0.0,3,4,1
SYN04993,1,8,5,3,62.5,6,6,100.0,0.4,0.41,0.5,0.0,0.0,5,1,1
SYN04994,3,9,4,5,44.44,5,3,60.0,2.5,4.93,5.09,5.0,0.0,4,2,0
SYN04995,5,5,1,4,20.0,4,4,100.0,2.56,5.0,3.42,3.0,0.0,0,0,0
SYN04996,2,9,9,0,100.0,5,5,100.0,0.07,0.13,4.9,3.0,0.0,3,3,1
SYN04997,2,10,5,5,50.0,5,4,80.0,0.59,0.77,1.74,2.0,0.26,7,2,1
SYN04998,9,9,2,7,22.22,6,2,33.33,0.78,5.0,1.97,1.0,0.0,1,3,0
SYN04999,2,7,6,1,85.71,5,2,40.0,2.04,4.17,1.12,0.5,0.0,1,1,0
SYN05000,1,5,2,3,40.0,3,2,66.67,1.85,3.48,1.11,1.0,0.0,0,2,0
SYN05001,4,4,3,1,75.0,3,3,100.0,0.7,1.4,0.91,0.0,0.0,5,0,1
SYN05002,7,9,4,5,44.44,5,4,80.0,0.64,3.07,0.08,1.0,0.92,6,1,1
SYN05003,6,9,4,5,44.44,7,7,100.0,0.48,0.98,0.0,1.0,1.0,6,1,1
SYN05004,6,10,7,3,70.0,7,5,71.43,1.12,2.24,2.52,2.0,0.0,0,2,1
SYN05005,2,11,8,3,72.73,8,4,50.0,0.51,1.04,0.03,2.0,1.97,7,4,1
SYN05006,4,7,6,1,85.71,4,1,25.0,0.12,0.22,1.11,0.5,0.0,7,3,1
SYN05007,7,10,6,4,60.0,6,6,100.0,0.65,0.76,0.65,2.0,1.35,6,4,1
SYN05008,4,9,7,2,77.78,7,5,71.43,0.4,1.16,2.82,1.0,0.0,6,1,1
SYN05009,6,6,5,1,83.33,3,1,33.33,2.46,3.42,0.02,0.5,0.48,6,4,1
SYN05010,2,10,7,3,70.0,6,4,66.67,0.44,4.0,2.74,1.0,0.0,0,3,0
SYN05011,7,4,2,2,50.0,3,1,33.33,0.15,0.85,0.25,0.5,0.25,5,0,1
SYN05012,9,8,2,6,25.0,6,3,50.0,3.2,5.0,0.7,1.0,0.3,7,4,0
SYN05013,3,11,8,3,72.73,8,5,62.5,2.36,2.48,2.04,1.0,0.0,4,0,1
SYN05014,1,9,5,4,55.56,6,2,33.33,0.45,1.95,0.35,0.0,0.0,7,4,1
SYN05015,4,11,5,6,45.45,9,5,55.56,0.33,1.79,0.92,1.0,0.08,0,1,0
SYN05016,8,4,4,0,100.0,2,1,50.0,0.5,0.54,0.52,1.0,0.48,4,3,0
SYN05017,9,8,2,6,25.0,5,2,40.0,1.55,1.92,1.53,2.0,0.47,7,3,1
SYN05018,5,10,10,0,100.0,7,3,42.86,1.53,2.05,3.33,0.5,0.0,4,0,1
SYN05019,6,9,5,4,55.56,6,3,50.0,0.01,0.28,0.0,1.0,1.0,3,4,1
SYN05020,6,11,7,4,63.64,5,2,40.0,1.23,1.4,0.0,0.0,0.0,2,4,0
SYN05021,2,7,4,3,57.14,4,3,75.0,0.09,1.49,1.41,0.0,0.0,6,2,1
SYN05022,2,9,2,7,22.22,6,4,66.67,0.53,0.62,2.32,1.0,0.0,7,1,1
SYN05023,7,7,4,3,57.14,5,5,100.0,0.25,0.57,0.0,1.0,1.0,3,2,1
SYN05024,4,10,7,3,70.0,6,6,100.0,0.21,0.29,0.0,2.0,2.0,3,3,1
SYN05025,7,4,3,1,75.0,3,3,100.0,0.81,0.82,3.53,2.0,0.0,3,0,1
SYN05026,4,6,3,3,50.0,4,3,75.0,1.53,1.72,1.74,3.0,1.26,5,0,0
SYN05027,9,4,0,4,0.0,2,2,100.0,0.59,1.64,2.41,3.0,0.59,3,3,1
SYN05028,7,9,2,7,22.22,6,5,83.33,1.39,2.64,0.12,0.0,0.0,5,1,0
SYN05029,5,5,5,0,100.0,3,2,66.67,0.77,1.17,0.0,0.0,0.0,7,4,1
SYN05030,8,6,2,4,33.33,3,2,66.67,0.9,3.04,2.11,1.0,0.0,2,2,1
SYN05031,6,10,10,0,100.0,6,2,33.33,0.34,0.97,1.03,1.0,0.0,1,3,1
SYN05032,3,6,2,4,33.33,4,4,100.0,2.58,3.29,0.0,1.0,1.0,4,1,0
SYN05033,3,5,3,2,60.0,4,3,75.0,2.53,2.69,0.05,1.0,0.95,4,3,0
SYN05034,2,4,3,1,75.0,2,2,100.0,0.71,3.16,6.56,5.0,0.0,3,1,1
SYN05035,6,5,2,3,40.0,2,2,100.0,0.65,1.76,0.67,1.0,0.33,1,2,1
SYN05036,6,11,11,0,100.0,7,3,42.86,0.01,3.75,3.74,3.0,0.0,0,0,1
SYN05037,1,8,5,3,62.5,6,6,100.0,0.41,0.45,4.99,5.0,0.01,3,2,1
SYN05038,4,11,8,3,72.73,7,0,0.0,2.16,5.0,0.0,1.0,1.0,5,3,0
SYN05039,8,5,3,2,60.0,3,3,100.0,1.92,2.13,0.9,0.0,0.0,4,1,1
SYN05040,7,6,5,1,83.33,5,1,20.0,0.54,1.29,2.29,1.0,0.0,6,0,0
SYN05041,7,5,5,0,100.0,2,2,100.0,0.05,2.14,3.21,1.0,0.0,1,4,1
SYN05042,3,7,4,3,57.14,4,3,75.0,2.47,3.87,0.72,3.0,2.28,7,1,0
SYN05043,7,8,8,0,100.0,5,5,100.0,0.29,2.95,1.21,5.0,3.79,5,3,1
SYN05044,3,10,4,6,40.0,7,4,57.14,0.2,2.17,1.27,0.5,0.0,5,3,0
SYN05045,7,6,5,1,83.33,4,0,0.0,3.32,4.42,0.0,0.0,0.0,6,1,0
SYN05046,8,10,7,3,70.0,4,2,50.0,0.67,0.86,0.28,2.0,1.72,7,1,1
SYN05047,2,9,3,6,33.33,6,4,66.67,1.67,2.22,1.13,1.0,0.0,6,2,0
SYN05048,7,6,4,2,66.67,4,0,0.0,1.7,4.95,1.46,2.0,0.54,3,2,1
SYN05049,1,11,7,4,63.64,8,5,62.5,2.33,2.67,0.0,1.0,1.0,5,0,1
SYN05050,6,7,3,4,42.86,5,2,40.0,0.2,5.0,0.4,0.5,0.1,3,0,0
SYN05051,5,5,3,2,60.0,4,3,75.0,0.48,1.35,1.68,1.0,0.0,1,0,1
SYN05052,9,11,7,4,63.64,5,3,60.0,0.06,1.74,0.21,0.0,0.0,7,1,1
SYN05053,5,11,6,5,54.55,6,6,100.0,0.98,1.03,1.22,1.0,0.0,4,0,1
SYN05054,1,4,2,2,50.0,3,2,66.67,3.67,4.86,0.53,0.0,0.0,6,3,0
SYN05055,8,11,6,5,54.55,7,5,71.43,0.93,3.18,0.0,1.0,1.0,5,4,1
SYN05056,3,11,6,5,54.55,7,4,57.14,0.98,1.62,1.94,2.0,0.06,2,3,1
SYN05057,7,10,6,4,60.0,8,2,25.0,1.53,2.03,0.29,0.0,0.0,6,1,0
SYN05058,7,6,3,3,50.0,4,2,50.0,0.74,1.49,2.55,3.0,0.45,2,1,0
SYN05059,3,9,9,0,100.0,6,5,83.33,0.58,1.23,0.0,0.0,0.0,5,4,1
SYN05060,1,8,2,6,25.0,6,5,83.33,0.8,4.32,1.1,2.0,0.9,6,0,0
SYN05061,5,8,4,4,50.0,4,2,50.0,0.32,2.33,0.15,0.5,0.35,5,1,0
SYN05062,4,8,4,4,50.0,6,1,16.67,0.33,2.44,3.1,2.0,0.0,3,2,0
SYN05063,5,9,9,0,100.0,7,6,85.71,0.55,1.49,1.83,0.0,0.0,5,2,1
SYN05064,9,8,2,6,25.0,3,2,66.67,0.64,5.0,2.59,1.0,0.0,0,4,0
SYN05065,7,9,6,3,66.67,4,4,100.0,1.41,3.49,3.13,5.0,1.87,6,4,0
SYN05066,3,8,5,3,62.5,6,3,50.0,0.69,2.14,0.0,0.0,0.0,4,4,1
SYN05067,7,4,3,1,75.0,2,0,0.0,2.37,2.98,2.79,2.0,0.0,4,1,0
SYN05068,3,4,4,0,100.0,2,2,100.0,1.04,1.38,3.56,2.0,0.0,1,0,1
SYN05069,6,11,10,1,90.91,6,4,66.67,1.72,3.94,0.0,1.0,1.0,1,4,0
SYN05070,3,11,5,6,45.45,6,6,100.0,0.28,1.21,0.22,0.0,0.0,2,0,1
SYN05071,8,8,5,3,62.5,4,3,75.0,0.96,1.17,0.64,2.0,1.36,6,3,1
SYN05072,5,5,1,4,20.0,4,3,75.0,3.48,4.2,3.33,3.0,0.0,0,4,0
SYN05073,3,10,6,4,60.0,7,5,71.43,0.03,0.16,0.0,0.0,0.0,5,0,0
SYN05074,9,5,2,3,40.0,3,1,33.33,0.77,1.13,2.22,2.0,0.0,7,3,0
SYN05075,8,7,4,3,57.14,3,1,33.33,0.54,1.03,0.55,2.0,1.45,5,4,1
SYN05076,2,6,1,5,16.67,3,2,66.67,0.07,0.75,0.0,1.0,1.0,2,4,1
SYN05077,1,4,3,1,75.0,2,1,50.0,0.1,3.08,5.72,2.0,0.0,2,1,1
SYN05078,8,10,2,8,20.0,7,4,57.14,0.86,1.18,0.08,0.0,0.0,2,1,1
SYN05079,8,8,5,3,62.5,6,6,100.0,1.26,2.12,3.56,1.0,0.0,1,1,1
SYN05080,3,6,2,4,33.33,3,3,100.0,2.38,2.39,6.81,5.0,0.0,4,2,0
SYN05081,3,8,3,5,37.5,6,4,66.67,1.65,2.78,0.04,2.0,1.96,6,4,0
SYN05082,7,4,4,0,100.0,2,2,100.0,3.28,4.82,1.43,1.0,0.0,4,4,1
SYN05083,7,7,5,2,71.43,4,2,50.0,0.03,0.75,0.45,2.0,1.55,0,1,0
SYN05084,5,8,7,1,87.5,6,6,100.0,3.51,3.96,0.14,0.5,0.36,6,2,0
SYN05085,7,6,6,0,100.0,3,2,66.67,0.96,3.47,0.0,0.5,0.5,3,3,1
SYN05086,3,10,4,6,40.0,8,8,100.0,0.9,1.83,0.0,0.5,0.5,4,3,1
SYN05087,4,5,5,0,100.0,2,2,100.0,0.43,0.51,0.0,0.5,0.5,4,0,1
SYN05088,5,5,1,4,20.0,4,1,25.0,1.17,3.28,0.35,1.0,0.65,5,4,0
SYN05089,3,8,6,2,75.0,4,4,100.0,3.02,3.24,1.05,1.0,0.0,0,4,1
SYN05090,8,11,5,6,45.45,5,3,60.0,1.04,1.9,0.76,2.0,1.24,1,3,0
SYN05091,7,7,3,4,42.86,4,2,50.0,0.3,0.77,3.18,3.0,0.0,4,2,1
SYN05092,5,4,3,1,75.0,3,2,66.67,1.06,1.74,2.36,1.0,0.0,3,3,1
SYN05093,3,11,9,2,81.82,7,3,42.86,0.73,1.56,0.83,0.5,0.0,0,0,1
SYN05094,5,7,6,1,85.71,5,4,80.0,0.38,1.93,4.92,5.0,0.08,7,1,1
SYN05095,3,5,3,2,60.0,2,1,50.0,0.8,2.26,0.41,0.0,0.0,1,4,0
SYN05096,3,8,5,3,62.5,3,2,66.67,0.55,0.8,0.0,1.0,1.0,1,1,1
SYN05097,6,6,4,2,66.67,3,3,100.0,0.31,0.85,1.64,0.5,0.0,7,3,1
SYN05098,2,11,7,4,63.64,8,6,75.0,0.05,1.59,1.56,3.0,1.44,1,2,1
SYN05099,7,6,4,2,66.67,3,2,66.67,0.16,0.79,2.86,1.0,0.0,4,3,1
SYN05100,7,8,5,3,62.5,4,3,75.0,1.97,3.32,5.92,5.0,0.0,4,4,1
SYN05101,1,8,6,2,75.0,5,1,20.0,0.57,0.78,5.67,5.0,0.0,7,2,0
SYN05102,2,5,1,4,20.0,3,1,33.33,0.35,3.68,3.72,3.0,0.0,7,1,0
SYN05103,5,7,4,3,57.14,4,2,50.0,0.79,1.56,2.0,2.0,0.0,3,3,1
SYN05104,1,4,1,3,25.0,2,2,100.0,1.13,1.27,1.06,2.0,0.94,0,1,1
SYN05105,8,9,6,3,66.67,5,4,80.0,1.0,1.33,3.87,5.0,1.13,6,1,1
SYN05106,6,10,10,0,100.0,7,6,85.71,0.33,2.22,2.6,0.5,0.0,5,0,1
SYN05107,4,11,5,6,45.45,5,3,60.0,4.95,5.0,2.12,2.0,0.0,0,2,0
SYN05108,4,6,4,2,66.67,4,2,50.0,0.33,0.94,0.0,0.0,0.0,1,3,1
SYN05109,4,6,5,1,83.33,2,2,100.0,0.37,1.28,1.62,1.0,0.0,2,1,1
SYN05110,6,8,1,7,12.5,6,3,50.0,0.54,0.7,1.41,1.0,0.0,6,3,1
SYN05111,6,9,4,5,44.44,7,5,71.43,2.32,2.44,4.6,5.0,0.4,2,2,0
SYN05112,1,11,8,3,72.73,4,2,50.0,0.84,2.2,0.0,1.0,1.0,7,1,1
SYN05113,2,4,0,4,0.0,2,2,100.0,0.21,1.08,1.88,1.0,0.0,0,0,0
SYN05114,8,5,2,3,40.0,3,1,33.33,0.49,2.98,3.14,2.0,0.0,4,4,1
SYN05115,9,6,5,1,83.33,4,4,100.0,0.25,1.07,2.39,2.0,0.0,7,4,1
SYN05116,8,6,5,1,83.33,4,4,100.0,0.54,1.92,0.09,0.0,0.0,5,2,1
SYN05117,3,7,5,2,71.43,5,5,100.0,0.49,0.72,0.06,1.0,0.94,4,1,1
SYN05118,8,10,8,2,80.0,5,3,60.0,0.07,0.31,2.58,2.0,0.0,3,2,1
SYN05119,7,4,3,1,75.0,2,1,50.0,0.37,1.49,2.24,3.0,0.76,4,2,1
SYN05120,2,10,7,3,70.0,7,7,100.0,1.13,2.39,3.47,5.0,1.53,2,1,1
SYN05121,7,8,4,4,50.0,5,2,40.0,1.96,2.13,1.85,0.5,0.0,4,3,0
SYN05122,7,8,5,3,62.5,6,5,83.33,0.45,1.69,0.0,0.5,0.5,0,1,0
SYN05123,7,9,4,5,44.44,7,5,71.43,0.56,1.48,0.0,2.0,2.0,1,0,0
SYN05124,9,4,4,0,100.0,3,2,66.67,1.75,2.56,2.57,1.0,0.0,5,0,1
SYN05125,8,9,9,0,100.0,6,4,66.67,1.21,4.43,0.0,2.0,2.0,7,1,1
SYN05126,7,5,5,0,100.0,4,2,50.0,2.66,3.98,1.53,2.0,0.47,3,4,1
SYN05127,5,8,4,4,50.0,6,5,83.33,0.57,1.07,0.0,0.0,0.0,5,1,1
SYN05128,6,9,3,6,33.33,7,5,71.43,0.13,0.2,2.13,3.0,0.87,3,4,1
SYN05129,9,8,7,1,87.5,6,6,100.0,0.15,0.72,3.67,1.0,0.0,0,0,1
SYN05130,4,6,4,2,66.67,3,3,100.0,0.51,2.83,4.88,5.0,0.12,7,4,1
SYN05131,6,7,5,2,71.43,5,4,80.0,1.55,1.73,1.43,1.0,0.0,3,4,1
SYN05132,4,7,3,4,42.86,5,4,80.0,1.69,2.42,3.95,3.0,0.0,0,0,0
SYN05133,9,4,3,1,75.0,2,2,100.0,0.33,0.59,0.0,0.5,0.5,0,2,1
SYN05134,9,9,3,6,33.33,6,2,33.33,0.24,2.62,2.29,1.0,0.0,1,3,0
SYN05135,1,4,3,1,75.0,2,1,50.0,1.94,2.52,0.45,0.0,0.0,5,2,1
SYN05136,2,7,7,0,100.0,4,0,0.0,1.19,1.58,2.9,2.0,0.0,2,4,1
SYN05137,8,9,9,0,100.0,4,3,75.0,0.11,0.33,2.13,3.0,0.87,4,0,1
SYN05138,6,4,3,1,75.0,3,3,100.0,0.56,0.62,2.53,2.0,0.0,1,2,1
SYN05139,6,11,3,8,27.27,7,3,42.86,0.94,1.14,1.99,2.0,0.01,7,2,1
SYN05140,2,7,5,2,71.43,4,4,100.0,2.04,2.49,1.36,0.0,0.0,7,3,1
SYN05141,8,4,4,0,100.0,2,1,50.0,0.13,1.81,4.35,5.0,0.65,7,1,1
SYN05142,7,9,3,6,33.33,6,3,50.0,2.0,2.0,3.44,1.0,0.0,4,2,1
SYN05143,4,8,5,3,62.5,4,3,75.0,0.19,2.44,2.41,2.0,0.0,0,0,0
SYN05144,8,9,9,0,100.0,5,5,100.0,0.37,0.5,0.85,1.0,0.15,0,0,1
SYN05145,6,10,8,2,80.0,5,2,40.0,1.49,2.55,1.71,2.0,0.29,0,2,0
SYN05146,8,7,7,0,100.0,5,4,80.0,3.68,4.16,0.99,1.0,0.01,3,3,1
SYN05147,5,10,4,6,40.0,6,5,83.33,0.05,2.08,0.25,1.0,0.75,7,3,1
SYN05148,4,6,2,4,33.33,4,3,75.0,2.97,3.49,0.8,0.0,0.0,6,4,0
SYN05149,7,8,7,1,87.5,6,5,83.33,0.33,0.65,0.99,1.0,0.01,4,0,1
SYN05150,1,5,2,3,40.0,3,3,100.0,1.01,1.29,3.33,1.0,0.0,5,2,1
SYN05151,6,8,4,4,50.0,6,3,50.0,0.49,1.22,2.48,3.0,0.52,3,0,0
SYN05152,9,6,4,2,66.67,3,3,100.0,0.95,1.01,1.86,2.0,0.14,4,1,1
SYN05153,9,9,8,1,88.89,5,3,60.0,1.1,4.88,4.48,5.0,0.52,4,3,1
SYN05154,3,10,8,2,80.0,4,2,50.0,1.4,3.27,3.24,1.0,0.0,4,2,1
SYN05155,4,10,7,3,70.0,6,6,100.0,0.01,0.62,0.27,2.0,1.73,3,1,0
SYN05156,3,11,5,6,45.45,9,4,44.44,0.99,1.68,1.11,1.0,0.0,5,0,0
SYN05157,6,4,4,0,100.0,3,2,66.67,0.45,0.64,3.38,3.0,0.0,4,0,1
SYN05158,6,5,5,0,100.0,3,1,33.33,0.66,1.98,0.0,1.0,1.0,2,2,1
SYN05159,8,11,9,2,81.82,6,6,100.0,2.87,3.3,4.17,1.0,0.0,7,4,0
SYN05160,8,7,4,3,57.14,5,5,100.0,1.39,1.94,0.0,1.0,1.0,3,1,1
SYN05161,6,4,1,3,25.0,2,1,50.0,0.55,1.6,1.04,1.0,0.0,4,0,0
SYN05162,3,6,3,3,50.0,3,2,66.67,0.9,2.03,5.02,3.0,0.0,4,1,0
SYN05163,4,10,5,5,50.0,8,5,62.5,1.83,2.9,0.05,0.5,0.45,2,3,0
SYN05164,4,6,3,3,50.0,3,2,66.67,2.34,2.49,2.17,2.0,0.0,0,1,1
SYN05165,5,4,2,2,50.0,2,1,50.0,0.45,1.32,0.59,1.0,0.41,1,4,0
SYN05166,3,9,9,0,100.0,4,3,75.0,0.1,0.54,0.0,0.0,0.0,7,0,1
SYN05167,7,5,5,0,100.0,2,0,0.0,1.15,3.33,6.3,5.0,0.0,7,1,1
SYN05168,7,6,3,3,50.0,4,3,75.0,0.52,0.62,1.49,2.0,0.51,1,1,0
SYN05169,9,4,1,3,25.0,2,1,50.0,0.13,1.35,1.81,5.0,3.19,4,2,0
SYN05170,1,8,7,1,87.5,6,4,66.67,1.01,4.05,0.96,1.0,0.04,2,1,1
SYN05171,2,7,4,3,57.14,3,2,66.67,0.2,0.36,2.08,2.0,0.0,4,2,1
SYN05172,1,10,2,8,20.0,6,3,50.0,0.18,2.06,2.23,2.0,0.0,5,1,0
SYN05173,3,6,5,1,83.33,4,4,100.0,1.6,4.54,1.78,2.0,0.22,0,1,0
SYN05174,2,5,4,1,80.0,3,2,66.67,0.8,5.0,0.0,0.0,0.0,7,3,1
SYN05175,2,5,0,5,0.0,3,3,100.0,0.71,1.46,0.0,0.0,0.0,7,1,1
SYN05176,6,5,2,3,40.0,3,2,66.67,0.28,1.02,2.62,0.5,0.0,7,4,1
SYN05177,2,7,4,3,57.14,5,3,60.0,1.19,2.15,1.95,2.0,0.05,3,4,1
SYN05178,6,4,3,1,75.0,3,2,66.67,0.76,2.5,2.78,2.0,0.0,5,1,1
SYN05179,1,7,3,4,42.86,4,0,0.0,0.78,2.58,0.76,2.0,1.24,7,1,0
SYN05180,7,10,4,6,40.0,6,6,100.0,0.24,1.78,0.15,0.5,0.35,1,4,0
SYN05181,8,10,8,2,80.0,7,5,71.43,3.41,4.08,0.8,2.0,1.2,1,4,0
SYN05182,8,9,4,5,44.44,5,5,100.0,1.19,1.7,1.55,0.0,0.0,6,2,1
SYN05183,4,11,8,3,72.73,5,2,40.0,0.24,0.39,1.13,3.0,1.87,2,2,0
SYN05184,3,10,3,7,30.0,8,3,37.5,0.56,0.86,1.45,1.0,0.0,1,1,0
SYN05185,4,9,2,7,22.22,4,3,75.0,2.2,3.44,2.41,2.0,0.0,1,3,1
SYN05186,8,10,8,2,80.0,5,4,80.0,2.32,3.25,0.83,0.5,0.0,5,4,1
SYN05187,8,4,3,1,75.0,3,2,66.67,0.7,1.1,0.0,1.0,1.0,3,2,1
SYN05188,5,10,8,2,80.0,4,3,75.0,3.58,4.41,0.0,1.0,1.0,2,2,0
SYN05189,9,6,3,3,50.0,2,1,50.0,0.91,2.49,1.14,1.0,0.0,7,2,1
SYN05190,3,9,4,5,44.44,4,1,25.0,0.53,1.15,0.0,0.0,0.0,7,4,0
SYN05191,5,11,10,1,90.91,5,4,80.0,0.23,0.71,0.23,1.0,0.77,3,2,1
SYN05192,2,7,2,5,28.57,4,1,25.0,0.63,3.96,0.0,0.0,0.0,1,2,0
SYN05193,1,4,4,0,100.0,3,1,33.33,2.88,3.14,1.74,3.0,1.26,6,2,0
SYN05194,7,6,6,0,100.0,3,2,66.67,2.36,2.57,0.0,1.0,1.0,6,0,1
SYN05195,5,7,6,1,85.71,4,3,75.0,2.3,2.94,1.0,1.0,0.0,6,4,1
SYN05196,6,11,5,6,45.45,7,7,100.0,0.24,0.59,0.0,1.0,1.0,1,1,0
SYN05197,9,11,4,7,36.36,6,6,100.0,1.14,1.67,1.39,2.0,0.61,2,4,1
SYN05198,5,8,4,4,50.0,5,5,100.0,2.12,3.76,0.0,0.0,0.0,0,1,0
SYN05199,9,11,3,8,27.27,6,5,83.33,2.45,5.0,1.97,2.0,0.03,4,1,1
SYN05200,6,7,3,4,42.86,4,3,75.0,0.77,0.85,5.86,3.0,0.0,0,4,0
SYN05201,3,7,5,2,71.43,4,4,100.0,1.08,1.3,0.0,1.0,1.0,6,0,1
SYN05202,1,10,8,2,80.0,4,1,25.0,0.03,1.66,0.49,0.0,0.0,2,3,0
SYN05203,9,9,3,6,33.33,7,4,57.14,1.88,4.13,0.76,0.5,0.0,4,4,0
SYN05204,8,8,6,2,75.0,6,3,50.0,1.53,2.46,3.67,3.0,0.0,1,1,0
SYN05205,3,7,5,2,71.43,5,5,100.0,1.8,1.85,0.0,0.0,0.0,2,1,0
SYN05206,7,9,9,0,100.0,4,2,50.0,0.12,1.47,1.73,0.0,0.0,2,1,1
SYN05207,8,10,7,3,70.0,7,6,85.71,3.58,4.52,3.82,3.0,0.0,6,4,1
SYN05208,1,7,6,1,85.71,4,3,75.0,0.34,1.19,3.84,3.0,0.0,7,1,1
SYN05209,9,4,3,1,75.0,2,2,100.0,0.58,3.04,0.0,1.0,1.0,4,0,0
SYN05210,2,4,3,1,75.0,3,3,100.0,0.92,1.77,0.12,0.0,0.0,0,2,1
SYN05211,2,5,1,4,20.0,4,4,100.0,1.19,1.73,0.39,1.0,0.61,7,0,1
SYN05212,5,7,4,3,57.14,3,2,66.67,1.01,5.0,0.97,2.0,1.03,2,2,1
SYN05213,3,8,5,3,62.5,6,5,83.33,0.38,0.99,0.25,1.0,0.75,5,0,1
SYN05214,4,10,5,5,50.0,5,2,40.0,1.99,2.02,0.43,0.5,0.07,1,1,0
SYN05215,6,5,4,1,80.0,3,1,33.33,0.28,0.7,3.55,3.0,0.0,3,0,1
SYN05216,4,10,8,2,80.0,5,5,100.0,0.18,3.84,3.18,2.0,0.0,0,0,1
SYN05217,4,9,6,3,66.67,4,2,50.0,0.71,1.97,2.12,1.0,0.0,3,3,1
SYN05218,5,4,2,2,50.0,3,2,66.67,0.16,1.28,3.35,3.0,0.0,5,4,1
SYN05219,9,6,2,4,33.33,4,3,75.0,3.46,3.92,2.07,2.0,0.0,7,1,0
SYN05220,7,6,5,1,83.33,3,3,100.0,1.21,1.74,2.61,3.0,0.39,7,0,1
SYN05221,4,11,8,3,72.73,8,1,12.5,0.37,0.66,0.0,0.0,0.0,7,4,1
SYN05222,7,11,4,7,36.36,8,7,87.5,0.4,2.09,0.06,1.0,0.94,7,2,1
SYN05223,8,10,6,4,60.0,8,5,62.5,1.84,4.59,1.49,2.0,0.51,3,1,0
SYN05224,1,8,1,7,12.5,6,3,50.0,0.38,0.78,1.42,1.0,0.0,2,3,0
SYN05225,2,7,4,3,57.14,5,3,60.0,0.78,1.88,2.85,1.0,0.0,1,3,1
SYN05226,9,6,3,3,50.0,4,4,100.0,2.07,3.48,1.82,2.0,0.18,1,3,0
SYN05227,9,10,5,5,50.0,5,4,80.0,0.71,1.48,1.03,2.0,0.97,0,3,1
SYN05228,7,4,4,0,100.0,3,2,66.67,0.74,1.92,2.16,1.0,0.0,5,0,1
SYN05229,7,6,2,4,33.33,3,1,33.33,0.37,0.69,0.0,1.0,1.0,2,1,1
SYN05230,9,5,4,1,80.0,2,1,50.0,0.9,1.21,3.25,2.0,0.0,4,3,1
SYN05231,1,7,7,0,100.0,4,3,75.0,0.9,1.2,0.28,2.0,1.72,2,4,1
SYN05232,5,6,5,1,83.33,3,1,33.33,3.94,4.44,1.79,1.0,0.0,4,3,0
SYN05233,2,5,3,2,60.0,3,2,66.67,1.5,1.92,0.43,1.0,0.57,3,1,1
SYN05234,9,7,2,5,28.57,5,5,100.0,1.28,1.34,0.39,0.0,0.0,4,4,1
SYN05235,1,10,3,7,30.0,6,5,83.33,0.08,1.67,4.5,2.0,0.0,1,2,1
SYN05236,2,8,4,4,50.0,5,4,80.0,1.21,3.46,0.99,2.0,1.01,7,0,0
SYN05237,6,10,4,6,40.0,6,2,33.33,0.23,0.31,0.8,2.0,1.2,3,1,0
SYN05238,3,11,5,6,45.45,8,2,25.0,1.01,4.3,1.09,1.0,0.0,5,4,0
SYN05239,8,11,6,5,54.55,5,4,80.0,0.06,2.43,1.83,0.0,0.0,7,2,1
SYN05240,3,6,3,3,50.0,3,2,66.67,0.13,0.8,1.21,1.0,0.0,0,2,1
SYN05241,8,11,8,3,72.73,7,7,100.0,2.2,2.49,1.05,1.0,0.0,1,0,0
SYN05242,4,11,3,8,27.27,7,5,71.43,0.66,0.9,1.2,1.0,0.0,4,3,1
SYN05243,6,11,5,6,45.45,6,6,100.0,0.76,2.42,0.0,0.5,0.5,5,1,1
SYN05244,9,6,3,3,50.0,3,2,66.67,1.99,2.17,0.22,0.0,0.0,3,0,0
SYN05245,6,5,3,2,60.0,2,2,100.0,1.72,2.31,2.53,3.0,0.47,0,4,0
SYN05246,2,8,8,0,100.0,5,2,40.0,1.08,2.08,2.59,1.0,0.0,5,2,0
SYN05247,9,11,7,4,63.64,6,6,100.0,0.52,2.16,3.96,3.0,0.0,5,4,1
SYN05248,9,11,2,9,18.18,6,5,83.33,0.99,1.41,0.41,2.0,1.59,0,3,0
SYN05249,5,8,6,2,75.0,6,2,33.33,1.62,1.71,1.66,2.0,0.34,7,4,0
SYN05250,4,5,4,1,80.0,3,2,66.67,2.81,4.31,1.13,0.5,0.0,7,2,1
SYN05251,7,7,4,3,57.14,3,3,100.0,1.33,1.62,0.0,0.0,0.0,2,3,1
SYN05252,5,9,3,6,33.33,6,6,100.0,0.09,2.04,0.7,2.0,1.3,4,4,0
SYN05253,1,8,8,0,100.0,4,1,25.0,2.4,2.98,0.45,1.0,0.55,6,3,1
SYN05254,3,6,2,4,33.33,3,2,66.67,0.01,3.95,0.41,0.0,0.0,3,3,0
SYN05255,1,6,5,1,83.33,4,4,100.0,1.76,2.02,3.24,2.0,0.0,0,4,0
SYN05256,3,4,3,1,75.0,2,1,50.0,0.8,1.67,0.78,0.5,0.0,3,1,0
SYN05257,2,6,5,1,83.33,3,2,66.67,1.34,3.87,2.95,0.0,0.0,2,2,0
SYN05258,9,9,9,0,100.0,7,7,100.0,0.15,0.38,4.19,5.0,0.81,6,3,1
SYN05259,9,5,4,1,80.0,3,1,33.33,0.74,0.98,1.89,1.0,0.0,0,4,0
SYN05260,1,11,5,6,45.45,8,3,37.5,0.68,0.81,0.0,1.0,1.0,7,3,0
SYN05261,7,4,4,0,100.0,3,2,66.67,0.55,1.51,1.93,0.0,0.0,2,2,1
SYN05262,8,8,4,4,50.0,4,4,100.0,0.6,1.68,4.63,3.0,0.0,3,3,1
SYN05263,9,7,4,3,57.14,5,5,100.0,1.57,3.54,3.85,3.0,0.0,2,2,0
SYN05264,8,10,3,7,30.0,6,5,83.33,1.37,2.58,0.0,1.0,1.0,0,2,1
SYN05265,4,11,4,7,36.36,7,4,57.14,0.34,1.07,1.84,1.0,0.0,5,2,1
SYN05266,5,8,5,3,62.5,4,4,100.0,0.52,1.87,1.02,2.0,0.98,5,3,1
SYN05267,2,9,6,3,66.67,4,3,75.0,0.79,1.54,0.54,0.0,0.0,2,0,1
SYN05268,8,9,2,7,22.22,4,3,75.0,0.46,3.32,0.0,1.0,1.0,0,4,0
SYN05269,1,8,6,2,75.0,6,6,100.0,4.69,5.0,0.82,0.5,0.0,6,0,0
SYN05270,5,5,2,3,40.0,2,2,100.0,0.3,0.46,0.08,0.5,0.42,5,3,1
SYN05271,4,7,6,1,85.71,4,3,75.0,0.51,1.08,1.07,2.0,0.93,2,4,1
SYN05272,4,5,3,2,60.0,4,2,50.0,1.79,2.71,1.71,1.0,0.0,5,1,0
SYN05273,9,7,2,5,28.57,5,5,100.0,4.35,4.87,0.94,1.0,0.06,1,2,1
SYN05274,5,8,5,3,62.5,5,5,100.0,0.56,0.67,0.75,1.0,0.25,5,2,1
SYN05275,1,5,2,3,40.0,2,1,50.0,0.68,4.18,1.88,1.0,0.0,3,0,0
SYN05276,8,5,5,0,100.0,4,1,25.0,1.88,3.0,5.28,3.0,0.0,1,3,1
SYN05277,9,10,6,4,60.0,6,6,100.0,0.0,0.3,1.33,1.0,0.0,5,4,1
SYN05278,4,7,4,3,57.14,4,1,25.0,0.2,0.47,0.0,1.0,1.0,1,4,1
SYN05279,3,5,4,1,80.0,4,1,25.0,1.86,2.74,0.0,1.0,1.0,7,4,0
SYN05280,7,9,3,6,33.33,4,2,50.0,0.29,0.52,3.08,3.0,0.0,0,2,0
SYN05281,1,9,2,7,22.22,5,3,60.0,0.75,1.44,3.23,2.0,0.0,6,3,1
SYN05282,6,10,7,3,70.0,4,1,25.0,3.99,5.0,0.16,0.0,0.0,2,1,0
SYN05283,2,10,3,7,30.0,4,3,75.0,0.22,0.44,0.61,0.0,0.0,4,1,1
SYN05284,2,11,4,7,36.36,6,4,66.67,0.37,0.64,0.93,1.0,0.07,6,4,1
SYN05285,1,8,6,2,75.0,5,3,60.0,3.49,4.87,3.15,2.0,0.0,7,1,1
SYN05286,6,6,4,2,66.67,3,3,100.0,2.45,2.7,0.74,0.0,0.0,3,3,0
SYN05287,7,10,3,7,30.0,7,5,71.43,0.57,2.41,0.0,1.0,1.0,2,4,0
SYN05288,5,6,3,3,50.0,4,4,100.0,0.61,2.48,2.54,2.0,0.0,5,3,1
SYN05289,9,6,2,4,33.33,5,1,20.0,0.18,1.92,0.0,1.0,1.0,7,0,0
SYN05290,1,10,10,0,100.0,4,1,25.0,1.47,2.44,2.54,2.0,0.0,2,4,1
SYN05291,9,11,9,2,81.82,8,6,75.0,0.07,0.46,0.66,1.0,0.34,3,1,1
SYN05292,8,6,3,3,50.0,3,3,100.0,3.12,3.99,2.19,2.0,0.0,6,4,1
SYN05293,1,9,7,2,77.78,6,2,33.33,0.53,1.63,2.39,2.0,0.0,2,0,0
SYN05294,4,11,3,8,27.27,6,4,66.67,0.07,0.78,5.34,5.0,0.0,4,1,1
SYN05295,5,10,4,6,40.0,7,2,28.57,1.28,5.0,3.7,2.0,0.0,3,3,0
SYN05296,6,4,3,1,75.0,2,1,50.0,1.64,1.69,1.04,1.0,0.0,4,0,0
SYN05297,4,9,6,3,66.67,6,4,66.67,0.55,3.26,2.23,2.0,0.0,4,1,1
SYN05298,3,5,3,2,60.0,2,1,50.0,1.07,2.46,3.6,2.0,0.0,4,4,1
SYN05299,3,10,7,3,70.0,5,1,20.0,0.8,3.03,3.28,1.0,0.0,3,4,1
SYN05300,6,4,2,2,50.0,3,1,33.33,2.03,3.9,0.98,1.0,0.02,3,2,0
SYN05301,5,11,6,5,54.55,6,1,16.67,0.67,0.68,0.0,0.5,0.5,0,4,1
SYN05302,4,5,3,2,60.0,3,2,66.67,3.02,3.95,1.44,2.0,0.56,6,3,0
SYN05303,3,7,3,4,42.86,5,4,80.0,1.56,2.81,1.54,1.0,0.0,2,4,1
SYN05304,5,5,3,2,60.0,3,2,66.67,0.89,1.47,0.0,0.0,0.0,0,2,0
SYN05305,3,10,7,3,70.0,7,3,42.86,0.32,0.57,0.0,1.0,1.0,3,1,0
SYN05306,4,7,5,2,71.43,5,5,100.0,0.24,2.36,6.35,5.0,0.0,6,4,1
SYN05307,9,9,3,6,33.33,7,6,85.71,1.91,2.74,0.98,0.0,0.0,5,2,0
SYN05308,7,4,1,3,25.0,2,1,50.0,0.27,1.62,2.38,1.0,0.0,4,2,0
SYN05309,7,7,5,2,71.43,4,2,50.0,0.66,1.48,4.61,3.0,0.0,7,3,1
SYN05310,1,11,11,0,100.0,8,4,50.0,0.36,3.32,5.23,5.0,0.0,5,4,1
SYN05311,7,11,7,4,63.64,5,4,80.0,0.55,1.83,1.31,1.0,0.0,7,4,1
SYN05312,6,5,2,3,40.0,3,3,100.0,0.03,0.1,1.71,0.5,0.0,7,1,1
SYN05313,5,7,5,2,71.43,4,4,100.0,0.24,0.98,0.0,1.0,1.0,4,1,1
SYN05314,3,7,2,5,28.57,4,2,50.0,1.09,1.25,0.58,1.0,0.42,0,4,0
SYN05315,4,8,7,1,87.5,4,3,75.0,1.37,2.56,0.93,1.0,0.07,4,1,0
SYN05316,4,8,5,3,62.5,5,2,40.0,2.25,4.66,2.11,1.0,0.0,7,3,0
SYN05317,4,4,2,2,50.0,3,3,100.0,0.28,0.38,1.35,2.0,0.65,5,3,1
SYN05318,8,10,6,4,60.0,7,3,42.86,0.1,0.1,1.15,2.0,0.85,1,2,1
SYN05319,2,5,2,3,40.0,3,3,100.0,0.2,0.38,2.48,3.0,0.52,6,3,1
SYN05320,6,6,6,0,100.0,4,4,100.0,0.71,0.83,2.56,2.0,0.0,6,3,1
SYN05321,9,10,5,5,50.0,7,3,42.86,0.2,0.75,0.92,1.0,0.08,5,0,0
SYN05322,2,9,6,3,66.67,4,4,100.0,0.64,1.03,0.0,0.0,0.0,1,0,1
SYN05323,7,7,5,2,71.43,3,2,66.67,1.64,2.02,0.5,2.0,1.5,5,2,0
SYN05324,1,11,5,6,45.45,6,3,50.0,1.95,2.04,2.16,2.0,0.0,6,4,0
SYN05325,5,7,5,2,71.43,5,2,40.0,1.06,2.06,1.2,1.0,0.0,3,1,0
SYN05326,3,8,5,3,62.5,4,4,100.0,0.76,1.57,0.53,0.5,0.0,5,2,0
SYN05327,6,5,1,4,20.0,2,2,100.0,0.68,3.18,1.44,2.0,0.56,6,2,1
SYN05328,7,5,3,2,60.0,2,1,50.0,0.87,0.97,0.95,0.0,0.0,5,3,1
SYN05329,9,7,4,3,57.14,3,2,66.67,0.63,0.75,2.44,2.0,0.0,5,0,1
SYN05330,1,8,5,3,62.5,4,3,75.0,0.02,1.38,0.9,0.5,0.0,3,3,1
SYN05331,3,10,6,4,60.0,7,5,71.43,0.62,1.26,1.44,1.0,0.0,1,3,0
SYN05332,7,7,5,2,71.43,4,3,75.0,0.31,1.97,2.92,1.0,0.0,2,1,1
SYN05333,8,11,10,1,90.91,8,8,100.0,0.01,0.82,0.0,1.0,1.0,4,0,1
SYN05334,4,8,2,6,25.0,3,1,33.33,0.26,0.82,1.49,2.0,0.51,5,3,0
SYN05335,1,4,2,2,50.0,2,2,100.0,0.94,0.95,0.6,1.0,0.4,2,0,1
SYN05336,1,9,7,2,77.78,6,4,66.67,0.0,0.59,1.51,0.0,0.0,3,1,1
SYN05337,1,8,6,2,75.0,5,3,60.0,0.1,1.31,0.0,0.0,0.0,1,2,1
SYN05338,1,7,5,2,71.43,5,5,100.0,0.37,1.3,0.0,0.0,0.0,2,0,0
SYN05339,9,7,7,0,100.0,4,1,25.0,0.83,1.75,0.87,1.0,0.13,5,0,1
SYN05340,9,6,5,1,83.33,4,0,0.0,0.8,1.25,0.13,0.0,0.0,0,3,1
SYN05341,1,8,7,1,87.5,5,4,80.0,0.72,1.9,2.44,1.0,0.0,5,3,1
SYN05342,9,8,4,4,50.0,4,2,50.0,0.99,1.02,1.54,2.0,0.46,0,4,0
SYN05343,7,7,2,5,28.57,5,1,20.0,0.01,1.44,2.18,3.0,0.82,7,2,0
SYN05344,5,6,3,3,50.0,3,1,33.33,0.11,0.45,0.0,0.5,0.5,5,0,0
SYN05345,5,7,5,2,71.43,3,3,100.0,2.37,3.07,2.59,3.0,0.41,7,2,1
SYN05346,3,7,5,2,71.43,5,4,80.0,0.32,0.59,8.08,5.0,0.0,2,0,1
SYN05347,4,7,5,2,71.43,5,3,60.0,1.36,5.0,2.46,2.0,0.0,3,0,0
SYN05348,9,6,3,3,50.0,5,5,100.0,0.06,1.25,2.72,2.0,0.0,3,1,1
SYN05349,9,8,4,4,50.0,6,6,100.0,0.51,1.38,1.0,1.0,0.0,1,0,0
SYN05350,6,5,3,2,60.0,3,3,100.0,0.62,2.39,0.16,0.0,0.0,5,4,1
SYN05351,3,8,6,2,75.0,5,2,40.0,1.01,1.14,5.94,5.0,0.0,1,3,1
SYN05352,4,4,3,1,75.0,3,1,33.33,1.98,2.51,3.68,3.0,0.0,6,2,1
SYN05353,1,7,2,5,28.57,3,2,66.67,0.52,1.13,1.42,1.0,0.0,7,0,0
SYN05354,3,10,8,2,80.0,6,5,83.33,0.17,1.33,0.52,0.5,0.0,2,0,1
SYN05355,3,10,4,6,40.0,8,8,100.0,0.63,1.45,0.0,0.0,0.0,3,0,1
SYN05356,9,9,6,3,66.67,4,1,25.0,0.05,0.6,1.51,1.0,0.0,0,3,1
SYN05357,9,9,5,4,55.56,7,6,85.71,1.61,2.54,3.1,3.0,0.0,2,3,1
SYN05358,6,4,4,0,100.0,2,2,100.0,0.61,0.76,2.56,0.0,0.0,1,3,1
SYN05359,9,6,3,3,50.0,5,5,100.0,0.11,0.8,3.26,2.0,0.0,4,0,1
SYN05360,6,9,6,3,66.67,6,3,50.0,0.29,1.27,1.19,2.0,0.81,6,1,1
SYN05361,3,10,8,2,80.0,7,6,85.71,1.07,2.71,0.0,1.0,1.0,0,2,1
SYN05362,5,8,3,5,37.5,6,3,50.0,0.96,1.63,1.52,2.0,0.48,1,2,0
SYN05363,5,10,6,4,60.0,4,2,50.0,0.14,3.17,0.0,1.0,1.0,5,0,1
SYN05364,3,6,3,3,50.0,4,1,25.0,0.05,1.16,0.0,0.0,0.0,3,2,1
SYN05365,6,5,2,3,40.0,4,2,50.0,1.67,4.64,0.0,1.0,1.0,7,1,0
SYN05366,9,4,2,2,50.0,3,2,66.67,0.01,1.08,0.0,0.0,0.0,6,0,0
SYN05367,9,8,7,1,87.5,6,3,50.0,0.44,0.51,1.62,2.0,0.38,5,4,1
SYN05368,9,9,4,5,44.44,6,3,50.0,0.4,1.09,1.18,1.0,0.0,7,0,0
SYN05369,6,6,4,2,66.67,4,1,25.0,0.41,1.84,1.75,2.0,0.25,3,3,1
SYN05370,6,10,7,3,70.0,6,6,100.0,0.31,4.47,0.0,1.0,1.0,5,0,0
SYN05371,8,9,2,7,22.22,6,3,50.0,0.94,1.51,4.46,3.0,0.0,0,0,1
SYN05372,3,6,4,2,66.67,4,3,75.0,1.81,4.13,2.48,2.0,0.0,0,4,1
SYN05373,2,5,1,4,20.0,2,0,0.0,0.9,3.94,1.35,2.0,0.65,1,1,0
SYN05374,1,9,7,2,77.78,4,4,100.0,0.56,0.83,0.0,1.0,1.0,2,0,1
SYN05375,5,9,4,5,44.44,6,4,66.67,1.32,2.65,0.0,1.0,1.0,2,2,0
SYN05376,2,5,3,2,60.0,3,2,66.67,0.3,1.77,0.15,2.0,1.85,5,1,0
SYN05377,7,6,2,4,33.33,3,2,66.67,0.42,0.5,3.26,2.0,0.0,3,3,0
SYN05378,2,7,4,3,57.14,3,3,100.0,0.63,1.43,3.13,2.0,0.0,5,2,1
SYN05379,1,8,7,1,87.5,6,0,0.0,1.96,2.05,0.0,0.0,0.0,1,2,0
SYN05380,4,5,2,3,40.0,4,2,50.0,0.06,0.33,1.64,0.0,0.0,2,0,1
SYN05381,4,11,5,6,45.45,7,4,57.14,0.17,0.34,0.74,0.0,0.0,4,1,1
SYN05382,5,7,5,2,71.43,5,3,60.0,0.69,1.88,0.24,0.0,0.0,7,0,1
SYN05383,9,7,5,2,71.43,5,5,100.0,0.07,0.09,3.03,2.0,0.0,2,4,1
SYN05384,5,4,0,4,0.0,2,1,50.0,0.96,1.76,1.74,1.0,0.0,4,0,0
SYN05385,8,11,11,0,100.0,5,5,100.0,0.06,0.93,1.18,1.0,0.0,3,4,1
SYN05386,7,5,4,1,80.0,2,2,100.0,0.4,1.26,0.0,0.0,0.0,0,4,1
SYN05387,2,11,9,2,81.82,5,4,80.0,1.33,2.71,1.87,2.0,0.13,2,3,1
SYN05388,3,7,4,3,57.14,4,2,50.0,0.96,1.82,0.0,0.0,0.0,2,4,1
SYN05389,5,10,1,9,10.0,5,1,20.0,1.08,1.44,0.0,0.5,0.5,3,4,0
SYN05390,3,5,4,1,80.0,4,3,75.0,1.6,1.61,4.16,2.0,0.0,1,4,1
SYN05391,5,5,2,3,40.0,3,3,100.0,1.42,2.3,1.01,2.0,0.99,5,1,0
SYN05392,2,10,7,3,70.0,5,4,80.0,1.77,1.87,0.0,0.0,0.0,3,3,1
SYN05393,2,10,5,5,50.0,8,8,100.0,1.12,2.22,1.08,0.0,0.0,0,1,1
SYN05394,4,8,5,3,62.5,6,6,100.0,0.16,0.44,1.3,1.0,0.0,2,0,0
SYN05395,3,4,2,2,50.0,3,3,100.0,0.24,0.24,2.37,2.0,0.0,4,1,1
SYN05396,6,11,9,2,81.82,8,3,37.5,1.25,5.0,0.31,0.5,0.19,1,4,1
SYN05397,2,7,2,5,28.57,6,4,66.67,2.33,2.53,2.09,1.0,0.0,4,0,0
SYN05398,6,11,11,0,100.0,7,7,100.0,0.54,1.07,2.84,1.0,0.0,6,2,1
SYN05399,9,10,10,0,100.0,8,5,62.5,0.81,1.53,0.37,1.0,0.63,5,0,1
SYN05400,4,10,10,0,100.0,4,4,100.0,1.81,2.76,2.76,2.0,0.0,5,2,1
SYN05401,5,9,8,1,88.89,6,4,66.67,1.24,3.37,3.34,2.0,0.0,7,4,1
SYN05402,1,9,5,4,55.56,5,4,80.0,1.54,1.81,0.0,0.5,0.5,4,4,1
SYN05403,2,8,7,1,87.5,3,2,66.67,0.17,1.93,1.81,0.0,0.0,6,4,1
SYN05404,1,4,2,2,50.0,2,1,50.0,0.12,0.34,1.34,0.0,0.0,2,4,1
SYN05405,5,7,1,6,14.29,3,2,66.67,2.42,3.4,0.0,0.5,0.5,5,2,0
SYN05406,5,9,9,0,100.0,5,1,20.0,0.37,0.52,2.91,1.0,0.0,4,0,0
SYN05407,1,10,9,1,90.0,4,2,50.0,0.25,0.25,0.0,0.0,0.0,6,3,1
SYN05408,4,8,5,3,62.5,5,2,40.0,0.07,0.45,1.18,2.0,0.82,0,2,1
SYN05409,8,9,3,6,33.33,7,4,57.14,0.08,0.17,2.82,2.0,0.0,7,1,0
SYN05410,8,4,2,2,50.0,3,1,33.33,0.9,1.81,3.25,2.0,0.0,1,3,0
SYN05411,6,7,1,6,14.29,5,5,100.0,3.43,4.01,1.12,1.0,0.0,6,0,0
SYN05412,7,8,7,1,87.5,3,3,100.0,0.46,5.0,1.24,2.0,0.76,3,0,1
SYN05413,5,11,2,9,18.18,8,6,75.0,1.91,2.5,0.69,1.0,0.31,4,2,0
SYN05414,3,6,4,2,66.67,3,1,33.33,1.85,2.35,1.55,2.0,0.45,2,0,0
SYN05415,7,5,2,3,40.0,3,2,66.67,0.5,2.34,1.01,0.0,0.0,6,3,1
SYN05416,8,6,1,5,16.67,4,1,25.0,0.56,0.86,2.51,3.0,0.49,5,3,1
SYN05417,3,5,3,2,60.0,4,2,50.0,0.6,0.74,0.22,1.0,0.78,2,3,0
SYN05418,4,8,4,4,50.0,6,5,83.33,2.46,3.11,0.0,1.0,1.0,1,0,0
SYN05419,4,9,7,2,77.78,6,6,100.0,0.3,1.24,0.29,1.0,0.71,7,3,1
SYN05420,7,10,3,7,30.0,7,5,71.43,0.1,0.39,0.36,0.5,0.14,7,4,1
SYN05421,1,11,5,6,45.45,7,7,100.0,0.26,1.73,3.64,5.0,1.36,1,4,1
SYN05422,7,4,0,4,0.0,3,2,66.67,0.97,4.96,0.0,2.0,2.0,2,0,0
SYN05423,3,5,0,5,0.0,2,1,50.0,1.01,4.09,4.18,3.0,0.0,1,1,0
SYN05424,5,6,6,0,100.0,3,3,100.0,1.6,2.04,3.8,5.0,1.2,1,0,1
SYN05425,1,5,5,0,100.0,4,4,100.0,0.88,0.94,0.0,1.0,1.0,1,1,1
SYN05426,8,10,6,4,60.0,8,4,50.0,0.01,1.45,3.88,2.0,0.0,5,4,1
SYN05427,1,5,2,3,40.0,3,2,66.67,3.15,5.0,4.02,3.0,0.0,6,0,0
SYN05428,3,4,2,2,50.0,2,1,50.0,4.22,4.23,1.73,0.5,0.0,4,2,0
SYN05429,6,10,8,2,80.0,5,0,0.0,0.69,0.9,1.61,1.0,0.0,3,4,0
SYN05430,4,11,5,6,45.45,7,5,71.43,0.41,1.88,2.57,1.0,0.0,7,4,1
SYN05431,3,5,3,2,60.0,2,1,50.0,0.13,1.49,3.06,2.0,0.0,5,2,1
SYN05432,5,6,4,2,66.67,4,3,75.0,0.05,0.89,1.59,2.0,0.41,0,2,1
SYN05433,1,8,4,4,50.0,3,1,33.33,0.12,0.18,0.0,1.0,1.0,4,2,0
SYN05434,4,8,4,4,50.0,4,2,50.0,2.58,3.02,0.46,2.0,1.54,1,3,0
SYN05435,2,11,7,4,63.64,6,3,50.0,3.14,3.71,1.83,2.0,0.17,3,4,0
SYN05436,5,7,2,5,28.57,5,5,100.0,0.24,0.38,0.0,1.0,1.0,3,2,0
SYN05437,3,4,3,1,75.0,2,1,50.0,0.31,1.2,1.04,2.0,0.96,7,2,1
SYN05438,7,7,3,4,42.86,4,1,25.0,1.06,1.59,2.82,3.0,0.18,6,4,1
SYN05439,2,8,5,3,62.5,5,4,80.0,0.72,1.91,2.68,1.0,0.0,3,1,1
SYN05440,1,8,8,0,100.0,6,4,66.67,4.0,4.02,0.0,1.0,1.0,6,0,0
SYN05441,2,8,4,4,50.0,4,3,75.0,0.79,1.86,2.04,2.0,0.0,4,1,1
SYN05442,8,11,9,2,81.82,8,3,37.5,0.39,3.66,0.0,1.0,1.0,4,3,1
SYN05443,9,10,2,8,20.0,5,4,80.0,2.88,2.9,0.0,0.5,0.5,6,2,0
SYN05444,1,6,3,3,50.0,4,4,100.0,0.1,2.07,4.12,3.0,0.0,4,4,1
SYN05445,1,6,4,2,66.67,3,2,66.67,0.13,3.84,0.0,0.5,0.5,1,3,1
SYN05446,2,9,9,0,100.0,7,5,71.43,0.35,4.54,0.18,0.5,0.32,3,2,1
SYN05447,6,7,1,6,14.29,6,1,16.67,0.82,1.03,3.17,3.0,0.0,3,4,0
SYN05448,9,7,4,3,57.14,5,2,40.0,3.87,4.39,2.84,2.0,0.0,6,3,1
SYN05449,8,5,5,0,100.0,4,3,75.0,1.09,2.93,0.34,1.0,0.66,1,0,0
SYN05450,3,6,2,4,33.33,3,2,66.67,0.25,1.29,2.51,1.0,0.0,3,3,1
SYN05451,9,9,5,4,55.56,6,5,83.33,1.52,2.86,0.0,0.5,0.5,4,3,1
SYN05452,3,10,7,3,70.0,5,4,80.0,0.32,0.54,0.58,0.0,0.0,7,4,1
SYN05453,4,10,6,4,60.0,5,1,20.0,0.62,1.54,2.77,3.0,0.23,6,0,0
SYN05454,8,6,6,0,100.0,4,4,100.0,2.01,2.97,0.89,0.0,0.0,2,0,1
SYN05455,3,5,4,1,80.0,3,1,33.33,0.0,0.37,2.43,0.0,0.0,0,4,1
SYN05456,7,5,5,0,100.0,3,1,33.33,1.59,2.05,1.67,2.0,0.33,1,4,1
SYN05457,4,7,4,3,57.14,5,4,80.0,0.92,1.37,2.98,3.0,0.02,0,1,0
SYN05458,8,8,3,5,37.5,5,5,100.0,0.87,1.34,1.48,2.0,0.52,3,4,1
SYN05459,6,11,6,5,54.55,8,3,37.5,1.31,1.65,0.0,0.5,0.5,5,0,0
SYN05460,9,11,3,8,27.27,8,6,75.0,0.36,0.58,0.16,1.0,0.84,5,3,0
SYN05461,4,4,3,1,75.0,3,2,66.67,0.08,1.57,4.98,5.0,0.02,5,1,1
SYN05462,4,9,5,4,55.56,4,3,75.0,0.03,0.5,1.07,2.0,0.93,4,3,1
SYN05463,3,6,3,3,50.0,4,4,100.0,2.27,5.0,1.1,2.0,0.9,3,4,0
SYN05464,5,5,4,1,80.0,3,2,66.67,1.29,1.93,0.0,1.0,1.0,6,2,1
SYN05465,9,8,3,5,37.5,6,6,100.0,0.37,4.93,3.66,2.0,0.0,2,1,1
SYN05466,2,4,3,1,75.0,2,2,100.0,0.56,0.96,6.97,5.0,0.0,4,4,1
SYN05467,4,6,3,3,50.0,3,3,100.0,1.83,2.14,1.78,1.0,0.0,2,1,1
SYN05468,3,8,7,1,87.5,4,3,75.0,0.32,1.95,0.0,1.0,1.0,2,2,1
SYN05469,2,6,3,3,50.0,3,2,66.67,0.48,2.69,0.0,0.0,0.0,0,0,0
SYN05470,7,8,6,2,75.0,6,3,50.0,1.17,1.69,0.12,2.0,1.88,4,4,0
SYN05471,9,7,5,2,71.43,3,1,33.33,0.43,0.79,1.27,0.5,0.0,4,4,1
SYN05472,9,10,8,2,80.0,5,3,60.0,0.49,0.64,2.52,1.0,0.0,2,1,1
SYN05473,6,5,3,2,60.0,3,2,66.67,2.79,4.15,2.2,2.0,0.0,4,2,0
SYN05474,1,4,1,3,25.0,2,1,50.0,0.4,1.76,3.03,2.0,0.0,1,2,0
SYN05475,8,8,7,1,87.5,4,3,75.0,0.6,0.91,1.53,1.0,0.0,6,4,1
SYN05476,7,6,3,3,50.0,4,1,25.0,0.88,3.31,2.07,3.0,0.93,0,3,0
SYN05477,3,9,7,2,77.78,5,3,60.0,0.15,1.06,1.71,0.5,0.0,4,0,1
SYN05478,8,4,3,1,75.0,3,3,100.0,1.41,2.1,2.13,1.0,0.0,2,3,1
SYN05479,3,8,3,5,37.5,6,6,100.0,0.08,0.83,0.81,2.0,1.19,1,2,1
SYN05480,6,11,4,7,36.36,9,7,77.78,1.02,1.19,2.97,2.0,0.0,1,0,1
SYN05481,2,4,3,1,75.0,2,2,100.0,0.08,2.11,1.82,2.0,0.18,2,2,1
SYN05482,5,6,3,3,50.0,4,2,50.0,3.0,3.43,1.69,2.0,0.31,5,0,0
SYN05483,7,10,8,2,80.0,6,1,16.67,3.73,4.74,2.47,2.0,0.0,6,1,0
SYN05484,7,8,4,4,50.0,5,4,80.0,1.86,2.4,2.43,2.0,0.0,7,3,1
SYN05485,9,5,4,1,80.0,3,0,0.0,0.31,3.7,6.07,5.0,0.0,4,2,0
SYN05486,7,5,4,1,80.0,2,1,50.0,1.32,1.37,1.98,3.0,1.02,3,2,0
SYN05487,9,10,7,3,70.0,4,3,75.0,1.48,1.93,1.68,1.0,0.0,6,1,1
SYN05488,8,10,5,5,50.0,7,4,57.14,0.67,1.79,0.61,2.0,1.39,6,4,1
SYN05489,7,6,4,2,66.67,4,4,100.0,0.59,1.21,0.79,1.0,0.21,3,1,0
SYN05490,4,7,6,1,85.71,3,3,100.0,0.19,1.06,1.87,2.0,0.13,3,4,1
SYN05491,7,10,6,4,60.0,7,7,100.0,1.74,1.83,1.16,0.0,0.0,0,1,1
SYN05492,1,5,4,1,80.0,3,1,33.33,0.73,2.55,1.01,1.0,0.0,0,1,0
SYN05493,3,5,3,2,60.0,3,3,100.0,1.05,1.19,2.69,3.0,0.31,7,3,1
SYN05494,5,10,6,4,60.0,5,4,80.0,0.21,1.15,3.71,2.0,0.0,6,3,0
SYN05495,4,5,5,0,100.0,4,2,50.0,0.07,0.82,0.0,0.0,0.0,2,2,1
SYN05496,3,10,9,1,90.0,7,5,71.43,0.0,0.39,0.43,1.0,0.57,7,3,1
SYN05497,1,7,4,3,57.14,5,5,100.0,1.81,2.2,0.0,1.0,1.0,0,2,1
SYN05498,9,11,7,4,63.64,7,3,42.86,2.05,3.1,1.74,2.0,0.26,7,3,1
SYN05499,6,4,2,2,50.0,3,2,66.67,1.41,1.85,0.0,0.0,0.0,4,4,1
SYN05500,4,11,6,5,54.55,5,4,80.0,1.47,4.54,1.7,2.0,0.3,4,4,1
SYN05501,9,5,3,2,60.0,4,1,25.0,1.62,2.1,2.29,2.0,0.0,5,3,0
SYN05502,7,4,3,1,75.0,2,1,50.0,1.34,2.66,0.0,1.0,1.0,1,1,0
SYN05503,6,9,7,2,77.78,7,3,42.86,0.97,0.99,0.01,1.0,0.99,3,3,1
SYN05504,4,8,3,5,37.5,6,5,83.33,1.74,1.98,0.08,2.0,1.92,1,3,0
SYN05505,4,10,8,2,80.0,7,3,42.86,0.97,4.32,1.39,2.0,0.61,4,1,0
SYN05506,4,4,2,2,50.0,3,2,66.67,1.14,1.52,0.0,1.0,1.0,3,4,1
SYN05507,3,4,1,3,25.0,2,1,50.0,0.03,0.57,3.57,1.0,0.0,3,3,1
SYN05508,9,8,7,1,87.5,5,2,40.0,0.17,2.46,3.8,2.0,0.0,5,2,1
SYN05509,5,11,11,0,100.0,7,2,28.57,0.12,2.55,2.61,1.0,0.0,6,0,0
SYN05510,5,7,5,2,71.43,3,2,66.67,1.33,1.34,0.0,1.0,1.0,6,3,1
SYN05511,4,10,8,2,80.0,4,3,75.0,1.97,2.53,0.79,1.0,0.21,6,1,1
SYN05512,4,11,9,2,81.82,9,7,77.78,0.04,0.18,0.0,1.0,1.0,1,3,0
SYN05513,9,10,9,1,90.0,5,1,20.0,0.02,0.41,4.21,2.0,0.0,5,2,1
SYN05514,8,8,6,2,75.0,4,2,50.0,3.05,3.44,6.0,5.0,0.0,5,3,0
SYN05515,7,9,2,7,22.22,5,2,40.0,2.51,3.8,0.74,2.0,1.26,0,4,0
SYN05516,6,8,8,0,100.0,5,4,80.0,0.35,0.62,0.44,0.0,0.0,1,0,1
SYN05517,3,9,8,1,88.89,5,3,60.0,0.43,0.47,0.0,1.0,1.0,4,0,1
SYN05518,2,8,4,4,50.0,6,4,66.67,0.69,0.81,0.34,0.5,0.16,2,3,1
SYN05519,4,8,3,5,37.5,5,2,40.0,0.9,2.88,1.79,2.0,0.21,6,2,0
SYN05520,6,7,5,2,71.43,3,3,100.0,2.97,3.34,1.89,1.0,0.0,6,3,1
SYN05521,1,9,5,4,55.56,5,1,20.0,0.15,0.64,6.19,5.0,0.0,1,0,0
SYN05522,1,10,7,3,70.0,4,2,50.0,0.44,1.97,1.02,1.0,0.0,0,4,0
SYN05523,1,11,9,2,81.82,8,5,62.5,1.6,1.98,0.0,0.0,0.0,2,1,0
SYN05524,1,8,4,4,50.0,4,2,50.0,1.92,2.33,0.0,1.0,1.0,7,0,0
SYN05525,5,4,1,3,25.0,2,1,50.0,0.09,0.2,2.87,1.0,0.0,7,2,0
SYN05526,5,8,6,2,75.0,5,1,20.0,0.72,1.79,0.0,0.5,0.5,4,4,0
SYN05527,4,6,3,3,50.0,3,1,33.33,0.58,3.29,1.12,1.0,0.0,6,0,0
SYN05528,1,4,3,1,75.0,2,1,50.0,0.64,1.31,3.21,0.5,0.0,4,2,1
SYN05529,1,4,1,3,25.0,2,2,100.0,0.72,3.05,0.0,0.5,0.5,7,4,1
SYN05530,6,8,4,4,50.0,6,6,100.0,0.06,0.32,1.03,1.0,0.0,1,2,1
SYN05531,4,11,9,2,81.82,5,3,60.0,0.43,1.33,2.6,2.0,0.0,3,0,1
SYN05532,2,8,6,2,75.0,5,1,20.0,0.02,1.39,4.31,3.0,0.0,1,1,0
SYN05533,3,7,3,4,42.86,5,4,80.0,0.64,1.53,1.0,1.0,0.0,0,2,0
SYN05534,3,4,1,3,25.0,2,1,50.0,0.78,1.73,2.41,1.0,0.0,1,3,0
SYN05535,3,9,5,4,55.56,6,3,50.0,1.37,2.39,1.5,2.0,0.5,0,0,0
SYN05536,2,4,3,1,75.0,3,1,33.33,0.78,1.24,5.65,5.0,0.0,7,1,0
SYN05537,4,10,7,3,70.0,7,4,57.14,1.94,2.3,2.5,2.0,0.0,5,0,0
SYN05538,2,10,5,5,50.0,8,4,50.0,0.4,1.62,0.89,1.0,0.11,3,2,0
SYN05539,6,11,7,4,63.64,8,2,25.0,0.19,0.32,3.39,3.0,0.0,6,2,0
SYN05540,4,6,6,0,100.0,3,1,33.33,0.25,0.94,0.95,2.0,1.05,4,3,1
SYN05541,7,5,3,2,60.0,4,4,100.0,0.78,0.83,0.0,0.0,0.0,3,1,1
SYN05542,7,6,1,5,16.67,3,2,66.67,0.25,0.86,0.0,0.0,0.0,3,4,1
SYN05543,4,10,7,3,70.0,6,4,66.67,1.96,2.34,2.47,3.0,0.53,3,0,0
SYN05544,8,5,5,0,100.0,4,0,0.0,3.29,4.07,4.37,3.0,0.0,3,1,0
SYN05545,9,11,3,8,27.27,8,7,87.5,0.33,0.76,1.5,1.0,0.0,6,0,0
SYN05546,5,5,3,2,60.0,4,2,50.0,3.45,4.82,2.37,2.0,0.0,7,4,0
SYN05547,6,4,2,2,50.0,2,2,100.0,0.77,1.15,0.0,1.0,1.0,1,1,0
SYN05548,5,5,3,2,60.0,3,2,66.67,0.27,1.35,2.38,2.0,0.0,5,0,1
SYN05549,7,10,6,4,60.0,5,2,40.0,0.25,2.34,0.92,1.0,0.08,0,3,0
SYN05550,1,8,7,1,87.5,6,1,16.67,0.72,1.09,1.64,1.0,0.0,6,4,1
SYN05551,5,6,4,2,66.67,4,4,100.0,0.5,2.1,2.66,1.0,0.0,7,4,1
SYN05552,5,9,8,1,88.89,4,3,75.0,3.8,5.0,0.51,1.0,0.49,5,1,0
SYN05553,9,9,5,4,55.56,7,6,85.71,0.86,0.91,2.62,3.0,0.38,4,0,1
SYN05554,8,8,4,4,50.0,5,5,100.0,0.65,1.09,4.1,3.0,0.0,7,1,0
SYN05555,5,8,3,5,37.5,5,4,80.0,0.38,3.22,0.0,0.5,0.5,6,0,1
SYN05556,6,4,1,3,25.0,3,3,100.0,2.01,5.0,1.1,1.0,0.0,6,3,0
SYN05557,7,6,4,2,66.67,4,2,50.0,2.49,3.21,0.0,1.0,1.0,7,1,0
SYN05558,1,8,8,0,100.0,5,4,80.0,1.2,1.26,0.0,0.0,0.0,4,2,1
SYN05559,5,5,4,1,80.0,2,1,50.0,1.92,2.14,2.57,1.0,0.0,6,3,1
SYN05560,5,7,5,2,71.43,3,2,66.67,0.62,2.93,1.4,1.0,0.0,7,2,1
SYN05561,8,4,2,2,50.0,2,1,50.0,1.11,4.54,1.08,0.0,0.0,3,1,0
SYN05562,7,10,5,5,50.0,5,1,20.0,1.52,1.56,6.15,5.0,0.0,5,1,0
SYN05563,7,4,3,1,75.0,2,1,50.0,0.53,0.66,3.62,2.0,0.0,5,1,1
SYN05564,1,4,4,0,100.0,2,1,50.0,4.36,5.0,0.08,0.5,0.42,7,0,1
SYN05565,8,9,9,0,100.0,6,1,16.67,0.69,0.72,3.13,2.0,0.0,5,2,1
SYN05566,7,5,4,1,80.0,2,1,50.0,0.28,2.46,3.7,1.0,0.0,5,1,1
SYN05567,1,6,4,2,66.67,4,2,50.0,0.8,1.44,1.97,2.0,0.03,7,3,0
SYN05568,6,6,4,2,66.67,5,4,80.0,0.98,1.17,0.0,1.0,1.0,0,1,0
SYN05569,6,5,2,3,40.0,2,1,50.0,2.46,4.7,0.0,0.0,0.0,1,2,0
SYN05570,2,10,2,8,20.0,7,7,100.0,0.84,2.63,1.56,1.0,0.0,2,4,1
SYN05571,5,9,3,6,33.33,4,3,75.0,0.18,0.45,3.01,5.0,1.99,5,3,1
SYN05572,8,5,3,2,60.0,3,1,33.33,0.22,0.84,1.09,2.0,0.91,3,1,1
SYN05573,4,9,5,4,55.56,6,4,66.67,1.33,2.04,1.6,2.0,0.4,6,0,1
SYN05574,3,9,2,7,22.22,4,2,50.0,0.4,1.1,2.13,2.0,0.0,0,3,1
SYN05575,3,8,5,3,62.5,4,3,75.0,0.46,1.5,4.16,2.0,0.0,2,1,1
SYN05576,7,8,4,4,50.0,6,4,66.67,0.87,1.98,3.83,3.0,0.0,1,0,1
SYN05577,8,11,3,8,27.27,5,2,40.0,0.42,1.32,0.0,0.0,0.0,5,3,1
SYN05578,8,7,4,3,57.14,5,3,60.0,0.09,3.2,4.64,0.0,0.0,2,4,1
SYN05579,3,7,4,3,57.14,5,4,80.0,0.02,0.5,1.98,2.0,0.02,1,3,1
SYN05580,4,8,4,4,50.0,4,1,25.0,0.12,0.48,2.98,5.0,2.02,4,4,0
SYN05581,6,10,8,2,80.0,7,5,71.43,1.15,1.25,0.0,1.0,1.0,0,0,1
SYN05582,7,9,1,8,11.11,6,1,16.67,1.59,1.87,3.76,5.0,1.24,7,4,0
SYN05583,5,4,0,4,0.0,2,2,100.0,1.14,1.59,0.38,2.0,1.62,0,1,0
SYN05584,6,7,4,3,57.14,5,4,80.0,0.47,3.85,0.62,0.0,0.0,2,2,1
SYN05585,5,9,6,3,66.67,5,5,100.0,0.22,1.52,0.0,3.0,3.0,4,1,1
SYN05586,1,5,4,1,80.0,3,1,33.33,0.46,0.49,3.18,2.0,0.0,0,3,1
SYN05587,9,11,5,6,45.45,5,5,100.0,0.59,1.6,1.98,1.0,0.0,0,4,1
SYN05588,3,10,4,6,40.0,5,5,100.0,0.38,0.57,1.45,2.0,0.55,7,4,1
SYN05589,9,10,6,4,60.0,7,4,57.14,2.06,4.83,2.1,1.0,0.0,4,1,0
SYN05590,5,4,2,2,50.0,3,2,66.67,1.3,2.04,0.69,2.0,1.31,0,2,1
SYN05591,6,8,8,0,100.0,4,1,25.0,0.63,1.47,0.0,1.0,1.0,3,4,1
SYN05592,8,8,4,4,50.0,6,2,33.33,0.05,0.11,1.66,1.0,0.0,2,1,0
SYN05593,2,9,5,4,55.56,5,2,40.0,0.57,1.01,1.75,2.0,0.25,0,4,1
SYN05594,1,10,10,0,100.0,5,1,20.0,2.34,3.13,0.0,0.0,0.0,4,2,1
SYN05595,2,6,3,3,50.0,4,4,100.0,1.15,1.22,0.0,0.0,0.0,1,2,1
SYN05596,8,8,6,2,75.0,5,1,20.0,0.69,2.22,1.58,0.0,0.0,5,4,1
SYN05597,1,9,7,2,77.78,5,3,60.0,2.15,4.05,2.54,1.0,0.0,5,4,1
SYN05598,6,10,8,2,80.0,7,5,71.43,0.75,1.55,1.51,1.0,0.0,3,4,1
SYN05599,5,10,7,3,70.0,6,5,83.33,0.43,0.5,0.57,1.0,0.43,3,0,0
SYN05600,1,6,4,2,66.67,5,4,80.0,0.12,0.14,1.63,1.0,0.0,5,0,0
SYN05601,2,11,7,4,63.64,8,7,87.5,0.05,0.93,0.0,0.0,0.0,5,0,1
SYN05602,8,4,2,2,50.0,2,1,50.0,0.36,1.1,3.4,2.0,0.0,3,2,0
SYN05603,5,7,5,2,71.43,4,3,75.0,0.28,1.94,3.14,2.0,0.0,6,2,1
SYN05604,6,8,8,0,100.0,6,3,50.0,0.09,0.87,4.32,2.0,0.0,2,1,1
SYN05605,4,4,4,0,100.0,3,3,100.0,0.79,1.7,0.0,0.0,0.0,6,3,1
SYN05606,5,7,5,2,71.43,3,3,100.0,2.21,3.76,0.89,2.0,1.11,2,1,0
SYN05607,1,8,7,1,87.5,4,1,25.0,1.36,1.42,1.66,1.0,0.0,5,4,1
SYN05608,9,8,3,5,37.5,4,0,0.0,0.11,1.75,1.67,2.0,0.33,7,1,0
SYN05609,8,4,2,2,50.0,3,2,66.67,0.04,0.39,1.2,0.0,0.0,5,2,1
SYN05610,6,6,5,1,83.33,5,5,100.0,0.95,1.27,3.58,2.0,0.0,2,0,1
SYN05611,9,5,5,0,100.0,4,4,100.0,1.31,2.64,7.04,5.0,0.0,4,0,1
SYN05612,9,9,4,5,44.44,5,4,80.0,1.54,1.81,3.07,3.0,0.0,1,0,0
SYN05613,4,6,3,3,50.0,5,5,100.0,0.64,0.77,4.06,3.0,0.0,3,0,1
SYN05614,9,8,8,0,100.0,3,3,100.0,0.18,1.96,0.0,0.0,0.0,4,0,1
SYN05615,3,9,6,3,66.67,5,5,100.0,1.07,2.86,1.26,1.0,0.0,0,2,1
SYN05616,8,10,10,0,100.0,6,5,83.33,0.94,1.25,0.44,0.5,0.06,3,3,1
SYN05617,1,5,3,2,60.0,3,1,33.33,2.1,2.79,0.87,1.0,0.13,7,3,1
SYN05618,4,11,7,4,63.64,7,5,71.43,0.55,1.01,4.19,2.0,0.0,7,4,1
SYN05619,1,5,3,2,60.0,2,1,50.0,0.25,0.85,0.39,2.0,1.61,6,2,0
SYN05620,8,4,3,1,75.0,2,1,50.0,0.07,0.93,4.99,5.0,0.01,5,0,1
SYN05621,6,4,4,0,100.0,3,2,66.67,0.27,1.17,5.06,5.0,0.0,5,4,1
SYN05622,1,5,2,3,40.0,2,2,100.0,1.39,3.07,1.27,0.5,0.0,4,4,0
SYN05623,5,10,5,5,50.0,6,3,50.0,0.64,0.76,1.68,3.0,1.32,5,1,0
SYN05624,3,5,4,1,80.0,2,2,100.0,0.67,1.92,2.64,3.0,0.36,1,4,1
SYN05625,8,9,5,4,55.56,5,4,80.0,0.89,3.08,1.29,2.0,0.71,4,2,1
SYN05626,2,7,3,4,42.86,4,2,50.0,0.38,1.19,0.0,1.0,1.0,4,1,1
SYN05627,5,4,3,1,75.0,3,1,33.33,0.83,1.13,1.89,0.5,0.0,0,0,0
SYN05628,7,7,6,1,85.71,4,1,25.0,0.88,2.3,0.0,1.0,1.0,2,4,1
SYN05629,2,4,2,2,50.0,2,2,100.0,3.48,4.78,0.0,0.0,0.0,2,3,0
SYN05630,1,7,5,2,71.43,5,3,60.0,1.07,1.2,2.14,1.0,0.0,5,2,1
SYN05631,8,8,2,6,25.0,3,1,33.33,0.74,2.15,0.0,0.0,0.0,2,3,0
SYN05632,2,8,3,5,37.5,6,1,16.67,0.71,2.28,0.64,1.0,0.36,1,3,0
SYN05633,8,6,4,2,66.67,3,2,66.67,0.2,1.41,1.66,2.0,0.34,6,2,1
SYN05634,3,10,6,4,60.0,8,5,62.5,1.03,1.85,1.29,0.0,0.0,4,1,1
SYN05635,8,8,3,5,37.5,3,1,33.33,0.33,1.69,2.34,3.0,0.66,4,2,0
SYN05636,6,6,3,3,50.0,4,2,50.0,0.39,2.51,0.71,0.0,0.0,2,3,1
SYN05637,9,7,2,5,28.57,5,3,60.0,1.1,2.01,0.0,1.0,1.0,3,0,0
SYN05638,4,4,3,1,75.0,3,2,66.67,0.88,4.5,1.4,1.0,0.0,4,0,1
SYN05639,8,11,1,10,9.09,8,4,50.0,0.27,0.69,2.08,1.0,0.0,2,4,0
SYN05640,5,10,3,7,30.0,4,1,25.0,1.18,3.17,2.69,1.0,0.0,7,2,0
SYN05641,5,6,1,5,16.67,3,2,66.67,1.4,3.16,0.14,2.0,1.86,6,3,0
SYN05642,8,9,6,3,66.67,7,7,100.0,0.23,1.84,0.64,1.0,0.36,7,2,1
SYN05643,8,9,1,8,11.11,7,5,71.43,0.26,1.21,2.92,1.0,0.0,6,4,0
SYN05644,1,8,5,3,62.5,5,3,60.0,1.12,2.19,2.11,1.0,0.0,0,1,0
SYN05645,7,4,4,0,100.0,2,1,50.0,0.41,0.46,0.0,0.0,0.0,6,0,1
SYN05646,8,11,11,0,100.0,8,3,37.5,0.11,0.91,5.0,5.0,0.0,1,3,1
SYN05647,5,11,2,9,18.18,8,3,37.5,2.69,3.15,1.36,1.0,0.0,3,1,0
SYN05648,6,11,7,4,63.64,8,1,12.5,0.31,1.2,0.0,0.0,0.0,3,3,1
SYN05649,4,11,4,7,36.36,8,8,100.0,2.49,2.52,2.66,2.0,0.0,3,2,0
SYN05650,9,11,3,8,27.27,6,5,83.33,0.56,0.65,2.59,2.0,0.0,6,1,1
SYN05651,7,9,5,4,55.56,6,4,66.67,0.69,1.68,0.0,1.0,1.0,4,2,0
SYN05652,8,4,4,0,100.0,2,1,50.0,0.3,1.27,4.41,5.0,0.59,4,2,1
SYN05653,1,7,5,2,71.43,3,2,66.67,2.82,3.83,0.46,1.0,0.54,1,2,0
SYN05654,2,5,2,3,40.0,4,2,50.0,0.47,0.75,0.19,0.5,0.31,6,1,0
SYN05655,7,5,4,1,80.0,3,2,66.67,0.23,2.08,2.32,2.0,0.0,2,1,1
SYN05656,1,10,0,10,0.0,4,2,50.0,0.11,0.44,3.22,3.0,0.0,5,1,0
SYN05657,4,10,4,6,40.0,7,7,100.0,1.52,3.99,0.14,1.0,0.86,3,2,0
SYN05658,9,8,3,5,37.5,4,4,100.0,1.08,1.78,1.61,0.0,0.0,5,4,1
SYN05659,4,9,6,3,66.67,4,3,75.0,0.16,0.59,2.01,2.0,0.0,5,1,1
SYN05660,1,5,3,2,60.0,3,3,100.0,1.97,3.22,3.76,2.0,0.0,4,3,1
SYN05661,5,5,3,2,60.0,3,3,100.0,0.5,1.19,2.73,1.0,0.0,3,0,1
SYN05662,2,10,6,4,60.0,6,2,33.33,0.54,1.53,3.73,5.0,1.27,5,0,0
SYN05663,9,7,4,3,57.14,3,2,66.67,1.12,5.0,0.0,0.5,0.5,1,3,0
SYN05664,7,8,6,2,75.0,5,3,60.0,3.44,5.0,1.5,2.0,0.5,7,3,1
SYN05665,9,7,4,3,57.14,3,2,66.67,0.7,0.74,3.38,3.0,0.0,3,3,1
SYN05666,4,5,3,2,60.0,4,2,50.0,1.23,1.29,1.37,0.5,0.0,7,2,1
SYN05667,9,10,7,3,70.0,5,3,60.0,2.51,3.84,1.18,1.0,0.0,4,1,0
SYN05668,7,10,8,2,80.0,7,4,57.14,1.9,5.0,0.0,0.0,0.0,1,0,0
SYN05669,6,9,4,5,44.44,4,4,100.0,1.21,1.8,3.98,2.0,0.0,5,4,1
SYN05670,4,6,4,2,66.67,3,1,33.33,1.04,1.21,0.47,1.0,0.53,4,0,0
SYN05671,8,9,8,1,88.89,5,3,60.0,1.64,3.12,2.89,2.0,0.0,6,4,1
SYN05672,9,11,4,7,36.36,8,1,12.5,0.44,0.6,0.96,1.0,0.04,6,1,1
SYN05673,2,9,9,0,100.0,7,3,42.86,0.89,1.11,0.92,1.0,0.08,1,2,1
SYN05674,8,7,2,5,28.57,4,3,75.0,1.86,2.02,0.81,0.0,0.0,6,0,0
SYN05675,5,6,3,3,50.0,3,2,66.67,0.22,0.76,1.85,0.0,0.0,4,3,1
SYN05676,4,8,3,5,37.5,3,2,66.67,0.49,0.57,1.37,1.0,0.0,3,2,0
SYN05677,3,6,6,0,100.0,4,4,100.0,0.65,1.87,2.41,3.0,0.59,3,2,1
SYN05678,2,8,4,4,50.0,4,4,100.0,0.22,0.33,3.78,2.0,0.0,5,0,1
SYN05679,2,4,2,2,50.0,3,2,66.67,0.83,2.13,1.59,1.0,0.0,5,1,1
SYN05680,3,5,3,2,60.0,3,2,66.67,0.03,1.95,5.2,5.0,0.0,7,2,1
SYN05681,7,10,6,4,60.0,7,4,57.14,4.7,5.0,1.73,0.5,0.0,6,0,0
SYN05682,3,7,4,3,57.14,5,4,80.0,0.66,2.18,5.39,5.0,0.0,1,3,1
SYN05683,1,7,4,3,57.14,3,1,33.33,0.18,0.27,3.45,0.5,0.0,3,1,1
SYN05684,2,8,0,8,0.0,5,5,100.0,0.77,1.27,0.5,0.5,0.0,7,3,1
SYN05685,8,7,4,3,57.14,5,5,100.0,1.28,2.35,4.38,3.0,0.0,6,0,1
SYN05686,4,10,6,4,60.0,6,2,33.33,2.87,2.96,1.53,1.0,0.0,3,0,0
SYN05687,9,5,4,1,80.0,3,1,33.33,0.4,0.46,3.53,3.0,0.0,0,4,1
SYN05688,3,10,9,1,90.0,7,5,71.43,0.81,0.89,1.57,2.0,0.43,1,1,1
SYN05689,3,5,3,2,60.0,2,1,50.0,0.12,1.33,0.07,0.5,0.43,7,4,1
SYN05690,5,6,5,1,83.33,5,4,80.0,0.27,1.33,0.6,0.0,0.0,5,3,1
SYN05691,2,8,3,5,37.5,4,2,50.0,0.33,2.61,0.0,1.0,1.0,6,2,0
SYN05692,2,11,9,2,81.82,7,7,100.0,0.0,1.79,0.31,1.0,0.69,6,3,1
SYN05693,8,5,2,3,40.0,3,2,66.67,0.75,0.81,1.02,1.0,0.0,1,2,0
SYN05694,3,8,2,6,25.0,5,5,100.0,0.18,1.3,1.99,0.5,0.0,4,1,0
SYN05695,8,4,2,2,50.0,2,2,100.0,0.61,1.15,0.6,0.5,0.0,5,4,1
SYN05696,3,4,4,0,100.0,2,1,50.0,2.02,3.02,1.08,1.0,0.0,0,0,0
SYN05697,8,10,6,4,60.0,6,6,100.0,0.4,1.06,0.0,0.0,0.0,4,3,1
SYN05698,2,9,9,0,100.0,5,5,100.0,0.01,0.37,3.03,1.0,0.0,2,3,1
SYN05699,7,7,3,4,42.86,5,4,80.0,0.73,1.12,1.33,0.0,0.0,7,0,1
SYN05700,3,8,7,1,87.5,3,2,66.67,1.52,2.82,4.46,3.0,0.0,2,3,1
SYN05701,8,7,3,4,42.86,3,1,33.33,2.55,4.99,0.26,2.0,1.74,2,4,0
SYN05702,3,6,4,2,66.67,3,0,0.0,0.14,0.58,0.92,0.5,0.0,7,1,1
SYN05703,8,7,5,2,71.43,4,3,75.0,2.2,3.18,0.87,2.0,1.13,4,2,1
SYN05704,5,6,5,1,83.33,3,3,100.0,2.24,2.3,1.93,1.0,0.0,7,1,1
SYN05705,1,10,7,3,70.0,5,4,80.0,1.26,2.77,1.39,1.0,0.0,4,0,0
SYN05706,7,7,3,4,42.86,4,4,100.0,0.8,0.95,1.62,1.0,0.0,1,0,0
SYN05707,9,6,5,1,83.33,4,4,100.0,1.03,1.5,0.14,1.0,0.86,1,0,1
SYN05708,2,8,8,0,100.0,5,3,60.0,0.14,1.03,1.75,3.0,1.25,1,3,1
SYN05709,7,10,5,5,50.0,5,5,100.0,3.06,4.37,0.0,0.0,0.0,6,3,0
SYN05710,3,6,1,5,16.67,4,4,100.0,2.15,3.39,2.37,2.0,0.0,0,0,0
SYN05711,5,11,8,3,72.73,7,4,57.14,0.65,2.27,0.21,0.5,0.29,5,0,1
SYN05712,2,7,4,3,57.14,5,3,60.0,0.27,1.24,1.3,1.0,0.0,3,4,0
SYN05713,4,9,5,4,55.56,4,3,75.0,5.0,5.0,0.0,1.0,1.0,4,4,1
SYN05714,7,11,8,3,72.73,5,0,0.0,0.75,2.6,0.0,0.0,0.0,6,2,0
SYN05715,9,7,3,4,42.86,4,3,75.0,1.08,3.65,1.67,0.0,0.0,7,3,0
SYN05716,3,5,3,2,60.0,2,2,100.0,3.71,5.0,1.4,1.0,0.0,2,1,1
SYN05717,1,9,5,4,55.56,6,4,66.67,0.17,0.54,1.47,1.0,0.0,7,0,1
SYN05718,7,4,4,0,100.0,2,1,50.0,0.72,0.82,3.48,3.0,0.0,7,4,1
SYN05719,7,7,4,3,57.14,3,2,66.67,1.17,1.87,1.39,2.0,0.61,6,1,0
SYN05720,4,11,3,8,27.27,5,0,0.0,0.53,1.75,4.96,3.0,0.0,0,1,0
SYN05721,2,7,2,5,28.57,3,3,100.0,0.82,2.38,3.43,3.0,0.0,1,2,1
SYN05722,3,9,6,3,66.67,5,3,60.0,1.76,1.87,0.21,0.0,0.0,0,3,0
SYN05723,6,8,3,5,37.5,3,1,33.33,0.06,0.08,3.82,3.0,0.0,7,0,0
SYN05724,2,5,1,4,20.0,3,3,100.0,0.19,0.52,6.13,5.0,0.0,7,2,1
SYN05725,5,6,5,1,83.33,3,3,100.0,0.69,1.19,0.0,1.0,1.0,2,2,1
SYN05726,3,8,6,2,75.0,5,4,80.0,1.66,2.06,2.07,2.0,0.0,4,3,1
SYN05727,1,4,2,2,50.0,3,3,100.0,0.33,0.55,3.68,1.0,0.0,4,4,1
SYN05728,1,7,5,2,71.43,5,2,40.0,0.5,0.51,1.99,0.0,0.0,3,3,0
SYN05729,2,7,5,2,71.43,4,3,75.0,1.34,2.56,0.87,1.0,0.13,7,3,1
SYN05730,7,10,8,2,80.0,6,6,100.0,0.31,2.71,0.87,0.0,0.0,7,4,1
SYN05731,4,4,3,1,75.0,3,1,33.33,2.18,2.26,0.61,1.0,0.39,1,2,0
SYN05732,3,10,0,10,0.0,8,3,37.5,1.31,1.85,2.42,2.0,0.0,4,0,0
SYN05733,3,7,4,3,57.14,4,3,75.0,0.75,3.02,0.0,0.0,0.0,1,4,1
SYN05734,1,9,7,2,77.78,4,3,75.0,0.65,2.04,0.0,0.5,0.5,0,4,1
SYN05735,3,8,4,4,50.0,6,5,83.33,0.49,0.7,0.0,0.0,0.0,6,4,1
SYN05736,8,6,4,2,66.67,2,1,50.0,0.53,1.64,7.02,5.0,0.0,6,4,1
SYN05737,5,11,9,2,81.82,8,0,0.0,1.72,2.14,1.42,2.0,0.58,0,4,0
SYN05738,7,5,3,2,60.0,2,2,100.0,0.02,0.34,1.37,0.0,0.0,4,3,1
SYN05739,6,4,4,0,100.0,2,1,50.0,1.06,1.99,1.48,2.0,0.52,1,0,1
SYN05740,1,10,9,1,90.0,7,3,42.86,2.9,3.45,1.34,2.0,0.66,4,3,0
SYN05741,7,8,5,3,62.5,5,0,0.0,2.57,2.8,2.47,2.0,0.0,2,0,0
SYN05742,5,11,6,5,54.55,7,7,100.0,0.82,1.18,1.44,3.0,1.56,4,0,0
SYN05743,3,7,0,7,0.0,5,4,80.0,0.17,1.13,1.8,1.0,0.0,5,3,1
SYN05744,1,4,2,2,50.0,3,2,66.67,0.25,4.94,0.34,0.5,0.16,0,4,1
SYN05745,6,4,1,3,25.0,2,1,50.0,0.68,0.82,2.34,3.0,0.66,3,1,1
SYN05746,6,7,5,2,71.43,6,0,0.0,0.28,2.1,1.08,2.0,0.92,2,0,1
SYN05747,6,5,3,2,60.0,3,1,33.33,0.15,1.5,3.37,1.0,0.0,3,2,1
SYN05748,6,11,9,2,81.82,5,3,60.0,0.11,0.43,0.96,1.0,0.04,7,1,1
SYN05749,7,4,4,0,100.0,3,1,33.33,0.67,1.99,0.91,1.0,0.09,7,4,1
SYN05750,8,11,7,4,63.64,6,3,50.0,2.03,2.17,2.05,1.0,0.0,5,0,0
SYN05751,9,5,5,0,100.0,4,3,75.0,0.76,3.95,0.99,2.0,1.01,6,4,1
SYN05752,9,4,3,1,75.0,2,2,100.0,0.96,3.16,1.36,0.0,0.0,3,1,1
SYN05753,9,6,2,4,33.33,3,1,33.33,0.04,0.37,0.96,1.0,0.04,5,1,1
SYN05754,9,5,2,3,40.0,2,1,50.0,0.49,0.57,0.0,1.0,1.0,3,3,1
SYN05755,8,7,4,3,57.14,4,3,75.0,0.36,0.62,0.0,0.0,0.0,2,4,1
SYN05756,4,6,4,2,66.67,4,2,50.0,1.2,3.17,0.0,1.0,1.0,6,2,1
SYN05757,7,8,3,5,37.5,4,2,50.0,0.09,0.65,1.1,1.0,0.0,6,2,0
SYN05758,6,8,4,4,50.0,3,2,66.67,1.2,1.43,0.05,1.0,0.95,2,3,0
SYN05759,3,4,2,2,50.0,2,1,50.0,0.21,1.2,0.0,0.0,0.0,2,3,0
SYN05760,1,4,2,2,50.0,2,2,100.0,0.07,0.92,1.35,1.0,0.0,3,3,1
SYN05761,2,5,4,1,80.0,3,2,66.67,0.58,1.64,1.05,1.0,0.0,7,0,1
SYN05762,9,5,4,1,80.0,3,2,66.67,0.7,4.23,1.45,0.0,0.0,6,4,1
SYN05763,7,4,4,0,100.0,2,1,50.0,1.23,3.92,3.4,2.0,0.0,2,0,1
SYN05764,8,6,3,3,50.0,3,2,66.67,0.04,1.67,2.07,2.0,0.0,4,1,1
SYN05765,6,8,7,1,87.5,5,3,60.0,1.09,2.38,1.6,1.0,0.0,6,3,1
SYN05766,2,6,2,4,33.33,3,1,33.33,0.58,0.98,0.31,2.0,1.69,2,1,0
SYN05767,6,6,2,4,33.33,3,2,66.67,3.85,4.89,1.84,1.0,0.0,7,2,0
SYN05768,9,7,2,5,28.57,5,5,100.0,1.49,4.59,0.49,0.0,0.0,7,0,0
SYN05769,7,8,5,3,62.5,4,2,50.0,1.87,1.99,2.14,1.0,0.0,1,4,1
SYN05770,3,6,5,1,83.33,2,1,50.0,3.22,4.2,1.63,2.0,0.37,4,1,1
SYN05771,6,5,2,3,40.0,2,1,50.0,1.43,2.24,1.64,2.0,0.36,1,0,0
SYN05772,6,7,3,4,42.86,5,1,20.0,0.31,0.54,1.65,2.0,0.35,5,0,1
SYN05773,3,4,2,2,50.0,2,2,100.0,2.19,2.44,4.72,3.0,0.0,0,0,1
SYN05774,5,7,5,2,71.43,5,3,60.0,2.17,3.02,0.84,0.5,0.0,5,3,1
SYN05775,9,11,5,6,45.45,6,2,33.33,0.78,0.84,1.2,3.0,1.8,2,0,0
SYN05776,6,7,3,4,42.86,4,1,25.0,0.08,2.04,2.77,2.0,0.0,4,2,0
SYN05777,8,4,1,3,25.0,3,2,66.67,0.29,0.76,0.44,1.0,0.56,4,3,0
SYN05778,7,9,4,5,44.44,5,2,40.0,0.2,0.38,2.3,1.0,0.0,7,1,1
SYN05779,2,5,4,1,80.0,2,2,100.0,0.35,1.64,1.65,1.0,0.0,0,3,1
SYN05780,5,5,3,2,60.0,2,1,50.0,1.13,1.2,1.49,0.0,0.0,4,1,1
SYN05781,6,5,2,3,40.0,3,1,33.33,0.18,1.36,1.25,0.0,0.0,1,2,0
SYN05782,6,11,10,1,90.91,6,5,83.33,0.01,0.08,2.12,1.0,0.0,5,0,1
SYN05783,9,11,5,6,45.45,8,5,62.5,2.63,4.79,1.86,0.5,0.0,3,0,1
SYN05784,4,8,8,0,100.0,5,3,60.0,0.15,1.86,0.98,0.0,0.0,1,0,0
SYN05785,7,8,8,0,100.0,5,4,80.0,0.36,0.65,0.0,0.0,0.0,1,0,1
SYN05786,8,9,6,3,66.67,5,3,60.0,0.25,0.3,3.63,5.0,1.37,0,1,0
SYN05787,5,8,2,6,25.0,4,3,75.0,0.75,1.72,0.0,0.5,0.5,6,1,1
SYN05788,1,8,8,0,100.0,6,2,33.33,0.34,0.38,5.88,5.0,0.0,7,1,1
SYN05789,9,11,8,3,72.73,5,1,20.0,0.61,3.39,0.0,1.0,1.0,2,0,0
SYN05790,2,9,5,4,55.56,7,3,42.86,0.08,1.19,0.48,0.5,0.02,3,3,1
SYN05791,7,4,3,1,75.0,2,1,50.0,0.82,1.19,0.0,0.0,0.0,0,4,1
SYN05792,7,7,5,2,71.43,4,3,75.0,0.22,3.1,1.97,0.5,0.0,1,3,1
SYN05793,6,11,10,1,90.91,5,1,20.0,0.45,1.32,0.86,1.0,0.14,1,0,1
SYN05794,7,7,3,4,42.86,5,3,60.0,0.6,3.75,0.06,0.5,0.44,7,3,1
SYN05795,4,5,3,2,60.0,2,1,50.0,0.47,1.12,3.58,2.0,0.0,2,1,1
SYN05796,1,10,3,7,30.0,6,4,66.67,0.74,1.37,0.89,1.0,0.11,6,1,1
SYN05797,7,8,6,2,75.0,6,5,83.33,1.84,2.14,0.7,1.0,0.3,1,3,1
SYN05798,5,8,5,3,62.5,5,3,60.0,0.36,0.4,0.41,1.0,0.59,1,1,1
SYN05799,8,7,5,2,71.43,3,1,33.33,0.89,1.78,2.34,2.0,0.0,1,4,1
SYN05800,3,4,2,2,50.0,3,3,100.0,0.72,1.23,4.6,5.0,0.4,1,4,1
SYN05801,2,7,4,3,57.14,4,2,50.0,1.11,1.39,0.61,1.0,0.39,1,3,0
SYN05802,2,7,3,4,42.86,3,3,100.0,0.18,1.72,2.74,1.0,0.0,2,2,1
SYN05803,7,11,9,2,81.82,7,4,57.14,0.68,2.3,5.06,5.0,0.0,3,1,1
SYN05804,1,6,6,0,100.0,4,3,75.0,0.15,1.45,4.46,5.0,0.54,1,3,1
SYN05805,7,5,2,3,40.0,3,2,66.67,0.97,3.82,0.81,2.0,1.19,4,2,0
SYN05806,3,7,5,2,71.43,5,4,80.0,0.17,0.97,2.24,2.0,0.0,2,3,1
SYN05807,2,11,8,3,72.73,8,4,50.0,0.22,0.75,0.33,1.0,0.67,4,0,1
SYN05808,4,7,4,3,57.14,4,3,75.0,0.46,1.01,0.56,1.0,0.44,4,1,1
SYN05809,8,7,2,5,28.57,4,4,100.0,0.75,1.18,0.0,1.0,1.0,7,0,1
SYN05810,1,9,2,7,22.22,6,6,100.0,0.41,1.12,2.24,2.0,0.0,4,2,1
SYN05811,8,9,4,5,44.44,5,5,100.0,1.2,1.48,0.44,2.0,1.56,5,3,1
SYN05812,9,6,0,6,0.0,3,1,33.33,0.17,0.26,1.49,1.0,0.0,6,0,0
SYN05813,2,11,10,1,90.91,6,2,33.33,0.92,3.37,0.34,1.0,0.66,1,4,1
SYN05814,4,8,6,2,75.0,6,4,66.67,1.34,1.58,2.86,2.0,0.0,6,4,1
SYN05815,7,4,2,2,50.0,2,2,100.0,1.16,1.19,1.08,0.5,0.0,3,1,1
SYN05816,5,7,0,7,0.0,3,2,66.67,0.59,0.81,2.12,2.0,0.0,5,0,0
SYN05817,3,11,2,9,18.18,5,2,40.0,1.37,2.1,3.02,2.0,0.0,5,3,0
SYN05818,5,7,4,3,57.14,3,3,100.0,0.52,0.94,1.87,0.0,0.0,1,3,1
SYN05819,3,8,8,0,100.0,6,5,83.33,0.08,0.66,2.52,1.0,0.0,4,3,1
SYN05820,1,8,3,5,37.5,5,5,100.0,0.41,0.47,0.0,0.0,0.0,2,0,1
SYN05821,2,9,7,2,77.78,6,3,50.0,0.55,1.1,0.0,0.0,0.0,1,2,1
SYN05822,9,10,5,5,50.0,7,4,57.14,0.01,0.83,0.42,1.0,0.58,7,1,1
SYN05823,7,5,3,2,60.0,3,3,100.0,0.61,1.55,2.77,2.0,0.0,6,1,1
SYN05824,8,8,7,1,87.5,6,3,50.0,0.06,1.24,0.37,1.0,0.63,1,2,1
SYN05825,9,8,4,4,50.0,6,3,50.0,1.67,2.22,1.33,2.0,0.67,1,4,0
SYN05826,2,5,2,3,40.0,3,1,33.33,0.04,0.98,0.0,0.5,0.5,0,0,0
SYN05827,6,9,9,0,100.0,6,3,50.0,0.54,2.94,2.36,2.0,0.0,2,1,1
SYN05828,4,4,2,2,50.0,2,2,100.0,0.98,2.55,1.76,1.0,0.0,1,1,0
SYN05829,3,7,6,1,85.71,5,1,20.0,1.92,2.61,0.55,2.0,1.45,5,1,0
SYN05830,4,6,3,3,50.0,3,2,66.67,0.41,0.51,0.0,0.0,0.0,3,4,1
SYN05831,2,5,5,0,100.0,3,1,33.33,0.57,0.89,0.0,2.0,2.0,7,0,1
SYN05832,6,10,7,3,70.0,5,3,60.0,0.26,3.46,0.0,1.0,1.0,4,0,0
SYN05833,2,5,4,1,80.0,3,2,66.67,1.06,1.69,5.58,5.0,0.0,7,3,0
SYN05834,2,6,4,2,66.67,5,3,60.0,0.26,0.57,1.38,1.0,0.0,0,1,1
SYN05835,2,10,5,5,50.0,6,3,50.0,1.01,1.13,3.21,3.0,0.0,7,4,1
SYN05836,6,11,7,4,63.64,5,3,60.0,0.95,1.66,2.9,1.0,0.0,2,2,1
SYN05837,5,4,2,2,50.0,3,1,33.33,2.33,3.33,0.0,0.0,0.0,3,0,0
SYN05838,8,6,5,1,83.33,5,5,100.0,0.66,2.02,0.0,2.0,2.0,4,2,1
SYN05839,9,9,5,4,55.56,6,4,66.67,0.33,0.94,0.0,0.5,0.5,3,0,0
SYN05840,3,10,2,8,20.0,7,4,57.14,0.34,1.4,0.0,2.0,2.0,2,2,0
SYN05841,9,11,2,9,18.18,8,4,50.0,3.65,4.01,0.26,1.0,0.74,1,4,0
SYN05842,3,8,1,7,12.5,6,3,50.0,0.35,0.55,2.7,2.0,0.0,3,2,1
SYN05843,1,4,3,1,75.0,2,1,50.0,1.04,1.92,1.36,1.0,0.0,3,3,1
SYN05844,8,10,3,7,30.0,6,5,83.33,1.38,1.69,2.23,1.0,0.0,1,1,1
SYN05845,2,5,3,2,60.0,4,2,50.0,2.18,2.45,2.44,2.0,0.0,6,4,1
SYN05846,3,4,3,1,75.0,3,0,0.0,0.63,1.08,1.52,2.0,0.48,1,2,0
SYN05847,7,9,5,4,55.56,4,3,75.0,4.05,5.0,1.37,2.0,0.63,0,3,0
SYN05848,8,8,6,2,75.0,4,2,50.0,0.29,0.42,2.52,2.0,0.0,2,3,1
SYN05849,7,4,3,1,75.0,2,1,50.0,0.56,1.48,0.0,1.0,1.0,2,3,0
SYN05850,2,5,0,5,0.0,4,4,100.0,1.37,2.31,0.0,2.0,2.0,2,4,0
SYN05851,2,8,4,4,50.0,6,0,0.0,2.58,3.05,1.47,1.0,0.0,7,2,0
SYN05852,5,6,4,2,66.67,4,4,100.0,0.21,1.13,0.78,0.5,0.0,4,0,1
SYN05853,9,9,9,0,100.0,4,4,100.0,1.8,2.25,3.88,2.0,0.0,1,1,0
SYN05854,2,7,7,0,100.0,4,2,50.0,0.38,0.49,1.84,1.0,0.0,4,1,1
SYN05855,6,8,2,6,25.0,6,3,50.0,0.64,2.85,3.37,3.0,0.0,2,2,0
SYN05856,9,7,4,3,57.14,4,3,75.0,0.9,0.97,4.63,5.0,0.37,7,0,0
SYN05857,5,6,1,5,16.67,3,2,66.67,2.98,3.9,2.03,3.0,0.97,7,1,0
SYN05858,3,6,6,0,100.0,3,1,33.33,2.9,3.08,0.66,1.0,0.34,4,3,1
SYN05859,8,9,8,1,88.89,7,1,14.29,0.96,1.29,3.15,2.0,0.0,2,2,0
SYN05860,2,8,6,2,75.0,5,5,100.0,1.05,1.27,1.56,1.0,0.0,1,1,1
SYN05861,4,8,5,3,62.5,4,4,100.0,5.0,5.0,1.12,0.0,0.0,6,2,0
SYN05862,2,8,8,0,100.0,4,3,75.0,1.31,1.61,2.13,2.0,0.0,0,0,1
SYN05863,7,5,5,0,100.0,4,3,75.0,1.22,1.3,0.92,2.0,1.08,2,0,1
SYN05864,9,11,10,1,90.91,6,5,83.33,0.74,1.02,1.39,0.0,0.0,4,3,1
SYN05865,9,8,6,2,75.0,5,4,80.0,0.28,0.88,4.28,3.0,0.0,2,3,1
SYN05866,1,9,5,4,55.56,4,0,0.0,0.35,1.23,3.22,3.0,0.0,5,3,0
SYN05867,9,11,9,2,81.82,6,3,50.0,1.04,1.35,1.67,1.0,0.0,1,1,0
SYN05868,6,11,9,2,81.82,8,4,50.0,0.62,0.93,0.6,0.0,0.0,6,1,1
SYN05869,1,9,5,4,55.56,6,4,66.67,1.06,2.02,2.44,3.0,0.56,0,4,0
SYN05870,2,10,5,5,50.0,6,5,83.33,1.84,4.61,0.0,0.0,0.0,2,3,0
SYN05871,1,7,6,1,85.71,5,1,20.0,0.18,0.38,0.0,0.5,0.5,3,0,0
SYN05872,5,9,9,0,100.0,5,1,20.0,0.19,2.6,0.68,1.0,0.32,7,4,1
SYN05873,7,6,2,4,33.33,4,2,50.0,2.44,3.23,3.24,2.0,0.0,5,2,0
SYN05874,5,9,5,4,55.56,4,3,75.0,0.47,1.82,3.01,2.0,0.0,7,1,1
SYN05875,1,4,3,1,75.0,2,2,100.0,1.84,2.87,2.67,2.0,0.0,4,1,1
SYN05876,3,11,8,3,72.73,8,8,100.0,0.82,1.05,3.15,2.0,0.0,7,2,1
SYN05877,6,5,2,3,40.0,4,2,50.0,1.03,2.9,1.56,2.0,0.44,3,0,0
SYN05878,5,9,9,0,100.0,6,5,83.33,1.32,1.66,0.59,2.0,1.41,0,0,0
SYN05879,8,4,3,1,75.0,3,3,100.0,0.77,1.75,0.31,0.5,0.19,1,2,1
SYN05880,7,5,4,1,80.0,4,3,75.0,0.27,0.55,0.91,1.0,0.09,3,4,1
SYN05881,1,11,11,0,100.0,8,5,62.5,1.09,2.11,1.81,1.0,0.0,5,2,1
SYN05882,7,10,5,5,50.0,5,3,60.0,4.09,4.45,0.61,0.0,0.0,1,4,0
SYN05883,1,5,3,2,60.0,3,1,33.33,1.0,2.11,2.21,1.0,0.0,2,3,0
SYN05884,1,5,1,4,20.0,3,1,33.33,0.09,0.1,0.0,0.5,0.5,5,4,0
SYN05885,5,10,6,4,60.0,6,4,66.67,0.32,0.56,0.0,0.0,0.0,0,0,1
SYN05886,9,11,3,8,27.27,8,5,62.5,1.92,3.03,0.89,1.0,0.11,7,4,1
SYN05887,9,5,4,1,80.0,3,2,66.67,1.6,2.58,1.08,0.5,0.0,7,4,1
SYN05888,7,9,6,3,66.67,4,3,75.0,0.23,0.58,3.01,0.5,0.0,6,4,1
SYN05889,5,6,3,3,50.0,3,2,66.67,1.33,1.5,0.83,2.0,1.17,7,0,1
SYN05890,7,9,5,4,55.56,7,3,42.86,0.34,0.36,1.15,2.0,0.85,1,1,0
SYN05891,9,7,6,1,85.71,3,2,66.67,1.96,2.22,1.49,2.0,0.51,1,2,1
SYN05892,9,5,2,3,40.0,4,4,100.0,0.46,1.55,0.0,0.5,0.5,6,3,1
SYN05893,7,6,4,2,66.67,3,1,33.33,0.82,2.83,0.93,2.0,1.07,1,3,0
SYN05894,2,8,6,2,75.0,4,3,75.0,0.82,3.01,2.06,2.0,0.0,5,4,0
SYN05895,3,10,2,8,20.0,7,4,57.14,1.4,2.44,1.68,0.5,0.0,4,0,1
SYN05896,4,4,3,1,75.0,2,1,50.0,1.93,2.39,0.14,0.0,0.0,2,1,0
SYN05897,3,11,2,9,18.18,8,5,62.5,0.93,1.84,0.0,1.0,1.0,3,0,0
SYN05898,9,9,5,4,55.56,4,1,25.0,0.33,2.78,0.76,1.0,0.24,3,2,0
SYN05899,6,11,3,8,27.27,7,5,71.43,1.0,1.19,0.0,0.5,0.5,7,1,0
SYN05900,4,11,11,0,100.0,7,2,28.57,2.94,4.09,1.68,0.5,0.0,4,3,0
SYN05901,3,5,2,3,40.0,4,4,100.0,4.56,5.0,2.77,1.0,0.0,3,1,0
SYN05902,8,4,1,3,25.0,2,1,50.0,1.05,1.16,0.0,1.0,1.0,5,1,0
SYN05903,3,10,6,4,60.0,5,2,40.0,0.04,0.77,1.27,1.0,0.0,1,1,0
SYN05904,7,5,2,3,40.0,3,3,100.0,0.14,1.09,4.07,5.0,0.93,2,3,1
SYN05905,4,5,1,4,20.0,4,1,25.0,0.29,1.39,0.08,0.0,0.0,4,4,0
SYN05906,1,7,5,2,71.43,5,2,40.0,1.14,1.29,1.9,2.0,0.1,4,0,1
SYN05907,5,11,1,10,9.09,8,1,12.5,0.54,1.37,0.0,1.0,1.0,0,0,0
SYN05908,1,10,3,7,30.0,6,6,100.0,1.86,2.05,3.45,2.0,0.0,2,4,1
SYN05909,9,8,4,4,50.0,5,5,100.0,2.1,2.85,1.82,2.0,0.18,3,4,1
SYN05910,2,5,4,1,80.0,4,1,25.0,1.66,2.26,1.44,2.0,0.56,0,4,0
SYN05911,9,6,6,0,100.0,4,2,50.0,0.15,0.58,2.14,2.0,0.0,4,4,1
SYN05912,6,9,8,1,88.89,6,4,66.67,0.82,1.53,0.96,2.0,1.04,6,1,0
SYN05913,7,5,3,2,60.0,4,2,50.0,1.43,1.53,1.78,2.0,0.22,7,0,1
SYN05914,2,8,0,8,0.0,6,4,66.67,0.31,2.43,0.0,0.0,0.0,5,3,0
SYN05915,3,4,3,1,75.0,2,1,50.0,0.62,0.65,0.0,1.0,1.0,2,3,1
SYN05916,1,6,6,0,100.0,3,2,66.67,0.34,0.58,0.84,2.0,1.16,5,4,1
SYN05917,5,5,5,0,100.0,4,2,50.0,0.1,1.34,0.36,1.0,0.64,5,4,1
SYN05918,3,9,6,3,66.67,6,4,66.67,0.8,1.98,0.0,0.0,0.0,0,4,0
SYN05919,1,11,3,8,27.27,5,2,40.0,0.45,1.28,4.4,5.0,0.6,0,1,1
SYN05920,3,5,2,3,40.0,3,2,66.67,0.59,0.9,4.36,5.0,0.64,7,1,1
SYN05921,6,10,10,0,100.0,7,1,14.29,0.08,1.32,0.93,1.0,0.07,6,2,1
SYN05922,5,9,2,7,22.22,7,4,57.14,0.39,1.26,1.74,1.0,0.0,3,1,0
SYN05923,6,11,3,8,27.27,8,4,50.0,1.07,2.15,3.05,1.0,0.0,2,3,0
SYN05924,8,11,9,2,81.82,5,5,100.0,2.02,5.0,1.51,1.0,0.0,0,4,1
SYN05925,4,4,2,2,50.0,2,1,50.0,1.34,2.16,3.82,5.0,1.18,1,3,0
SYN05926,8,9,3,6,33.33,4,3,75.0,1.1,1.34,1.8,1.0,0.0,0,0,0
SYN05927,2,8,8,0,100.0,6,4,66.67,0.35,1.76,2.68,1.0,0.0,0,4,1
SYN05928,5,4,3,1,75.0,2,0,0.0,0.13,0.76,1.66,3.0,1.34,6,1,1
SYN05929,9,6,3,3,50.0,4,0,0.0,0.45,1.19,0.0,1.0,1.0,6,1,1
SYN05930,1,11,3,8,27.27,7,4,57.14,0.2,0.38,3.29,5.0,1.71,6,2,0
SYN05931,1,8,8,0,100.0,5,4,80.0,1.13,3.6,0.32,1.0,0.68,0,0,0
SYN05932,5,6,4,2,66.67,4,2,50.0,2.86,2.96,0.45,0.0,0.0,2,3,0
SYN05933,7,6,6,0,100.0,4,2,50.0,1.59,1.77,6.78,5.0,0.0,4,3,1
SYN05934,2,10,8,2,80.0,7,4,57.14,0.65,0.75,1.57,0.5,0.0,4,2,1
SYN05935,7,6,3,3,50.0,3,2,66.67,0.43,1.8,2.46,2.0,0.0,2,1,0
SYN05936,1,5,2,3,40.0,3,3,100.0,0.85,3.92,0.05,0.0,0.0,3,1,1
SYN05937,6,8,8,0,100.0,5,4,80.0,0.3,3.28,2.47,2.0,0.0,5,3,1
SYN05938,2,11,11,0,100.0,6,3,50.0,2.83,3.44,1.04,0.5,0.0,6,4,0
SYN05939,2,5,1,4,20.0,4,3,75.0,3.42,3.52,3.56,2.0,0.0,7,2,0
SYN05940,9,6,4,2,66.67,3,2,66.67,1.01,1.2,4.97,5.0,0.03,5,4,1
SYN05941,8,7,4,3,57.14,5,4,80.0,1.1,1.72,0.31,0.0,0.0,2,2,1
SYN05942,4,5,2,3,40.0,2,2,100.0,1.99,2.59,0.51,1.0,0.49,7,0,1
SYN05943,6,9,6,3,66.67,6,4,66.67,0.86,1.11,2.14,2.0,0.0,4,4,1
SYN05944,9,6,2,4,33.33,3,3,100.0,0.21,0.7,4.69,5.0,0.31,6,1,1
SYN05945,7,5,2,3,40.0,3,1,33.33,1.61,2.06,0.0,1.0,1.0,2,3,0
SYN05946,7,6,2,4,33.33,3,1,33.33,0.4,0.99,6.05,5.0,0.0,4,2,0
SYN05947,7,11,5,6,45.45,7,0,0.0,0.75,0.82,4.79,3.0,0.0,4,3,0
SYN05948,5,11,6,5,54.55,5,3,60.0,1.18,2.34,1.96,2.0,0.04,5,3,1
SYN05949,2,8,3,5,37.5,6,5,83.33,0.06,2.9,1.4,1.0,0.0,0,4,0
SYN05950,1,7,7,0,100.0,4,0,0.0,1.78,2.57,2.03,1.0,0.0,4,4,1
SYN05951,5,10,7,3,70.0,8,6,75.0,3.99,5.0,1.83,2.0,0.17,1,1,0
SYN05952,6,5,5,0,100.0,3,2,66.67,0.23,0.28,2.23,2.0,0.0,1,0,1
SYN05953,8,9,5,4,55.56,6,5,83.33,1.25,2.6,0.74,1.0,0.26,6,3,0
SYN05954,1,9,4,5,44.44,7,2,28.57,2.41,2.68,0.34,1.0,0.66,4,1,1
SYN05955,4,9,9,0,100.0,4,3,75.0,0.16,0.49,2.63,2.0,0.0,2,1,1
SYN05956,4,5,2,3,40.0,3,2,66.67,0.04,2.08,1.62,1.0,0.0,5,3,0
SYN05957,7,9,5,4,55.56,5,4,80.0,0.19,1.61,2.11,1.0,0.0,0,2,0
SYN05958,6,8,6,2,75.0,6,4,66.67,2.04,2.77,1.0,1.0,0.0,7,2,1
SYN05959,4,11,3,8,27.27,5,4,80.0,2.06,2.06,0.0,0.5,0.5,2,4,1
SYN05960,7,5,4,1,80.0,3,3,100.0,3.58,4.06,1.33,0.0,0.0,0,3,1
SYN05961,8,8,6,2,75.0,5,3,60.0,0.44,0.78,0.12,1.0,0.88,5,4,1
SYN05962,6,10,9,1,90.0,6,4,66.67,0.68,1.83,1.1,2.0,0.9,6,0,1
SYN05963,8,6,5,1,83.33,3,3,100.0,0.6,1.1,1.36,2.0,0.64,7,2,1
SYN05964,5,9,8,1,88.89,5,3,60.0,0.32,1.06,0.0,0.0,0.0,6,2,1
SYN05965,8,4,2,2,50.0,3,1,33.33,2.72,5.0,0.74,1.0,0.26,6,4,0
SYN05966,7,9,3,6,33.33,4,3,75.0,1.71,2.01,2.74,2.0,0.0,2,4,1
SYN05967,6,8,8,0,100.0,4,4,100.0,1.33,2.2,0.0,0.0,0.0,6,1,1
SYN05968,5,5,1,4,20.0,4,4,100.0,0.7,5.0,6.61,5.0,0.0,0,4,0
SYN05969,5,4,1,3,25.0,3,3,100.0,0.53,1.64,3.53,2.0,0.0,7,3,0
SYN05970,7,9,7,2,77.78,4,0,0.0,0.22,2.18,4.07,3.0,0.0,6,1,0
SYN05971,8,5,5,0,100.0,3,1,33.33,0.62,5.0,0.0,2.0,2.0,5,4,0
SYN05972,7,7,5,2,71.43,3,1,33.33,5.0,5.0,6.72,5.0,0.0,7,0,0
SYN05973,4,4,3,1,75.0,3,2,66.67,0.3,0.48,1.72,2.0,0.28,4,3,0
SYN05974,1,11,1,10,9.09,6,6,100.0,0.14,2.68,3.01,1.0,0.0,2,4,0
SYN05975,9,8,4,4,50.0,5,2,40.0,0.08,0.14,1.28,2.0,0.72,4,3,0
SYN05976,3,11,1,10,9.09,6,6,100.0,0.44,0.46,0.33,0.5,0.17,0,2,0
SYN05977,8,5,4,1,80.0,3,2,66.67,4.56,5.0,1.11,1.0,0.0,7,4,1
SYN05978,1,5,1,4,20.0,2,1,50.0,0.22,0.55,0.0,1.0,1.0,4,0,0
SYN05979,3,8,2,6,25.0,6,5,83.33,0.04,0.3,0.06,2.0,1.94,0,1,0
SYN05980,1,8,6,2,75.0,5,5,100.0,1.51,1.68,0.0,2.0,2.0,4,3,0
SYN05981,4,10,9,1,90.0,6,5,83.33,0.21,1.51,6.54,3.0,0.0,4,3,1
SYN05982,1,11,6,5,54.55,8,3,37.5,1.23,2.28,0.0,0.5,0.5,7,1,1
SYN05983,9,10,7,3,70.0,5,4,80.0,0.43,2.11,3.01,5.0,1.99,6,3,1
SYN05984,4,5,4,1,80.0,2,1,50.0,0.25,0.41,2.69,2.0,0.0,2,3,1
SYN05985,3,6,3,3,50.0,3,1,33.33,1.23,2.41,0.0,1.0,1.0,0,2,0
SYN05986,3,11,4,7,36.36,8,5,62.5,0.26,0.95,0.0,0.0,0.0,3,0,0
SYN05987,1,8,6,2,75.0,3,1,33.33,0.43,0.45,0.0,1.0,1.0,6,4,1
SYN05988,2,10,8,2,80.0,7,7,100.0,2.36,3.54,0.35,0.0,0.0,5,1,1
SYN05989,1,8,7,1,87.5,5,2,40.0,1.86,1.96,0.72,2.0,1.28,6,2,0
SYN05990,1,4,3,1,75.0,2,1,50.0,0.02,1.66,0.77,0.0,0.0,6,2,1
SYN05991,8,7,2,5,28.57,4,2,50.0,0.03,2.02,0.91,1.0,0.09,4,1,0
SYN05992,7,10,8,2,80.0,4,4,100.0,0.21,2.27,2.1,2.0,0.0,6,0,1
SYN05993,4,9,5,4,55.56,4,2,50.0,2.71,4.23,0.46,1.0,0.54,6,4,1
SYN05994,3,5,2,3,40.0,4,4,100.0,1.45,2.04,2.67,3.0,0.33,0,3,1
SYN05995,2,5,3,2,60.0,3,3,100.0,0.34,0.48,0.0,0.5,0.5,1,0,1
SYN05996,4,10,4,6,40.0,6,3,50.0,0.57,2.52,0.04,1.0,0.96,1,2,0
SYN05997,3,11,9,2,81.82,9,6,66.67,1.28,1.4,1.69,3.0,1.31,7,3,1
SYN05998,8,10,2,8,20.0,4,2,50.0,1.22,1.95,2.82,1.0,0.0,6,4,0
SYN05999,6,4,1,3,25.0,2,2,100.0,0.14,2.58,0.52,1.0,0.48,0,4,1
